static const uint8_t quad_image_vs_dx11[781] =
{
	0x56, 0x53, 0x48, 0x0b, 0x00, 0x00, 0x00, 0x00, 0x01, 0x83, 0xf2, 0xe1, 0x01, 0x00, 0x0a, 0x75, // VSH............u
	0x5f, 0x76, 0x69, 0x65, 0x77, 0x50, 0x72, 0x6f, 0x6a, 0x04, 0x00, 0x00, 0x00, 0x04, 0x00, 0x00, // _viewProj.......
	0x00, 0x00, 0x00, 0xdc, 0x02, 0x00, 0x00, 0x44, 0x58, 0x42, 0x43, 0x4f, 0x04, 0x1d, 0x04, 0xa6, // .......DXBCO....
	0x69, 0x70, 0xae, 0x2d, 0x76, 0xac, 0x49, 0xaa, 0x29, 0xcb, 0x67, 0x01, 0x00, 0x00, 0x00, 0xdc, // ip.-v.I.).g.....
	0x02, 0x00, 0x00, 0x03, 0x00, 0x00, 0x00, 0x2c, 0x00, 0x00, 0x00, 0x9c, 0x00, 0x00, 0x00, 0x10, // .......,........
	0x01, 0x00, 0x00, 0x49, 0x53, 0x47, 0x4e, 0x68, 0x00, 0x00, 0x00, 0x03, 0x00, 0x00, 0x00, 0x08, // ...ISGNh........
	0x00, 0x00, 0x00, 0x50, 0x00, 0x00, 0x00, 0x00, 0x00, 0x00, 0x00, 0x00, 0x00, 0x00, 0x00, 0x03, // ...P............
	0x00, 0x00, 0x00, 0x00, 0x00, 0x00, 0x00, 0x0f, 0x0f, 0x00, 0x00, 0x56, 0x00, 0x00, 0x00, 0x00, // ...........V....
	0x00, 0x00, 0x00, 0x00, 0x00, 0x00, 0x00, 0x03, 0x00, 0x00, 0x00, 0x01, 0x00, 0x00, 0x00, 0x03, // ................
	0x03, 0x00, 0x00, 0x5f, 0x00, 0x00, 0x00, 0x00, 0x00, 0x00, 0x00, 0x00, 0x00, 0x00, 0x00, 0x03, // ..._............
	0x00, 0x00, 0x00, 0x02, 0x00, 0x00, 0x00, 0x03, 0x03, 0x00, 0x00, 0x43, 0x4f, 0x4c, 0x4f, 0x52, // ...........COLOR
	0x00, 0x50, 0x4f, 0x53, 0x49, 0x54, 0x49, 0x4f, 0x4e, 0x00, 0x54, 0x45, 0x58, 0x43, 0x4f, 0x4f, // .POSITION.TEXCOO
	0x52, 0x44, 0x00, 0x4f, 0x53, 0x47, 0x4e, 0x6c, 0x00, 0x00, 0x00, 0x03, 0x00, 0x00, 0x00, 0x08, // RD.OSGNl........
	0x00, 0x00, 0x00, 0x50, 0x00, 0x00, 0x00, 0x00, 0x00, 0x00, 0x00, 0x01, 0x00, 0x00, 0x00, 0x03, // ...P............
	0x00, 0x00, 0x00, 0x00, 0x00, 0x00, 0x00, 0x0f, 0x00, 0x00, 0x00, 0x5c, 0x00, 0x00, 0x00, 0x00, // ................
	0x00, 0x00, 0x00, 0x00, 0x00, 0x00, 0x00, 0x03, 0x00, 0x00, 0x00, 0x01, 0x00, 0x00, 0x00, 0x0f, // ................
	0x00, 0x00, 0x00, 0x62, 0x00, 0x00, 0x00, 0x00, 0x00, 0x00, 0x00, 0x00, 0x00, 0x00, 0x00, 0x03, // ...b............
	0x00, 0x00, 0x00, 0x02, 0x00, 0x00, 0x00, 0x03, 0x0c, 0x00, 0x00, 0x53, 0x56, 0x5f, 0x50, 0x4f, // ...........SV_PO
	0x53, 0x49, 0x54, 0x49, 0x4f, 0x4e, 0x00, 0x43, 0x4f, 0x4c, 0x4f, 0x52, 0x00, 0x54, 0x45, 0x58, // SITION.COLOR.TEX
	0x43, 0x4f, 0x4f, 0x52, 0x44, 0x00, 0xab, 0x53, 0x48, 0x45, 0x58, 0xc4, 0x01, 0x00, 0x00, 0x50, // COORD..SHEX....P
	0x00, 0x01, 0x00, 0x71, 0x00, 0x00, 0x00, 0x6a, 0x88, 0x00, 0x01, 0x59, 0x00, 0x00, 0x04, 0x46, // ...q...j...Y...F
	0x8e, 0x20, 0x00, 0x00, 0x00, 0x00, 0x00, 0x04, 0x00, 0x00, 0x00, 0x5f, 0x00, 0x00, 0x03, 0xf2, // . ........._....
	0x10, 0x10, 0x00, 0x00, 0x00, 0x00, 0x00, 0x5f, 0x00, 0x00, 0x03, 0x32, 0x10, 0x10, 0x00, 0x01, // ......._...2....
	0x00, 0x00, 0x00, 0x5f, 0x00, 0x00, 0x03, 0x32, 0x10, 0x10, 0x00, 0x02, 0x00, 0x00, 0x00, 0x67, // ..._...2.......g
	0x00, 0x00, 0x04, 0xf2, 0x20, 0x10, 0x00, 0x00, 0x00, 0x00, 0x00, 0x01, 0x00, 0x00, 0x00, 0x65, // .... ..........e
	0x00, 0x00, 0x03, 0xf2, 0x20, 0x10, 0x00, 0x01, 0x00, 0x00, 0x00, 0x65, 0x00, 0x00, 0x03, 0x32, // .... ......e...2
	0x20, 0x10, 0x00, 0x02, 0x00, 0x00, 0x00, 0x68, 0x00, 0x00, 0x02, 0x03, 0x00, 0x00, 0x00, 0x38, //  ......h.......8
	0x00, 0x00, 0x08, 0xf2, 0x00, 0x10, 0x00, 0x00, 0x00, 0x00, 0x00, 0x06, 0x10, 0x10, 0x00, 0x01, // ................
	0x00, 0x00, 0x00, 0x46, 0x8e, 0x20, 0x00, 0x00, 0x00, 0x00, 0x00, 0x00, 0x00, 0x00, 0x00, 0x38, // ...F. .........8
	0x00, 0x00, 0x08, 0xf2, 0x00, 0x10, 0x00, 0x01, 0x00, 0x00, 0x00, 0x56, 0x15, 0x10, 0x00, 0x01, // ...........V....
	0x00, 0x00, 0x00, 0x46, 0x8e, 0x20, 0x00, 0x00, 0x00, 0x00, 0x00, 0x01, 0x00, 0x00, 0x00, 0x00, // ...F. ..........
	0x00, 0x00, 0x07, 0xf2, 0x00, 0x10, 0x00, 0x00, 0x00, 0x00, 0x00, 0x46, 0x0e, 0x10, 0x00, 0x00, // ...........F....
	0x00, 0x00, 0x00, 0x46, 0x0e, 0x10, 0x00, 0x01, 0x00, 0x00, 0x00, 0x38, 0x00, 0x00, 0x0b, 0xf2, // ...F.......8....
	0x00, 0x10, 0x00, 0x01, 0x00, 0x00, 0x00, 0x46, 0x8e, 0x20, 0x00, 0x00, 0x00, 0x00, 0x00, 0x02, // .......F. ......
	0x00, 0x00, 0x00, 0x02, 0x40, 0x00, 0x00, 0x00, 0x00, 0x00, 0x00, 0x00, 0x00, 0x00, 0x00, 0x00, // ....@...........
	0x00, 0x00, 0x00, 0x00, 0x00, 0x00, 0x00, 0x00, 0x00, 0x00, 0x07, 0xf2, 0x00, 0x10, 0x00, 0x00, // ................
	0x00, 0x00, 0x00, 0x46, 0x0e, 0x10, 0x00, 0x00, 0x00, 0x00, 0x00, 0x46, 0x0e, 0x10, 0x00, 0x01, // ...F.......F....
	0x00, 0x00, 0x00, 0x38, 0x00, 0x00, 0x0b, 0xf2, 0x00, 0x10, 0x00, 0x01, 0x00, 0x00, 0x00, 0x46, // ...8...........F
	0x8e, 0x20, 0x00, 0x00, 0x00, 0x00, 0x00, 0x03, 0x00, 0x00, 0x00, 0x02, 0x40, 0x00, 0x00, 0x00, // . ..........@...
	0x00, 0x80, 0x3f, 0x00, 0x00, 0x80, 0x3f, 0x00, 0x00, 0x80, 0x3f, 0x00, 0x00, 0x80, 0x3f, 0x00, // ..?...?...?...?.
	0x00, 0x00, 0x07, 0xf2, 0x00, 0x10, 0x00, 0x00, 0x00, 0x00, 0x00, 0x46, 0x0e, 0x10, 0x00, 0x00, // ...........F....
	0x00, 0x00, 0x00, 0x46, 0x0e, 0x10, 0x00, 0x01, 0x00, 0x00, 0x00, 0x36, 0x00, 0x00, 0x05, 0x32, // ...F.......6...2
	0x00, 0x10, 0x00, 0x01, 0x00, 0x00, 0x00, 0x46, 0x10, 0x10, 0x00, 0x02, 0x00, 0x00, 0x00, 0x36, // .......F.......6
	0x00, 0x00, 0x05, 0xf2, 0x00, 0x10, 0x00, 0x02, 0x00, 0x00, 0x00, 0x46, 0x1e, 0x10, 0x00, 0x00, // ...........F....
	0x00, 0x00, 0x00, 0x36, 0x00, 0x00, 0x05, 0xf2, 0x20, 0x10, 0x00, 0x00, 0x00, 0x00, 0x00, 0x46, // ...6.... ......F
	0x0e, 0x10, 0x00, 0x00, 0x00, 0x00, 0x00, 0x36, 0x00, 0x00, 0x05, 0xf2, 0x20, 0x10, 0x00, 0x01, // .......6.... ...
	0x00, 0x00, 0x00, 0x46, 0x0e, 0x10, 0x00, 0x02, 0x00, 0x00, 0x00, 0x36, 0x00, 0x00, 0x05, 0x32, // ...F.......6...2
	0x20, 0x10, 0x00, 0x02, 0x00, 0x00, 0x00, 0x46, 0x00, 0x10, 0x00, 0x01, 0x00, 0x00, 0x00, 0x3e, //  ......F.......>
	0x00, 0x00, 0x01, 0x00, 0x03, 0x05, 0x00, 0x01, 0x00, 0x10, 0x00, 0x40, 0x00,                   // ...........@.
};

static const uint8_t quad_image_vs_dxil[2925] =
{
	0x56, 0x53, 0x48, 0x0b, 0x00, 0x00, 0x00, 0x00, 0x01, 0x83, 0xf2, 0xe1, 0x01, 0x00, 0x0a, 0x75, // VSH............u
	0x5f, 0x76, 0x69, 0x65, 0x77, 0x50, 0x72, 0x6f, 0x6a, 0x04, 0x00, 0x00, 0x00, 0x04, 0x00, 0x00, // _viewProj.......
	0x00, 0x00, 0x00, 0x3c, 0x0b, 0x00, 0x00, 0x44, 0x58, 0x42, 0x43, 0x5a, 0xb2, 0x1b, 0xac, 0x6d, // ...<...DXBCZ...m
	0x55, 0xc4, 0xc7, 0x80, 0x8d, 0xc0, 0x72, 0x79, 0x53, 0xb7, 0xaf, 0x01, 0x00, 0x00, 0x00, 0x3c, // U.....ryS......<
	0x0b, 0x00, 0x00, 0x07, 0x00, 0x00, 0x00, 0x3c, 0x00, 0x00, 0x00, 0x4c, 0x00, 0x00, 0x00, 0xd4, // .......<...L....
	0x00, 0x00, 0x00, 0x60, 0x01, 0x00, 0x00, 0x90, 0x02, 0x00, 0x00, 0xc4, 0x02, 0x00, 0x00, 0xe0, // ...`............
	0x02, 0x00, 0x00, 0x53, 0x46, 0x49, 0x30, 0x08, 0x00, 0x00, 0x00, 0x00, 0x00, 0x00, 0x00, 0x00, // ...SFI0.........
	0x00, 0x00, 0x00, 0x49, 0x53, 0x47, 0x31, 0x80, 0x00, 0x00, 0x00, 0x03, 0x00, 0x00, 0x00, 0x08, // ...ISG1.........
	0x00, 0x00, 0x00, 0x00, 0x00, 0x00, 0x00, 0x68, 0x00, 0x00, 0x00, 0x00, 0x00, 0x00, 0x00, 0x00, // .......h........
	0x00, 0x00, 0x00, 0x03, 0x00, 0x00, 0x00, 0x00, 0x00, 0x00, 0x00, 0x0f, 0x0f, 0x00, 0x00, 0x00, // ................
	0x00, 0x00, 0x00, 0x00, 0x00, 0x00, 0x00, 0x6e, 0x00, 0x00, 0x00, 0x00, 0x00, 0x00, 0x00, 0x00, // .......n........
	0x00, 0x00, 0x00, 0x03, 0x00, 0x00, 0x00, 0x01, 0x00, 0x00, 0x00, 0x03, 0x03, 0x00, 0x00, 0x00, // ................
	0x00, 0x00, 0x00, 0x00, 0x00, 0x00, 0x00, 0x77, 0x00, 0x00, 0x00, 0x00, 0x00, 0x00, 0x00, 0x00, // .......w........
	0x00, 0x00, 0x00, 0x03, 0x00, 0x00, 0x00, 0x02, 0x00, 0x00, 0x00, 0x03, 0x03, 0x00, 0x00, 0x00, // ................
	0x00, 0x00, 0x00, 0x43, 0x4f, 0x4c, 0x4f, 0x52, 0x00, 0x50, 0x4f, 0x53, 0x49, 0x54, 0x49, 0x4f, // ...COLOR.POSITIO
	0x4e, 0x00, 0x54, 0x45, 0x58, 0x43, 0x4f, 0x4f, 0x52, 0x44, 0x00, 0x4f, 0x53, 0x47, 0x31, 0x84, // N.TEXCOORD.OSG1.
	0x00, 0x00, 0x00, 0x03, 0x00, 0x00, 0x00, 0x08, 0x00, 0x00, 0x00, 0x00, 0x00, 0x00, 0x00, 0x68, // ...............h
	0x00, 0x00, 0x00, 0x00, 0x00, 0x00, 0x00, 0x01, 0x00, 0x00, 0x00, 0x03, 0x00, 0x00, 0x00, 0x00, // ................
	0x00, 0x00, 0x00, 0x0f, 0x00, 0x00, 0x00, 0x00, 0x00, 0x00, 0x00, 0x00, 0x00, 0x00, 0x00, 0x74, // ...............t
	0x00, 0x00, 0x00, 0x00, 0x00, 0x00, 0x00, 0x00, 0x00, 0x00, 0x00, 0x03, 0x00, 0x00, 0x00, 0x01, // ................
	0x00, 0x00, 0x00, 0x0f, 0x00, 0x00, 0x00, 0x00, 0x00, 0x00, 0x00, 0x00, 0x00, 0x00, 0x00, 0x7a, // ...............z
	0x00, 0x00, 0x00, 0x00, 0x00, 0x00, 0x00, 0x00, 0x00, 0x00, 0x00, 0x03, 0x00, 0x00, 0x00, 0x02, // ................
	0x00, 0x00, 0x00, 0x03, 0x0c, 0x00, 0x00, 0x00, 0x00, 0x00, 0x00, 0x53, 0x56, 0x5f, 0x50, 0x6f, // ...........SV_Po
	0x73, 0x69, 0x74, 0x69, 0x6f, 0x6e, 0x00, 0x43, 0x4f, 0x4c, 0x4f, 0x52, 0x00, 0x54, 0x45, 0x58, // sition.COLOR.TEX
	0x43, 0x4f, 0x4f, 0x52, 0x44, 0x00, 0x00, 0x50, 0x53, 0x56, 0x30, 0x28, 0x01, 0x00, 0x00, 0x34, // COORD..PSV0(...4
	0x00, 0x00, 0x00, 0x01, 0x00, 0x00, 0x00, 0x00, 0x00, 0x00, 0x00, 0x00, 0x00, 0x00, 0x00, 0x00, // ................
	0x00, 0x00, 0x00, 0x00, 0x00, 0x00, 0x00, 0xff, 0xff, 0xff, 0xff, 0x01, 0x00, 0x00, 0x00, 0x03, // ................
	0x03, 0x00, 0x03, 0x03, 0x00, 0x00, 0x00, 0x00, 0x00, 0x00, 0x00, 0x00, 0x00, 0x00, 0x00, 0x00, // ................
	0x00, 0x00, 0x00, 0x28, 0x00, 0x00, 0x00, 0x01, 0x00, 0x00, 0x00, 0x18, 0x00, 0x00, 0x00, 0x02, // ...(............
	0x00, 0x00, 0x00, 0x00, 0x00, 0x00, 0x00, 0x00, 0x00, 0x00, 0x00, 0x00, 0x00, 0x00, 0x00, 0x0d, // ................
	0x00, 0x00, 0x00, 0x00, 0x00, 0x00, 0x00, 0x30, 0x00, 0x00, 0x00, 0x00, 0x43, 0x4f, 0x4c, 0x4f, // .......0....COLO
	0x52, 0x00, 0x50, 0x4f, 0x53, 0x49, 0x54, 0x49, 0x4f, 0x4e, 0x00, 0x54, 0x45, 0x58, 0x43, 0x4f, // R.POSITION.TEXCO
	0x4f, 0x52, 0x44, 0x00, 0x43, 0x4f, 0x4c, 0x4f, 0x52, 0x00, 0x54, 0x45, 0x58, 0x43, 0x4f, 0x4f, // ORD.COLOR.TEXCOO
	0x52, 0x44, 0x00, 0x6d, 0x61, 0x69, 0x6e, 0x00, 0x00, 0x00, 0x00, 0x01, 0x00, 0x00, 0x00, 0x00, // RD.main.........
	0x00, 0x00, 0x00, 0x10, 0x00, 0x00, 0x00, 0x01, 0x00, 0x00, 0x00, 0x00, 0x00, 0x00, 0x00, 0x01, // ................
	0x00, 0x44, 0x00, 0x03, 0x00, 0x00, 0x00, 0x07, 0x00, 0x00, 0x00, 0x00, 0x00, 0x00, 0x00, 0x01, // .D..............
	0x01, 0x42, 0x00, 0x03, 0x00, 0x00, 0x00, 0x10, 0x00, 0x00, 0x00, 0x00, 0x00, 0x00, 0x00, 0x01, // .B..............
	0x02, 0x42, 0x00, 0x03, 0x00, 0x00, 0x00, 0x00, 0x00, 0x00, 0x00, 0x00, 0x00, 0x00, 0x00, 0x01, // .B..............
	0x00, 0x44, 0x03, 0x03, 0x04, 0x00, 0x00, 0x19, 0x00, 0x00, 0x00, 0x00, 0x00, 0x00, 0x00, 0x01, // .D..............
	0x01, 0x44, 0x00, 0x03, 0x02, 0x00, 0x00, 0x1f, 0x00, 0x00, 0x00, 0x00, 0x00, 0x00, 0x00, 0x01, // .D..............
	0x02, 0x42, 0x00, 0x03, 0x02, 0x00, 0x00, 0x10, 0x00, 0x00, 0x00, 0x20, 0x00, 0x00, 0x00, 0x40, // .B......... ...@
	0x00, 0x00, 0x00, 0x80, 0x00, 0x00, 0x00, 0x0f, 0x00, 0x00, 0x00, 0x0f, 0x00, 0x00, 0x00, 0x00, // ................
	0x00, 0x00, 0x00, 0x00, 0x00, 0x00, 0x00, 0x00, 0x01, 0x00, 0x00, 0x00, 0x02, 0x00, 0x00, 0x00, // ................
	0x00, 0x00, 0x00, 0x00, 0x00, 0x00, 0x00, 0x49, 0x4c, 0x44, 0x4e, 0x2c, 0x00, 0x00, 0x00, 0x00, // .......ILDN,....
	0x00, 0x24, 0x00, 0x62, 0x61, 0x37, 0x37, 0x35, 0x64, 0x64, 0x37, 0x61, 0x64, 0x36, 0x33, 0x66, // .$.ba775dd7ad63f
	0x66, 0x35, 0x36, 0x31, 0x62, 0x36, 0x36, 0x61, 0x34, 0x35, 0x39, 0x32, 0x62, 0x30, 0x31, 0x34, // f561b66a4592b014
	0x36, 0x65, 0x30, 0x2e, 0x70, 0x64, 0x62, 0x00, 0x00, 0x00, 0x00, 0x48, 0x41, 0x53, 0x48, 0x14, // 6e0.pdb....HASH.
	0x00, 0x00, 0x00, 0x00, 0x00, 0x00, 0x00, 0xba, 0x77, 0x5d, 0xd7, 0xad, 0x63, 0xff, 0x56, 0x1b, // ........w]..c.V.
	0x66, 0xa4, 0x59, 0x2b, 0x01, 0x46, 0xe0, 0x44, 0x58, 0x49, 0x4c, 0x54, 0x08, 0x00, 0x00, 0x60, // f.Y+.F.DXILT...`
	0x00, 0x01, 0x00, 0x15, 0x02, 0x00, 0x00, 0x44, 0x58, 0x49, 0x4c, 0x00, 0x01, 0x00, 0x00, 0x10, // .......DXIL.....
	0x00, 0x00, 0x00, 0x3c, 0x08, 0x00, 0x00, 0x42, 0x43, 0xc0, 0xde, 0x21, 0x0c, 0x00, 0x00, 0x0c, // ...<...BC..!....
	0x02, 0x00, 0x00, 0x0b, 0x82, 0x20, 0x00, 0x02, 0x00, 0x00, 0x00, 0x13, 0x00, 0x00, 0x00, 0x07, // ..... ..........
	0x81, 0x23, 0x91, 0x41, 0xc8, 0x04, 0x49, 0x06, 0x10, 0x32, 0x39, 0x92, 0x01, 0x84, 0x0c, 0x25, // .#.A..I..29....%
	0x05, 0x08, 0x19, 0x1e, 0x04, 0x8b, 0x62, 0x80, 0x14, 0x45, 0x02, 0x42, 0x92, 0x0b, 0x42, 0xa4, // ......b..E.B..B.
	0x10, 0x32, 0x14, 0x38, 0x08, 0x18, 0x4b, 0x0a, 0x32, 0x52, 0x88, 0x48, 0x90, 0x14, 0x20, 0x43, // .2.8..K.2R.H.. C
	0x46, 0x88, 0xa5, 0x00, 0x19, 0x32, 0x42, 0xe4, 0x48, 0x0e, 0x90, 0x91, 0x22, 0xc4, 0x50, 0x41, // F....2B.H...".PA
	0x51, 0x81, 0x8c, 0xe1, 0x83, 0xe5, 0x8a, 0x04, 0x29, 0x46, 0x06, 0x51, 0x18, 0x00, 0x00, 0x08, // Q.......)F.Q....
	0x00, 0x00, 0x00, 0x1b, 0x8c, 0xe0, 0xff, 0xff, 0xff, 0xff, 0x07, 0x40, 0x02, 0xa8, 0x0d, 0x84, // ...........@....
	0xf0, 0xff, 0xff, 0xff, 0xff, 0x03, 0x20, 0x6d, 0x30, 0x86, 0xff, 0xff, 0xff, 0xff, 0x1f, 0x00, // ...... m0.......
	0x09, 0xa8, 0x00, 0x49, 0x18, 0x00, 0x00, 0x03, 0x00, 0x00, 0x00, 0x13, 0x82, 0x60, 0x42, 0x20, // ...I.........`B 
	0x4c, 0x08, 0x06, 0x00, 0x00, 0x00, 0x00, 0x89, 0x20, 0x00, 0x00, 0x29, 0x00, 0x00, 0x00, 0x32, // L....... ..)...2
	0x22, 0x48, 0x09, 0x20, 0x64, 0x85, 0x04, 0x93, 0x22, 0xa4, 0x84, 0x04, 0x93, 0x22, 0xe3, 0x84, // "H. d..."...."..
	0xa1, 0x90, 0x14, 0x12, 0x4c, 0x8a, 0x8c, 0x0b, 0x84, 0xa4, 0x4c, 0x10, 0x78, 0x73, 0x04, 0x60, // ....L.....L.xs.`
	0x90, 0x01, 0x80, 0xc2, 0x08, 0x40, 0x09, 0x06, 0x91, 0x19, 0x80, 0x39, 0x02, 0xa4, 0x18, 0x06, // .....@.....9....
	0x00, 0x70, 0x00, 0xa1, 0x62, 0x0c, 0x00, 0xc0, 0x31, 0xa4, 0x8e, 0x1a, 0x2e, 0x7f, 0xc2, 0x1e, // .p..b...1.......
	0x42, 0xf2, 0xb9, 0x8d, 0x2a, 0x56, 0x62, 0xf2, 0x8b, 0xdb, 0x46, 0x84, 0x31, 0xc6, 0xd0, 0xb9, // B...*Vb...F.1...
	0x67, 0xb8, 0xfc, 0x09, 0x7b, 0x08, 0xc9, 0x0f, 0x81, 0x66, 0x58, 0x08, 0x14, 0xb4, 0x42, 0x30, // g...{....fX...B0
	0xe0, 0x00, 0xbd, 0x52, 0x18, 0x60, 0x8c, 0xa1, 0x38, 0x47, 0x10, 0x14, 0xc3, 0x81, 0x03, 0xc0, // ...R.`..8G......
	0x24, 0x3a, 0x10, 0x30, 0x8c, 0x40, 0x18, 0x49, 0x70, 0x67, 0x9a, 0xd0, 0xe1, 0x1d, 0xe6, 0x81, // $:.0.@.Ipg......
	0x1e, 0xd8, 0x21, 0x1c, 0xf2, 0xe1, 0x1d, 0xea, 0x81, 0x1e, 0xdc, 0x80, 0x0c, 0x4e, 0x81, 0x1d, // ..!..........N..
	0xde, 0x41, 0x1c, 0xc2, 0x81, 0x1d, 0xe6, 0x01, 0x05, 0x98, 0x72, 0x32, 0x80, 0x39, 0x02, 0x50, // .A........r2.9.P
	0x20, 0x00, 0x00, 0x13, 0x14, 0x72, 0xc0, 0x87, 0x74, 0x60, 0x87, 0x36, 0x68, 0x87, 0x79, 0x68, //  ....r..t`.6h.yh
	0x03, 0x72, 0xc0, 0x87, 0x0d, 0xaf, 0x50, 0x0e, 0x6d, 0xd0, 0x0e, 0x7a, 0x50, 0x0e, 0x6d, 0x00, // .r....P.m..zP.m.
	0x0f, 0x7a, 0x30, 0x07, 0x72, 0xa0, 0x07, 0x73, 0x20, 0x07, 0x6d, 0x90, 0x0e, 0x71, 0xa0, 0x07, // .z0.r..s .m..q..
	0x73, 0x20, 0x07, 0x6d, 0x90, 0x0e, 0x78, 0xa0, 0x07, 0x73, 0x20, 0x07, 0x6d, 0x90, 0x0e, 0x71, // s .m..x..s .m..q
	0x60, 0x07, 0x7a, 0x30, 0x07, 0x72, 0xd0, 0x06, 0xe9, 0x30, 0x07, 0x72, 0xa0, 0x07, 0x73, 0x20, // `.z0.r...0.r..s 
	0x07, 0x6d, 0x90, 0x0e, 0x76, 0x40, 0x07, 0x7a, 0x60, 0x07, 0x74, 0xd0, 0x06, 0xe6, 0x10, 0x07, // .m..v@.z`.t.....
	0x76, 0xa0, 0x07, 0x73, 0x20, 0x07, 0x6d, 0x60, 0x0e, 0x73, 0x20, 0x07, 0x7a, 0x30, 0x07, 0x72, // v..s .m`.s .z0.r
	0xd0, 0x06, 0xe6, 0x60, 0x07, 0x74, 0xa0, 0x07, 0x76, 0x40, 0x07, 0x6d, 0xe0, 0x0e, 0x78, 0xa0, // ...`.t..v@.m..x.
	0x07, 0x71, 0x60, 0x07, 0x7a, 0x30, 0x07, 0x72, 0xa0, 0x07, 0x76, 0x40, 0x07, 0x3a, 0x0f, 0x24, // .q`.z0.r..v@.:.$
	0x90, 0x21, 0x23, 0x25, 0x40, 0x00, 0x1e, 0xb0, 0x31, 0xe4, 0x21, 0x00, 0x00, 0x00, 0x00, 0x00, // .!#%@...1.!.....
	0x00, 0x00, 0x00, 0x00, 0x00, 0x60, 0xc8, 0x83, 0x00, 0x01, 0x10, 0x00, 0x00, 0x00, 0x00, 0x00, // .....`..........
	0x00, 0x00, 0xc0, 0x90, 0x47, 0x01, 0x02, 0x40, 0x00, 0x00, 0x00, 0x00, 0x00, 0x00, 0x00, 0x80, // ....G..@........
	0x21, 0xcf, 0x03, 0x04, 0xc0, 0x00, 0x00, 0x00, 0x00, 0x00, 0x00, 0x00, 0x00, 0x43, 0x9e, 0x08, // !............C..
	0x08, 0x80, 0x00, 0x00, 0x00, 0x00, 0x00, 0x00, 0x00, 0x00, 0x86, 0x3c, 0x14, 0x10, 0x00, 0x03, // ...........<....
	0x00, 0x00, 0x00, 0x00, 0x00, 0x00, 0x00, 0x64, 0x81, 0x00, 0x00, 0x10, 0x00, 0x00, 0x00, 0x32, // .......d.......2
	0x1e, 0x98, 0x14, 0x19, 0x11, 0x4c, 0x90, 0x8c, 0x09, 0x26, 0x47, 0xc6, 0x04, 0x43, 0x02, 0x25, // .....L...&G..C.%
	0x30, 0x02, 0x50, 0x12, 0xc5, 0x50, 0x80, 0x01, 0x65, 0x50, 0x1e, 0x45, 0x40, 0xbc, 0x04, 0xe8, // 0.P..P..eP.E@...
	0x94, 0xc4, 0x08, 0x40, 0x21, 0x14, 0x41, 0x19, 0x90, 0x9e, 0x01, 0xa0, 0x3d, 0x16, 0xa3, 0x28, // ...@!.A.....=..(
	0x10, 0x18, 0x80, 0x02, 0x48, 0x3c, 0x0f, 0x00, 0x80, 0x08, 0x08, 0x51, 0x18, 0x01, 0x00, 0x79, // ....H<.....Q...y
	0x18, 0x00, 0x00, 0x64, 0x00, 0x00, 0x00, 0x1a, 0x03, 0x4c, 0x90, 0x46, 0x02, 0x13, 0xc4, 0x31, // ...d.....L.F...1
	0x20, 0xc3, 0x1b, 0x43, 0x81, 0x93, 0x4b, 0xb3, 0x0b, 0xa3, 0x2b, 0x4b, 0x01, 0x89, 0x71, 0xc1, //  ..C..K...+K..q.
	0x71, 0x81, 0x71, 0xa1, 0xc1, 0x81, 0xb1, 0x01, 0x41, 0xb9, 0xa9, 0x09, 0x83, 0x91, 0xc9, 0x21, // q.q.....A......!
	0xcb, 0xa9, 0x49, 0xd9, 0x10, 0x04, 0x13, 0x04, 0xe0, 0x98, 0x20, 0x00, 0xc8, 0x06, 0x61, 0x20, // ..I....... ...a 
	0x26, 0x08, 0x40, 0xb2, 0x41, 0x18, 0x0c, 0x0a, 0x76, 0x73, 0x13, 0x04, 0x40, 0xd9, 0x30, 0x20, // &.@.A...vs..@.0 
	0x09, 0x31, 0x41, 0xd0, 0x2a, 0x02, 0x13, 0x04, 0x60, 0xd9, 0x80, 0x10, 0x0b, 0x43, 0x10, 0x43, // .1A.*...`....C.C
	0x03, 0x6c, 0x08, 0x9c, 0x0d, 0x04, 0x00, 0x3c, 0xc0, 0x04, 0x61, 0xb3, 0x36, 0x04, 0xd1, 0x04, // .l.....<..a.6...
	0xa1, 0x08, 0x48, 0xb4, 0x85, 0xa5, 0xb9, 0xb1, 0x18, 0x7a, 0x62, 0x7a, 0x92, 0x9a, 0x20, 0x1c, // ..H......zbz.. .
	0xd0, 0x04, 0xe1, 0x88, 0x36, 0x04, 0xc4, 0x04, 0xe1, 0x90, 0x26, 0x08, 0x00, 0x33, 0x41, 0x00, // ....6.....&..3A.
	0x9a, 0x0d, 0x82, 0xb6, 0x6d, 0x58, 0x88, 0xca, 0xba, 0xb0, 0x6b, 0xc8, 0x88, 0x8b, 0x23, 0x02, // ....mX....k...#.
	0xf5, 0x34, 0x95, 0x44, 0x95, 0xf4, 0xe4, 0x34, 0x41, 0x38, 0xa6, 0x0d, 0x82, 0xa6, 0x6d, 0x58, // .4.D...4A8....mX
	0x06, 0xcf, 0xba, 0xb0, 0x6b, 0xf8, 0x86, 0x0b, 0x0c, 0x26, 0x08, 0x80, 0x43, 0x84, 0xaa, 0x08, // ....k....&..C...
	0x6b, 0xe8, 0xe9, 0x49, 0x8a, 0x68, 0xc3, 0x22, 0x06, 0x63, 0x60, 0x5d, 0xd8, 0x35, 0x7c, 0x62, // k..I.h.".c`].5|b
	0x70, 0x81, 0xc1, 0x86, 0xa1, 0x0b, 0x03, 0x32, 0xe0, 0x32, 0x65, 0xf5, 0x05, 0xf5, 0x36, 0x97, // p......2.2e...6.
	0x46, 0x97, 0xf6, 0xe6, 0x36, 0x41, 0x38, 0xa8, 0x0d, 0x0b, 0x61, 0x06, 0xd6, 0x19, 0x60, 0xd9, // F...6A8...a...`.
	0x90, 0x11, 0x17, 0xb7, 0x61, 0x19, 0x2a, 0xeb, 0xc2, 0xbe, 0x21, 0x1b, 0x2e, 0x6e, 0xc3, 0x22, // ....a.*...!..n."
	0x06, 0x63, 0x60, 0x5d, 0xd8, 0x37, 0x7c, 0x62, 0x70, 0x81, 0xc1, 0x86, 0x01, 0x0d, 0xd2, 0x40, // .c`].7|bp......@
	0x0d, 0x36, 0x0c, 0x65, 0xb0, 0x06, 0xc0, 0x04, 0x81, 0x7b, 0x36, 0x08, 0x44, 0x1b, 0x6c, 0x28, // .6.e.....{6.D.l(
	0x26, 0x8a, 0x0d, 0x20, 0x37, 0xa8, 0xc2, 0xc6, 0x66, 0xd7, 0xe6, 0x92, 0x46, 0x56, 0xe6, 0x46, // &.. 7...f...FV.F
	0x37, 0x25, 0x08, 0xaa, 0x90, 0xe1, 0xb9, 0xd8, 0x95, 0xc9, 0xcd, 0xa5, 0xbd, 0xb9, 0x4d, 0x09, // 7%............M.
	0x88, 0x26, 0x64, 0x78, 0x2e, 0x76, 0x61, 0x6c, 0x76, 0x65, 0x72, 0x53, 0x02, 0xa3, 0x0e, 0x19, // .&dx.valverS....
	0x9e, 0xcb, 0x1c, 0x5a, 0x18, 0x59, 0x99, 0x5c, 0xd3, 0x1b, 0x59, 0x19, 0xdb, 0x94, 0x20, 0x29, // ...Z.Y....Y... )
	0x43, 0x86, 0xe7, 0x22, 0x57, 0x36, 0xf7, 0x56, 0x27, 0x37, 0x56, 0x36, 0x37, 0x25, 0x78, 0xea, // C.."W6.V'7V67%x.
	0x90, 0xe1, 0xb9, 0xd8, 0xa5, 0x95, 0xdd, 0x25, 0x91, 0x4d, 0xd1, 0x85, 0xd1, 0x95, 0x4d, 0x09, // .......%.M....M.
	0xa2, 0x3a, 0x64, 0x78, 0x2e, 0x65, 0x6e, 0x74, 0x72, 0x79, 0x50, 0x6f, 0x69, 0x6e, 0x74, 0x73, // .:dx.entryPoints
	0x53, 0x02, 0x37, 0x00, 0x00, 0x00, 0x00, 0x79, 0x18, 0x00, 0x00, 0x4c, 0x00, 0x00, 0x00, 0x33, // S.7....y...L...3
	0x08, 0x80, 0x1c, 0xc4, 0xe1, 0x1c, 0x66, 0x14, 0x01, 0x3d, 0x88, 0x43, 0x38, 0x84, 0xc3, 0x8c, // ......f..=.C8...
	0x42, 0x80, 0x07, 0x79, 0x78, 0x07, 0x73, 0x98, 0x71, 0x0c, 0xe6, 0x00, 0x0f, 0xed, 0x10, 0x0e, // B..yx.s.q.......
	0xf4, 0x80, 0x0e, 0x33, 0x0c, 0x42, 0x1e, 0xc2, 0xc1, 0x1d, 0xce, 0xa1, 0x1c, 0x66, 0x30, 0x05, // ...3.B.......f0.
	0x3d, 0x88, 0x43, 0x38, 0x84, 0x83, 0x1b, 0xcc, 0x03, 0x3d, 0xc8, 0x43, 0x3d, 0x8c, 0x03, 0x3d, // =.C8.....=.C=..=
	0xcc, 0x78, 0x8c, 0x74, 0x70, 0x07, 0x7b, 0x08, 0x07, 0x79, 0x48, 0x87, 0x70, 0x70, 0x07, 0x7a, // .x.tp.{..yH.pp.z
	0x70, 0x03, 0x76, 0x78, 0x87, 0x70, 0x20, 0x87, 0x19, 0xcc, 0x11, 0x0e, 0xec, 0x90, 0x0e, 0xe1, // p.vx.p .........
	0x30, 0x0f, 0x6e, 0x30, 0x0f, 0xe3, 0xf0, 0x0e, 0xf0, 0x50, 0x0e, 0x33, 0x10, 0xc4, 0x1d, 0xde, // 0.n0.....P.3....
	0x21, 0x1c, 0xd8, 0x21, 0x1d, 0xc2, 0x61, 0x1e, 0x66, 0x30, 0x89, 0x3b, 0xbc, 0x83, 0x3b, 0xd0, // !..!..a.f0.;..;.
	0x43, 0x39, 0xb4, 0x03, 0x3c, 0xbc, 0x83, 0x3c, 0x84, 0x03, 0x3b, 0xcc, 0xf0, 0x14, 0x76, 0x60, // C9..<..<..;...v`
	0x07, 0x7b, 0x68, 0x07, 0x37, 0x68, 0x87, 0x72, 0x68, 0x07, 0x37, 0x80, 0x87, 0x70, 0x90, 0x87, // .{h.7h.rh.7..p..
	0x70, 0x60, 0x07, 0x76, 0x28, 0x07, 0x76, 0xf8, 0x05, 0x76, 0x78, 0x87, 0x77, 0x80, 0x87, 0x5f, // p`.v(.v..vx.w.._
	0x08, 0x87, 0x71, 0x18, 0x87, 0x72, 0x98, 0x87, 0x79, 0x98, 0x81, 0x2c, 0xee, 0xf0, 0x0e, 0xee, // ..q..r..y..,....
	0xe0, 0x0e, 0xf5, 0xc0, 0x0e, 0xec, 0x30, 0x03, 0x62, 0xc8, 0xa1, 0x1c, 0xe4, 0xa1, 0x1c, 0xcc, // ......0.b.......
	0xa1, 0x1c, 0xe4, 0xa1, 0x1c, 0xdc, 0x61, 0x1c, 0xca, 0x21, 0x1c, 0xc4, 0x81, 0x1d, 0xca, 0x61, // ......a..!.....a
	0x06, 0xd6, 0x90, 0x43, 0x39, 0xc8, 0x43, 0x39, 0x98, 0x43, 0x39, 0xc8, 0x43, 0x39, 0xb8, 0xc3, // ...C9.C9.C9.C9..
	0x38, 0x94, 0x43, 0x38, 0x88, 0x03, 0x3b, 0x94, 0xc3, 0x2f, 0xbc, 0x83, 0x3c, 0xfc, 0x82, 0x3b, // 8.C8..;../..<..;
	0xd4, 0x03, 0x3b, 0xb0, 0xc3, 0x0c, 0xc4, 0x21, 0x07, 0x7c, 0x70, 0x03, 0x7a, 0x28, 0x87, 0x76, // ..;....!.|p.z(.v
	0x80, 0x87, 0x19, 0xd1, 0x43, 0x0e, 0xf8, 0xe0, 0x06, 0xe4, 0x20, 0x0e, 0xe7, 0xe0, 0x06, 0xf6, // ....C..... .....
	0x10, 0x0e, 0xf2, 0xc0, 0x0e, 0xe1, 0x90, 0x0f, 0xef, 0x50, 0x0f, 0xf4, 0x00, 0x00, 0x00, 0x71, // .........P.....q
	0x20, 0x00, 0x00, 0x1b, 0x00, 0x00, 0x00, 0x06, 0xc0, 0x0c, 0x97, 0xdf, 0x38, 0xd3, 0x81, 0x34, //  ...........8..4
	0x86, 0x0f, 0x18, 0xc1, 0x36, 0x5c, 0xbe, 0xf3, 0xf8, 0x42, 0x40, 0x15, 0x05, 0x11, 0x95, 0x0e, // ....6....B@.....
	0x30, 0x94, 0x84, 0x01, 0x08, 0x98, 0x5f, 0xdc, 0xb6, 0x19, 0x48, 0xc3, 0xe5, 0x3b, 0x8f, 0x2f, // 0....._...H..;./
	0x44, 0x04, 0x30, 0x11, 0x21, 0xd0, 0x0c, 0x0b, 0x61, 0x02, 0xd3, 0x70, 0xf9, 0xce, 0xe3, 0x2f, // D.0.!...a..p.../
	0x0e, 0x30, 0x88, 0xcd, 0x43, 0x4d, 0x7e, 0x71, 0xdb, 0x36, 0x50, 0x0d, 0x97, 0xef, 0x3c, 0xbe, // .0..CM~q.6P...<.
	0x34, 0x39, 0x11, 0x81, 0x52, 0xd3, 0x43, 0x4d, 0x7e, 0x71, 0xdb, 0x56, 0x20, 0x0d, 0x97, 0xef, // 49..R.CM~q.V ...
	0x3c, 0xfe, 0x44, 0x44, 0x13, 0x02, 0x44, 0x98, 0x5f, 0xdc, 0xb6, 0x05, 0x10, 0x0c, 0x80, 0x34, // <.DD..D._......4
	0x00, 0x00, 0x00, 0x61, 0x20, 0x00, 0x00, 0x9d, 0x00, 0x00, 0x00, 0x13, 0x04, 0x41, 0x2c, 0x10, // ...a ........A,.
	0x00, 0x00, 0x00, 0x09, 0x00, 0x00, 0x00, 0x04, 0x8a, 0xab, 0x14, 0x0a, 0x61, 0x06, 0xa0, 0xec, // ............a...
	0x4a, 0x8e, 0xe6, 0x08, 0x00, 0x9d, 0x12, 0x20, 0x33, 0x46, 0x00, 0x82, 0x20, 0x88, 0x7f, 0x23, // J...... 3F.. ..#
	0x00, 0xd4, 0x87, 0x3a, 0x02, 0x01, 0x00, 0x10, 0x00, 0x01, 0x00, 0x23, 0x06, 0x09, 0x00, 0x82, // ...:.......#....
	0x60, 0x40, 0x75, 0x06, 0xb4, 0x6d, 0xc5, 0x88, 0x41, 0x02, 0x80, 0x20, 0x18, 0x20, 0x62, 0xa0, // `@u..m..A.. . b.
	0x58, 0xdc, 0x94, 0x8c, 0x18, 0x24, 0x00, 0x08, 0x82, 0x01, 0x32, 0x06, 0xcb, 0xd5, 0x19, 0xca, // X....$....2.....
	0x88, 0x41, 0x02, 0x80, 0x20, 0x18, 0x20, 0x64, 0xc0, 0x7c, 0x5e, 0xb5, 0x8c, 0x18, 0x24, 0x00, // .A.. . d.|^...$.
	0x08, 0x82, 0x01, 0x52, 0x06, 0x0d, 0x18, 0x7c, 0x08, 0x33, 0x62, 0x90, 0x00, 0x20, 0x08, 0x06, // ...R...|.3b.. ..
	0x88, 0x19, 0x38, 0x60, 0x00, 0x06, 0x57, 0x33, 0x62, 0x90, 0x00, 0x20, 0x08, 0x06, 0xc8, 0x19, // ..8`..W3b.. ....
	0x3c, 0x61, 0x10, 0x06, 0x8a, 0x33, 0x62, 0x90, 0x00, 0x20, 0x08, 0x06, 0x08, 0x1a, 0x40, 0x62, // <a...3b.. ....@b
	0x20, 0x06, 0xd7, 0x33, 0x62, 0x90, 0x00, 0x20, 0x08, 0x06, 0x48, 0x1a, 0x44, 0x63, 0x30, 0x06, //  ..3b.. ..H.Dc0.
	0x17, 0x44, 0x0a, 0x00, 0xb4, 0x00, 0x30, 0x62, 0x70, 0x00, 0x20, 0x08, 0x06, 0x8f, 0x1a, 0x48, // .D....0bp. ....H
	0x8b, 0x19, 0x8c, 0x26, 0x04, 0xc0, 0x68, 0x82, 0x10, 0x8c, 0x26, 0x0c, 0xc2, 0x68, 0x02, 0x31, // ...&..h...&..h.1
	0x8c, 0x18, 0x1c, 0x00, 0x08, 0x82, 0xc1, 0xf3, 0x06, 0x17, 0xc4, 0x06, 0xa3, 0x09, 0x01, 0x30, // ...............0
	0x9a, 0x20, 0x04, 0xa3, 0x09, 0x83, 0x30, 0x9a, 0x40, 0x0c, 0x23, 0x06, 0x07, 0x00, 0x82, 0x60, // . ....0.@.#....`
	0xf0, 0xd0, 0x01, 0x57, 0xa9, 0xc1, 0x68, 0x42, 0x00, 0x8c, 0x26, 0x08, 0xc1, 0x68, 0xc2, 0x20, // ...W..hB..&..h. 
	0x8c, 0x26, 0x10, 0xc3, 0x88, 0xc1, 0x01, 0x80, 0x20, 0x18, 0x3c, 0x79, 0x10, 0x06, 0x5a, 0x1c, // .&...... .<y..Z.
	0x8c, 0x26, 0x04, 0xc0, 0x68, 0x82, 0x10, 0x8c, 0x26, 0x0c, 0xc2, 0x68, 0x02, 0x31, 0xd8, 0xc4, // .&..h...&..h.1..
	0xc9, 0x67, 0xc4, 0x00, 0x01, 0x40, 0x10, 0x0c, 0x22, 0x3f, 0x58, 0x83, 0x87, 0x0b, 0x46, 0x0c, // .g...@.."?X...F.
	0x10, 0x00, 0x04, 0xc1, 0x20, 0xfa, 0x03, 0x36, 0x58, 0xc6, 0x20, 0x18, 0x31, 0x40, 0x00, 0x10, // .... ..6X. .1@..
	0x04, 0x83, 0x08, 0x14, 0xda, 0xe0, 0x28, 0x83, 0xc0, 0x2c, 0x30, 0x90, 0xcf, 0x88, 0x01, 0x02, // ......(..,0.....
	0x80, 0x20, 0x18, 0x44, 0xa2, 0xf0, 0x06, 0x12, 0x18, 0x04, 0x23, 0x06, 0x08, 0x00, 0x82, 0x60, // . .D......#....`
	0x10, 0x8d, 0x02, 0x1c, 0x38, 0x67, 0x10, 0x8c, 0x18, 0x20, 0x00, 0x08, 0x82, 0x41, 0x44, 0x0a, // ....8g... ...AD.
	0x71, 0xa0, 0xa4, 0x41, 0x60, 0x19, 0x19, 0xc8, 0x67, 0xc4, 0x00, 0x01, 0x40, 0x10, 0x0c, 0x22, // q..A`...g...@.."
	0x53, 0x98, 0x83, 0x8a, 0x0c, 0x82, 0x11, 0x03, 0x04, 0x00, 0x41, 0x30, 0x88, 0x4e, 0x81, 0x0e, // S.........A0.N..
	0xa2, 0x35, 0x08, 0x46, 0x0c, 0x10, 0x00, 0x04, 0xc1, 0x20, 0x42, 0x85, 0x3a, 0x68, 0xda, 0x20, // .5.F..... B.:h. 
	0x30, 0x0e, 0x0d, 0xe4, 0x33, 0x62, 0x80, 0x00, 0x20, 0x08, 0x06, 0x91, 0x2a, 0xdc, 0x01, 0x86, // 0...3b.. ...*...
	0x06, 0xc1, 0x88, 0x01, 0x02, 0x80, 0x20, 0x18, 0x44, 0xab, 0x80, 0x07, 0xd4, 0x1b, 0x04, 0x23, // ...... .D......#
	0x06, 0x08, 0x00, 0x82, 0x60, 0x10, 0xb1, 0x42, 0x1e, 0x40, 0x71, 0x10, 0x10, 0x1c, 0x00, 0x40, // ....`..B.@q....@
	0x71, 0x00, 0x00, 0xc9, 0x01, 0x00, 0x34, 0x07, 0x00, 0x8c, 0x18, 0x24, 0x00, 0x08, 0x82, 0x81, // q.....4....$....
	0x32, 0x0b, 0x7d, 0xe0, 0x0a, 0xae, 0x50, 0x0a, 0xd1, 0x88, 0x41, 0x02, 0x80, 0x20, 0x18, 0x28, // 2.}...P...A.. .(
	0xb3, 0xd0, 0x07, 0xae, 0xe0, 0x0a, 0x77, 0xd0, 0x8c, 0x18, 0x24, 0x00, 0x08, 0x82, 0x81, 0x32, // ......w...$....2
	0x0b, 0x7d, 0xe0, 0x0a, 0xae, 0x30, 0x0a, 0xc9, 0x88, 0x41, 0x02, 0x80, 0x20, 0x18, 0x28, 0xb3, // .}...0...A.. .(.
	0xd0, 0x07, 0xae, 0xe0, 0x0a, 0xa2, 0x50, 0x8c, 0x18, 0x24, 0x00, 0x08, 0x82, 0x81, 0x32, 0x0b, // ......P..$....2.
	0x7d, 0xf0, 0x0a, 0xae, 0x50, 0x0a, 0x6e, 0x30, 0x62, 0x90, 0x00, 0x20, 0x08, 0x06, 0xca, 0x2c, // }...P.n0b.. ...,
	0xf4, 0xc1, 0x2b, 0xb8, 0xc2, 0x1d, 0xb4, 0xc1, 0x88, 0x41, 0x02, 0x80, 0x20, 0x18, 0x28, 0xb3, // ..+......A.. .(.
	0xd0, 0x07, 0xaf, 0xe0, 0x0a, 0xa3, 0xc0, 0x06, 0x23, 0x06, 0x09, 0x00, 0x82, 0x60, 0xa0, 0xcc, // ........#....`..
	0x42, 0x1f, 0xbc, 0x82, 0x2b, 0x88, 0xc2, 0x1a, 0x8c, 0x18, 0x24, 0x00, 0x08, 0x82, 0x81, 0x32, // B...+.....$....2
	0x0b, 0x7d, 0x80, 0x0a, 0xae, 0x50, 0x0a, 0x72, 0x30, 0x62, 0x90, 0x00, 0x20, 0x08, 0x06, 0xca, // .}...P.r0b.. ...
	0x2c, 0xf4, 0x01, 0x2a, 0xb8, 0xc2, 0x1d, 0xc4, 0x01, 0xd1, 0x01, 0x00, 0x08, 0x00, 0x00, 0x00, // ,..*............
	0x00, 0x00, 0x00, 0x00, 0x03, 0x05, 0x00, 0x01, 0x00, 0x10, 0x00, 0x40, 0x00,                   // ...........@.
};

static const uint8_t quad_image_vs_spv[1229] =
{
	0x56, 0x53, 0x48, 0x0b, 0x00, 0x00, 0x00, 0x00, 0x01, 0x83, 0xf2, 0xe1, 0x01, 0x00, 0x0a, 0x75, // VSH............u
	0x5f, 0x76, 0x69, 0x65, 0x77, 0x50, 0x72, 0x6f, 0x6a, 0x04, 0x01, 0x00, 0x00, 0x04, 0x00, 0x00, // _viewProj.......
	0x00, 0x00, 0x00, 0x9c, 0x04, 0x00, 0x00, 0x03, 0x02, 0x23, 0x07, 0x00, 0x06, 0x01, 0x00, 0x0b, // .........#......
	0x00, 0x08, 0x00, 0x6e, 0x00, 0x00, 0x00, 0x00, 0x00, 0x00, 0x00, 0x11, 0x00, 0x02, 0x00, 0x01, // ...n............
	0x00, 0x00, 0x00, 0x0b, 0x00, 0x06, 0x00, 0x01, 0x00, 0x00, 0x00, 0x47, 0x4c, 0x53, 0x4c, 0x2e, // ...........GLSL.
	0x73, 0x74, 0x64, 0x2e, 0x34, 0x35, 0x30, 0x00, 0x00, 0x00, 0x00, 0x0e, 0x00, 0x03, 0x00, 0x00, // std.450.........
	0x00, 0x00, 0x00, 0x01, 0x00, 0x00, 0x00, 0x0f, 0x00, 0x0c, 0x00, 0x00, 0x00, 0x00, 0x00, 0x04, // ................
	0x00, 0x00, 0x00, 0x6d, 0x61, 0x69, 0x6e, 0x00, 0x00, 0x00, 0x00, 0x25, 0x00, 0x00, 0x00, 0x34, // ...main....%...4
	0x00, 0x00, 0x00, 0x38, 0x00, 0x00, 0x00, 0x3b, 0x00, 0x00, 0x00, 0x46, 0x00, 0x00, 0x00, 0x49, // ...8...;...F...I
	0x00, 0x00, 0x00, 0x4d, 0x00, 0x00, 0x00, 0x03, 0x00, 0x03, 0x00, 0x05, 0x00, 0x00, 0x00, 0xf4, // ...M............
	0x01, 0x00, 0x00, 0x05, 0x00, 0x04, 0x00, 0x04, 0x00, 0x00, 0x00, 0x6d, 0x61, 0x69, 0x6e, 0x00, // ...........main.
	0x00, 0x00, 0x00, 0x05, 0x00, 0x06, 0x00, 0x23, 0x00, 0x00, 0x00, 0x55, 0x6e, 0x69, 0x66, 0x6f, // .......#...Unifo
	0x72, 0x6d, 0x42, 0x6c, 0x6f, 0x63, 0x6b, 0x00, 0x00, 0x00, 0x00, 0x06, 0x00, 0x06, 0x00, 0x23, // rmBlock........#
	0x00, 0x00, 0x00, 0x00, 0x00, 0x00, 0x00, 0x75, 0x5f, 0x76, 0x69, 0x65, 0x77, 0x50, 0x72, 0x6f, // .......u_viewPro
	0x6a, 0x00, 0x00, 0x05, 0x00, 0x03, 0x00, 0x25, 0x00, 0x00, 0x00, 0x00, 0x00, 0x00, 0x00, 0x05, // j......%........
	0x00, 0x05, 0x00, 0x34, 0x00, 0x00, 0x00, 0x61, 0x5f, 0x63, 0x6f, 0x6c, 0x6f, 0x72, 0x30, 0x00, // ...4...a_color0.
	0x00, 0x00, 0x00, 0x05, 0x00, 0x05, 0x00, 0x38, 0x00, 0x00, 0x00, 0x61, 0x5f, 0x70, 0x6f, 0x73, // .......8...a_pos
	0x69, 0x74, 0x69, 0x6f, 0x6e, 0x00, 0x00, 0x05, 0x00, 0x05, 0x00, 0x3b, 0x00, 0x00, 0x00, 0x61, // ition......;...a
	0x5f, 0x74, 0x65, 0x78, 0x63, 0x6f, 0x6f, 0x72, 0x64, 0x30, 0x00, 0x05, 0x00, 0x0a, 0x00, 0x46, // _texcoord0.....F
	0x00, 0x00, 0x00, 0x40, 0x65, 0x6e, 0x74, 0x72, 0x79, 0x50, 0x6f, 0x69, 0x6e, 0x74, 0x4f, 0x75, // ...@entryPointOu
	0x74, 0x70, 0x75, 0x74, 0x2e, 0x67, 0x6c, 0x5f, 0x50, 0x6f, 0x73, 0x69, 0x74, 0x69, 0x6f, 0x6e, // tput.gl_Position
	0x00, 0x00, 0x00, 0x05, 0x00, 0x09, 0x00, 0x49, 0x00, 0x00, 0x00, 0x40, 0x65, 0x6e, 0x74, 0x72, // .......I...@entr
	0x79, 0x50, 0x6f, 0x69, 0x6e, 0x74, 0x4f, 0x75, 0x74, 0x70, 0x75, 0x74, 0x2e, 0x76, 0x5f, 0x63, // yPointOutput.v_c
	0x6f, 0x6c, 0x6f, 0x72, 0x30, 0x00, 0x00, 0x05, 0x00, 0x0a, 0x00, 0x4d, 0x00, 0x00, 0x00, 0x40, // olor0......M...@
	0x65, 0x6e, 0x74, 0x72, 0x79, 0x50, 0x6f, 0x69, 0x6e, 0x74, 0x4f, 0x75, 0x74, 0x70, 0x75, 0x74, // entryPointOutput
	0x2e, 0x76, 0x5f, 0x74, 0x65, 0x78, 0x63, 0x6f, 0x6f, 0x72, 0x64, 0x30, 0x00, 0x00, 0x00, 0x47, // .v_texcoord0...G
	0x00, 0x03, 0x00, 0x23, 0x00, 0x00, 0x00, 0x02, 0x00, 0x00, 0x00, 0x48, 0x00, 0x04, 0x00, 0x23, // ...#.......H...#
	0x00, 0x00, 0x00, 0x00, 0x00, 0x00, 0x00, 0x04, 0x00, 0x00, 0x00, 0x48, 0x00, 0x05, 0x00, 0x23, // ...........H...#
	0x00, 0x00, 0x00, 0x00, 0x00, 0x00, 0x00, 0x07, 0x00, 0x00, 0x00, 0x10, 0x00, 0x00, 0x00, 0x48, // ...............H
	0x00, 0x05, 0x00, 0x23, 0x00, 0x00, 0x00, 0x00, 0x00, 0x00, 0x00, 0x23, 0x00, 0x00, 0x00, 0x00, // ...#.......#....
	0x00, 0x00, 0x00, 0x47, 0x00, 0x04, 0x00, 0x25, 0x00, 0x00, 0x00, 0x21, 0x00, 0x00, 0x00, 0x00, // ...G...%...!....
	0x00, 0x00, 0x00, 0x47, 0x00, 0x04, 0x00, 0x25, 0x00, 0x00, 0x00, 0x22, 0x00, 0x00, 0x00, 0x00, // ...G...%..."....
	0x00, 0x00, 0x00, 0x47, 0x00, 0x04, 0x00, 0x34, 0x00, 0x00, 0x00, 0x1e, 0x00, 0x00, 0x00, 0x00, // ...G...4........
	0x00, 0x00, 0x00, 0x47, 0x00, 0x04, 0x00, 0x38, 0x00, 0x00, 0x00, 0x1e, 0x00, 0x00, 0x00, 0x01, // ...G...8........
	0x00, 0x00, 0x00, 0x47, 0x00, 0x04, 0x00, 0x3b, 0x00, 0x00, 0x00, 0x1e, 0x00, 0x00, 0x00, 0x02, // ...G...;........
	0x00, 0x00, 0x00, 0x47, 0x00, 0x04, 0x00, 0x46, 0x00, 0x00, 0x00, 0x0b, 0x00, 0x00, 0x00, 0x00, // ...G...F........
	0x00, 0x00, 0x00, 0x47, 0x00, 0x04, 0x00, 0x49, 0x00, 0x00, 0x00, 0x1e, 0x00, 0x00, 0x00, 0x00, // ...G...I........
	0x00, 0x00, 0x00, 0x47, 0x00, 0x04, 0x00, 0x4d, 0x00, 0x00, 0x00, 0x1e, 0x00, 0x00, 0x00, 0x01, // ...G...M........
	0x00, 0x00, 0x00, 0x13, 0x00, 0x02, 0x00, 0x02, 0x00, 0x00, 0x00, 0x21, 0x00, 0x03, 0x00, 0x03, // ...........!....
	0x00, 0x00, 0x00, 0x02, 0x00, 0x00, 0x00, 0x16, 0x00, 0x03, 0x00, 0x06, 0x00, 0x00, 0x00, 0x20, // ............... 
	0x00, 0x00, 0x00, 0x17, 0x00, 0x04, 0x00, 0x07, 0x00, 0x00, 0x00, 0x06, 0x00, 0x00, 0x00, 0x04, // ................
	0x00, 0x00, 0x00, 0x17, 0x00, 0x04, 0x00, 0x09, 0x00, 0x00, 0x00, 0x06, 0x00, 0x00, 0x00, 0x02, // ................
	0x00, 0x00, 0x00, 0x15, 0x00, 0x04, 0x00, 0x14, 0x00, 0x00, 0x00, 0x20, 0x00, 0x00, 0x00, 0x01, // ........... ....
	0x00, 0x00, 0x00, 0x2b, 0x00, 0x04, 0x00, 0x06, 0x00, 0x00, 0x00, 0x16, 0x00, 0x00, 0x00, 0x00, // ...+............
	0x00, 0x00, 0x00, 0x2b, 0x00, 0x04, 0x00, 0x14, 0x00, 0x00, 0x00, 0x1c, 0x00, 0x00, 0x00, 0x00, // ...+............
	0x00, 0x00, 0x00, 0x2b, 0x00, 0x04, 0x00, 0x06, 0x00, 0x00, 0x00, 0x1e, 0x00, 0x00, 0x00, 0x00, // ...+............
	0x00, 0x80, 0x3f, 0x18, 0x00, 0x04, 0x00, 0x22, 0x00, 0x00, 0x00, 0x07, 0x00, 0x00, 0x00, 0x04, // ..?...."........
	0x00, 0x00, 0x00, 0x1e, 0x00, 0x03, 0x00, 0x23, 0x00, 0x00, 0x00, 0x22, 0x00, 0x00, 0x00, 0x20, // .......#..."... 
	0x00, 0x04, 0x00, 0x24, 0x00, 0x00, 0x00, 0x02, 0x00, 0x00, 0x00, 0x23, 0x00, 0x00, 0x00, 0x3b, // ...$.......#...;
	0x00, 0x04, 0x00, 0x24, 0x00, 0x00, 0x00, 0x25, 0x00, 0x00, 0x00, 0x02, 0x00, 0x00, 0x00, 0x20, // ...$...%....... 
	0x00, 0x04, 0x00, 0x26, 0x00, 0x00, 0x00, 0x02, 0x00, 0x00, 0x00, 0x22, 0x00, 0x00, 0x00, 0x20, // ...&......."... 
	0x00, 0x04, 0x00, 0x33, 0x00, 0x00, 0x00, 0x01, 0x00, 0x00, 0x00, 0x07, 0x00, 0x00, 0x00, 0x3b, // ...3...........;
	0x00, 0x04, 0x00, 0x33, 0x00, 0x00, 0x00, 0x34, 0x00, 0x00, 0x00, 0x01, 0x00, 0x00, 0x00, 0x20, // ...3...4....... 
	0x00, 0x04, 0x00, 0x37, 0x00, 0x00, 0x00, 0x01, 0x00, 0x00, 0x00, 0x09, 0x00, 0x00, 0x00, 0x3b, // ...7...........;
	0x00, 0x04, 0x00, 0x37, 0x00, 0x00, 0x00, 0x38, 0x00, 0x00, 0x00, 0x01, 0x00, 0x00, 0x00, 0x3b, // ...7...8.......;
	0x00, 0x04, 0x00, 0x37, 0x00, 0x00, 0x00, 0x3b, 0x00, 0x00, 0x00, 0x01, 0x00, 0x00, 0x00, 0x20, // ...7...;....... 
	0x00, 0x04, 0x00, 0x45, 0x00, 0x00, 0x00, 0x03, 0x00, 0x00, 0x00, 0x07, 0x00, 0x00, 0x00, 0x3b, // ...E...........;
	0x00, 0x04, 0x00, 0x45, 0x00, 0x00, 0x00, 0x46, 0x00, 0x00, 0x00, 0x03, 0x00, 0x00, 0x00, 0x3b, // ...E...F.......;
	0x00, 0x04, 0x00, 0x45, 0x00, 0x00, 0x00, 0x49, 0x00, 0x00, 0x00, 0x03, 0x00, 0x00, 0x00, 0x20, // ...E...I....... 
	0x00, 0x04, 0x00, 0x4c, 0x00, 0x00, 0x00, 0x03, 0x00, 0x00, 0x00, 0x09, 0x00, 0x00, 0x00, 0x3b, // ...L...........;
	0x00, 0x04, 0x00, 0x4c, 0x00, 0x00, 0x00, 0x4d, 0x00, 0x00, 0x00, 0x03, 0x00, 0x00, 0x00, 0x36, // ...L...M.......6
	0x00, 0x05, 0x00, 0x02, 0x00, 0x00, 0x00, 0x04, 0x00, 0x00, 0x00, 0x00, 0x00, 0x00, 0x00, 0x03, // ................
	0x00, 0x00, 0x00, 0xf8, 0x00, 0x02, 0x00, 0x05, 0x00, 0x00, 0x00, 0x3d, 0x00, 0x04, 0x00, 0x07, // ...........=....
	0x00, 0x00, 0x00, 0x35, 0x00, 0x00, 0x00, 0x34, 0x00, 0x00, 0x00, 0x3d, 0x00, 0x04, 0x00, 0x09, // ...5...4...=....
	0x00, 0x00, 0x00, 0x39, 0x00, 0x00, 0x00, 0x38, 0x00, 0x00, 0x00, 0x3d, 0x00, 0x04, 0x00, 0x09, // ...9...8...=....
	0x00, 0x00, 0x00, 0x3c, 0x00, 0x00, 0x00, 0x3b, 0x00, 0x00, 0x00, 0x51, 0x00, 0x05, 0x00, 0x06, // ...<...;...Q....
	0x00, 0x00, 0x00, 0x68, 0x00, 0x00, 0x00, 0x39, 0x00, 0x00, 0x00, 0x00, 0x00, 0x00, 0x00, 0x51, // ...h...9.......Q
	0x00, 0x05, 0x00, 0x06, 0x00, 0x00, 0x00, 0x69, 0x00, 0x00, 0x00, 0x39, 0x00, 0x00, 0x00, 0x01, // .......i...9....
	0x00, 0x00, 0x00, 0x50, 0x00, 0x07, 0x00, 0x07, 0x00, 0x00, 0x00, 0x6a, 0x00, 0x00, 0x00, 0x68, // ...P.......j...h
	0x00, 0x00, 0x00, 0x69, 0x00, 0x00, 0x00, 0x16, 0x00, 0x00, 0x00, 0x1e, 0x00, 0x00, 0x00, 0x41, // ...i...........A
	0x00, 0x05, 0x00, 0x26, 0x00, 0x00, 0x00, 0x6b, 0x00, 0x00, 0x00, 0x25, 0x00, 0x00, 0x00, 0x1c, // ...&...k...%....
	0x00, 0x00, 0x00, 0x3d, 0x00, 0x04, 0x00, 0x22, 0x00, 0x00, 0x00, 0x6c, 0x00, 0x00, 0x00, 0x6b, // ...=..."...l...k
	0x00, 0x00, 0x00, 0x90, 0x00, 0x05, 0x00, 0x07, 0x00, 0x00, 0x00, 0x6d, 0x00, 0x00, 0x00, 0x6a, // ...........m...j
	0x00, 0x00, 0x00, 0x6c, 0x00, 0x00, 0x00, 0x3e, 0x00, 0x03, 0x00, 0x46, 0x00, 0x00, 0x00, 0x6d, // ...l...>...F...m
	0x00, 0x00, 0x00, 0x3e, 0x00, 0x03, 0x00, 0x49, 0x00, 0x00, 0x00, 0x35, 0x00, 0x00, 0x00, 0x3e, // ...>...I...5...>
	0x00, 0x03, 0x00, 0x4d, 0x00, 0x00, 0x00, 0x3c, 0x00, 0x00, 0x00, 0xfd, 0x00, 0x01, 0x00, 0x38, // ...M...<.......8
	0x00, 0x01, 0x00, 0x00, 0x03, 0x05, 0x00, 0x01, 0x00, 0x10, 0x00, 0x40, 0x00,                   // ...........@.
};

static const uint8_t quad_image_vs_glsl[4928] =
{
	0x56, 0x53, 0x48, 0x0b, 0x00, 0x00, 0x00, 0x00, 0x01, 0x83, 0xf2, 0xe1, 0x00, 0x00, 0x2d, 0x13, // VSH...........-.
	0x00, 0x00, 0x23, 0x76, 0x65, 0x72, 0x73, 0x69, 0x6f, 0x6e, 0x20, 0x34, 0x34, 0x30, 0x0a, 0x23, // ..#version 440.#
	0x64, 0x65, 0x66, 0x69, 0x6e, 0x65, 0x20, 0x74, 0x65, 0x78, 0x74, 0x75, 0x72, 0x65, 0x32, 0x44, // define texture2D
	0x20, 0x20, 0x20, 0x20, 0x20, 0x20, 0x20, 0x20, 0x20, 0x20, 0x74, 0x65, 0x78, 0x74, 0x75, 0x72, //           textur
	0x65, 0x0a, 0x23, 0x64, 0x65, 0x66, 0x69, 0x6e, 0x65, 0x20, 0x74, 0x65, 0x78, 0x74, 0x75, 0x72, // e.#define textur
	0x65, 0x32, 0x44, 0x4c, 0x6f, 0x64, 0x20, 0x20, 0x20, 0x20, 0x20, 0x20, 0x20, 0x74, 0x65, 0x78, // e2DLod       tex
	0x74, 0x75, 0x72, 0x65, 0x4c, 0x6f, 0x64, 0x0a, 0x23, 0x64, 0x65, 0x66, 0x69, 0x6e, 0x65, 0x20, // tureLod.#define 
	0x74, 0x65, 0x78, 0x74, 0x75, 0x72, 0x65, 0x32, 0x44, 0x47, 0x72, 0x61, 0x64, 0x20, 0x20, 0x20, // texture2DGrad   
	0x20, 0x20, 0x20, 0x74, 0x65, 0x78, 0x74, 0x75, 0x72, 0x65, 0x47, 0x72, 0x61, 0x64, 0x0a, 0x23, //    textureGrad.#
	0x64, 0x65, 0x66, 0x69, 0x6e, 0x65, 0x20, 0x74, 0x65, 0x78, 0x74, 0x75, 0x72, 0x65, 0x32, 0x44, // define texture2D
	0x50, 0x72, 0x6f, 0x6a, 0x4c, 0x6f, 0x64, 0x20, 0x20, 0x20, 0x74, 0x65, 0x78, 0x74, 0x75, 0x72, // ProjLod   textur
	0x65, 0x50, 0x72, 0x6f, 0x6a, 0x4c, 0x6f, 0x64, 0x0a, 0x23, 0x64, 0x65, 0x66, 0x69, 0x6e, 0x65, // eProjLod.#define
	0x20, 0x74, 0x65, 0x78, 0x74, 0x75, 0x72, 0x65, 0x32, 0x44, 0x50, 0x72, 0x6f, 0x6a, 0x47, 0x72, //  texture2DProjGr
	0x61, 0x64, 0x20, 0x20, 0x74, 0x65, 0x78, 0x74, 0x75, 0x72, 0x65, 0x50, 0x72, 0x6f, 0x6a, 0x47, // ad  textureProjG
	0x72, 0x61, 0x64, 0x0a, 0x23, 0x64, 0x65, 0x66, 0x69, 0x6e, 0x65, 0x20, 0x74, 0x65, 0x78, 0x74, // rad.#define text
	0x75, 0x72, 0x65, 0x43, 0x75, 0x62, 0x65, 0x4c, 0x6f, 0x64, 0x20, 0x20, 0x20, 0x20, 0x20, 0x74, // ureCubeLod     t
	0x65, 0x78, 0x74, 0x75, 0x72, 0x65, 0x4c, 0x6f, 0x64, 0x0a, 0x23, 0x64, 0x65, 0x66, 0x69, 0x6e, // extureLod.#defin
	0x65, 0x20, 0x74, 0x65, 0x78, 0x74, 0x75, 0x72, 0x65, 0x43, 0x75, 0x62, 0x65, 0x47, 0x72, 0x61, // e textureCubeGra
	0x64, 0x20, 0x20, 0x20, 0x20, 0x74, 0x65, 0x78, 0x74, 0x75, 0x72, 0x65, 0x47, 0x72, 0x61, 0x64, // d    textureGrad
	0x0a, 0x23, 0x64, 0x65, 0x66, 0x69, 0x6e, 0x65, 0x20, 0x74, 0x65, 0x78, 0x74, 0x75, 0x72, 0x65, // .#define texture
	0x33, 0x44, 0x20, 0x20, 0x20, 0x20, 0x20, 0x20, 0x20, 0x20, 0x20, 0x20, 0x74, 0x65, 0x78, 0x74, // 3D          text
	0x75, 0x72, 0x65, 0x0a, 0x23, 0x64, 0x65, 0x66, 0x69, 0x6e, 0x65, 0x20, 0x74, 0x65, 0x78, 0x74, // ure.#define text
	0x75, 0x72, 0x65, 0x32, 0x44, 0x4c, 0x6f, 0x64, 0x4f, 0x66, 0x66, 0x73, 0x65, 0x74, 0x20, 0x74, // ure2DLodOffset t
	0x65, 0x78, 0x74, 0x75, 0x72, 0x65, 0x4c, 0x6f, 0x64, 0x4f, 0x66, 0x66, 0x73, 0x65, 0x74, 0x0a, // extureLodOffset.
	0x23, 0x64, 0x65, 0x66, 0x69, 0x6e, 0x65, 0x20, 0x61, 0x74, 0x74, 0x72, 0x69, 0x62, 0x75, 0x74, // #define attribut
	0x65, 0x20, 0x69, 0x6e, 0x0a, 0x23, 0x64, 0x65, 0x66, 0x69, 0x6e, 0x65, 0x20, 0x76, 0x61, 0x72, // e in.#define var
	0x79, 0x69, 0x6e, 0x67, 0x20, 0x6f, 0x75, 0x74, 0x0a, 0x23, 0x64, 0x65, 0x66, 0x69, 0x6e, 0x65, // ying out.#define
	0x20, 0x62, 0x67, 0x66, 0x78, 0x53, 0x68, 0x61, 0x64, 0x6f, 0x77, 0x32, 0x44, 0x28, 0x5f, 0x73, //  bgfxShadow2D(_s
	0x61, 0x6d, 0x70, 0x6c, 0x65, 0x72, 0x2c, 0x20, 0x5f, 0x63, 0x6f, 0x6f, 0x72, 0x64, 0x29, 0x20, // ampler, _coord) 
	0x20, 0x20, 0x20, 0x20, 0x76, 0x65, 0x63, 0x34, 0x5f, 0x73, 0x70, 0x6c, 0x61, 0x74, 0x28, 0x74, //     vec4_splat(t
	0x65, 0x78, 0x74, 0x75, 0x72, 0x65, 0x28, 0x5f, 0x73, 0x61, 0x6d, 0x70, 0x6c, 0x65, 0x72, 0x2c, // exture(_sampler,
	0x20, 0x5f, 0x63, 0x6f, 0x6f, 0x72, 0x64, 0x29, 0x20, 0x29, 0x0a, 0x23, 0x64, 0x65, 0x66, 0x69, //  _coord) ).#defi
	0x6e, 0x65, 0x20, 0x62, 0x67, 0x66, 0x78, 0x53, 0x68, 0x61, 0x64, 0x6f, 0x77, 0x32, 0x44, 0x50, // ne bgfxShadow2DP
	0x72, 0x6f, 0x6a, 0x28, 0x5f, 0x73, 0x61, 0x6d, 0x70, 0x6c, 0x65, 0x72, 0x2c, 0x20, 0x5f, 0x63, // roj(_sampler, _c
	0x6f, 0x6f, 0x72, 0x64, 0x29, 0x20, 0x76, 0x65, 0x63, 0x34, 0x5f, 0x73, 0x70, 0x6c, 0x61, 0x74, // oord) vec4_splat
	0x28, 0x74, 0x65, 0x78, 0x74, 0x75, 0x72, 0x65, 0x50, 0x72, 0x6f, 0x6a, 0x28, 0x5f, 0x73, 0x61, // (textureProj(_sa
	0x6d, 0x70, 0x6c, 0x65, 0x72, 0x2c, 0x20, 0x5f, 0x63, 0x6f, 0x6f, 0x72, 0x64, 0x29, 0x20, 0x29, // mpler, _coord) )
	0x0a, 0x61, 0x74, 0x74, 0x72, 0x69, 0x62, 0x75, 0x74, 0x65, 0x20, 0x76, 0x65, 0x63, 0x34, 0x20, // .attribute vec4 
	0x61, 0x5f, 0x63, 0x6f, 0x6c, 0x6f, 0x72, 0x30, 0x3b, 0x0a, 0x61, 0x74, 0x74, 0x72, 0x69, 0x62, // a_color0;.attrib
	0x75, 0x74, 0x65, 0x20, 0x76, 0x65, 0x63, 0x32, 0x20, 0x61, 0x5f, 0x70, 0x6f, 0x73, 0x69, 0x74, // ute vec2 a_posit
	0x69, 0x6f, 0x6e, 0x3b, 0x0a, 0x61, 0x74, 0x74, 0x72, 0x69, 0x62, 0x75, 0x74, 0x65, 0x20, 0x76, // ion;.attribute v
	0x65, 0x63, 0x32, 0x20, 0x61, 0x5f, 0x74, 0x65, 0x78, 0x63, 0x6f, 0x6f, 0x72, 0x64, 0x30, 0x3b, // ec2 a_texcoord0;
	0x0a, 0x76, 0x61, 0x72, 0x79, 0x69, 0x6e, 0x67, 0x20, 0x76, 0x65, 0x63, 0x34, 0x20, 0x76, 0x5f, // .varying vec4 v_
	0x63, 0x6f, 0x6c, 0x6f, 0x72, 0x30, 0x3b, 0x0a, 0x76, 0x61, 0x72, 0x79, 0x69, 0x6e, 0x67, 0x20, // color0;.varying 
	0x76, 0x65, 0x63, 0x32, 0x20, 0x76, 0x5f, 0x74, 0x65, 0x78, 0x63, 0x6f, 0x6f, 0x72, 0x64, 0x30, // vec2 v_texcoord0
	0x3b, 0x0a, 0x66, 0x6c, 0x6f, 0x61, 0x74, 0x20, 0x72, 0x63, 0x70, 0x28, 0x66, 0x6c, 0x6f, 0x61, // ;.float rcp(floa
	0x74, 0x20, 0x5f, 0x61, 0x29, 0x20, 0x7b, 0x20, 0x72, 0x65, 0x74, 0x75, 0x72, 0x6e, 0x20, 0x31, // t _a) { return 1
	0x2e, 0x30, 0x2f, 0x5f, 0x61, 0x3b, 0x20, 0x7d, 0x0a, 0x76, 0x65, 0x63, 0x32, 0x20, 0x72, 0x63, // .0/_a; }.vec2 rc
	0x70, 0x28, 0x76, 0x65, 0x63, 0x32, 0x20, 0x5f, 0x61, 0x29, 0x20, 0x7b, 0x20, 0x72, 0x65, 0x74, // p(vec2 _a) { ret
	0x75, 0x72, 0x6e, 0x20, 0x76, 0x65, 0x63, 0x32, 0x28, 0x31, 0x2e, 0x30, 0x29, 0x2f, 0x5f, 0x61, // urn vec2(1.0)/_a
	0x3b, 0x20, 0x7d, 0x0a, 0x76, 0x65, 0x63, 0x33, 0x20, 0x72, 0x63, 0x70, 0x28, 0x76, 0x65, 0x63, // ; }.vec3 rcp(vec
	0x33, 0x20, 0x5f, 0x61, 0x29, 0x20, 0x7b, 0x20, 0x72, 0x65, 0x74, 0x75, 0x72, 0x6e, 0x20, 0x76, // 3 _a) { return v
	0x65, 0x63, 0x33, 0x28, 0x31, 0x2e, 0x30, 0x29, 0x2f, 0x5f, 0x61, 0x3b, 0x20, 0x7d, 0x0a, 0x76, // ec3(1.0)/_a; }.v
	0x65, 0x63, 0x34, 0x20, 0x72, 0x63, 0x70, 0x28, 0x76, 0x65, 0x63, 0x34, 0x20, 0x5f, 0x61, 0x29, // ec4 rcp(vec4 _a)
	0x20, 0x7b, 0x20, 0x72, 0x65, 0x74, 0x75, 0x72, 0x6e, 0x20, 0x76, 0x65, 0x63, 0x34, 0x28, 0x31, //  { return vec4(1
	0x2e, 0x30, 0x29, 0x2f, 0x5f, 0x61, 0x3b, 0x20, 0x7d, 0x0a, 0x76, 0x65, 0x63, 0x32, 0x20, 0x76, // .0)/_a; }.vec2 v
	0x65, 0x63, 0x32, 0x5f, 0x73, 0x70, 0x6c, 0x61, 0x74, 0x28, 0x66, 0x6c, 0x6f, 0x61, 0x74, 0x20, // ec2_splat(float 
	0x5f, 0x78, 0x29, 0x20, 0x7b, 0x20, 0x72, 0x65, 0x74, 0x75, 0x72, 0x6e, 0x20, 0x76, 0x65, 0x63, // _x) { return vec
	0x32, 0x28, 0x5f, 0x78, 0x2c, 0x20, 0x5f, 0x78, 0x29, 0x3b, 0x20, 0x7d, 0x0a, 0x76, 0x65, 0x63, // 2(_x, _x); }.vec
	0x33, 0x20, 0x76, 0x65, 0x63, 0x33, 0x5f, 0x73, 0x70, 0x6c, 0x61, 0x74, 0x28, 0x66, 0x6c, 0x6f, // 3 vec3_splat(flo
	0x61, 0x74, 0x20, 0x5f, 0x78, 0x29, 0x20, 0x7b, 0x20, 0x72, 0x65, 0x74, 0x75, 0x72, 0x6e, 0x20, // at _x) { return 
	0x76, 0x65, 0x63, 0x33, 0x28, 0x5f, 0x78, 0x2c, 0x20, 0x5f, 0x78, 0x2c, 0x20, 0x5f, 0x78, 0x29, // vec3(_x, _x, _x)
	0x3b, 0x20, 0x7d, 0x0a, 0x76, 0x65, 0x63, 0x34, 0x20, 0x76, 0x65, 0x63, 0x34, 0x5f, 0x73, 0x70, // ; }.vec4 vec4_sp
	0x6c, 0x61, 0x74, 0x28, 0x66, 0x6c, 0x6f, 0x61, 0x74, 0x20, 0x5f, 0x78, 0x29, 0x20, 0x7b, 0x20, // lat(float _x) { 
	0x72, 0x65, 0x74, 0x75, 0x72, 0x6e, 0x20, 0x76, 0x65, 0x63, 0x34, 0x28, 0x5f, 0x78, 0x2c, 0x20, // return vec4(_x, 
	0x5f, 0x78, 0x2c, 0x20, 0x5f, 0x78, 0x2c, 0x20, 0x5f, 0x78, 0x29, 0x3b, 0x20, 0x7d, 0x0a, 0x75, // _x, _x, _x); }.u
	0x76, 0x65, 0x63, 0x32, 0x20, 0x75, 0x76, 0x65, 0x63, 0x32, 0x5f, 0x73, 0x70, 0x6c, 0x61, 0x74, // vec2 uvec2_splat
	0x28, 0x75, 0x69, 0x6e, 0x74, 0x20, 0x5f, 0x78, 0x29, 0x20, 0x7b, 0x20, 0x72, 0x65, 0x74, 0x75, // (uint _x) { retu
	0x72, 0x6e, 0x20, 0x75, 0x76, 0x65, 0x63, 0x32, 0x28, 0x5f, 0x78, 0x2c, 0x20, 0x5f, 0x78, 0x29, // rn uvec2(_x, _x)
	0x3b, 0x20, 0x7d, 0x0a, 0x75, 0x76, 0x65, 0x63, 0x33, 0x20, 0x75, 0x76, 0x65, 0x63, 0x33, 0x5f, // ; }.uvec3 uvec3_
	0x73, 0x70, 0x6c, 0x61, 0x74, 0x28, 0x75, 0x69, 0x6e, 0x74, 0x20, 0x5f, 0x78, 0x29, 0x20, 0x7b, // splat(uint _x) {
	0x20, 0x72, 0x65, 0x74, 0x75, 0x72, 0x6e, 0x20, 0x75, 0x76, 0x65, 0x63, 0x33, 0x28, 0x5f, 0x78, //  return uvec3(_x
	0x2c, 0x20, 0x5f, 0x78, 0x2c, 0x20, 0x5f, 0x78, 0x29, 0x3b, 0x20, 0x7d, 0x0a, 0x75, 0x76, 0x65, // , _x, _x); }.uve
	0x63, 0x34, 0x20, 0x75, 0x76, 0x65, 0x63, 0x34, 0x5f, 0x73, 0x70, 0x6c, 0x61, 0x74, 0x28, 0x75, // c4 uvec4_splat(u
	0x69, 0x6e, 0x74, 0x20, 0x5f, 0x78, 0x29, 0x20, 0x7b, 0x20, 0x72, 0x65, 0x74, 0x75, 0x72, 0x6e, // int _x) { return
	0x20, 0x75, 0x76, 0x65, 0x63, 0x34, 0x28, 0x5f, 0x78, 0x2c, 0x20, 0x5f, 0x78, 0x2c, 0x20, 0x5f, //  uvec4(_x, _x, _
	0x78, 0x2c, 0x20, 0x5f, 0x78, 0x29, 0x3b, 0x20, 0x7d, 0x0a, 0x6d, 0x61, 0x74, 0x34, 0x20, 0x6d, // x, _x); }.mat4 m
	0x74, 0x78, 0x46, 0x72, 0x6f, 0x6d, 0x52, 0x6f, 0x77, 0x73, 0x28, 0x76, 0x65, 0x63, 0x34, 0x20, // txFromRows(vec4 
	0x5f, 0x30, 0x2c, 0x20, 0x76, 0x65, 0x63, 0x34, 0x20, 0x5f, 0x31, 0x2c, 0x20, 0x76, 0x65, 0x63, // _0, vec4 _1, vec
	0x34, 0x20, 0x5f, 0x32, 0x2c, 0x20, 0x76, 0x65, 0x63, 0x34, 0x20, 0x5f, 0x33, 0x29, 0x0a, 0x7b, // 4 _2, vec4 _3).{
	0x0a, 0x72, 0x65, 0x74, 0x75, 0x72, 0x6e, 0x20, 0x74, 0x72, 0x61, 0x6e, 0x73, 0x70, 0x6f, 0x73, // .return transpos
	0x65, 0x28, 0x6d, 0x61, 0x74, 0x34, 0x28, 0x5f, 0x30, 0x2c, 0x20, 0x5f, 0x31, 0x2c, 0x20, 0x5f, // e(mat4(_0, _1, _
	0x32, 0x2c, 0x20, 0x5f, 0x33, 0x29, 0x20, 0x29, 0x3b, 0x0a, 0x7d, 0x0a, 0x6d, 0x61, 0x74, 0x34, // 2, _3) );.}.mat4
	0x20, 0x6d, 0x74, 0x78, 0x46, 0x72, 0x6f, 0x6d, 0x43, 0x6f, 0x6c, 0x73, 0x28, 0x76, 0x65, 0x63, //  mtxFromCols(vec
	0x34, 0x20, 0x5f, 0x30, 0x2c, 0x20, 0x76, 0x65, 0x63, 0x34, 0x20, 0x5f, 0x31, 0x2c, 0x20, 0x76, // 4 _0, vec4 _1, v
	0x65, 0x63, 0x34, 0x20, 0x5f, 0x32, 0x2c, 0x20, 0x76, 0x65, 0x63, 0x34, 0x20, 0x5f, 0x33, 0x29, // ec4 _2, vec4 _3)
	0x0a, 0x7b, 0x0a, 0x72, 0x65, 0x74, 0x75, 0x72, 0x6e, 0x20, 0x6d, 0x61, 0x74, 0x34, 0x28, 0x5f, // .{.return mat4(_
	0x30, 0x2c, 0x20, 0x5f, 0x31, 0x2c, 0x20, 0x5f, 0x32, 0x2c, 0x20, 0x5f, 0x33, 0x29, 0x3b, 0x0a, // 0, _1, _2, _3);.
	0x7d, 0x0a, 0x6d, 0x61, 0x74, 0x33, 0x20, 0x6d, 0x74, 0x78, 0x46, 0x72, 0x6f, 0x6d, 0x52, 0x6f, // }.mat3 mtxFromRo
	0x77, 0x73, 0x28, 0x76, 0x65, 0x63, 0x33, 0x20, 0x5f, 0x30, 0x2c, 0x20, 0x76, 0x65, 0x63, 0x33, // ws(vec3 _0, vec3
	0x20, 0x5f, 0x31, 0x2c, 0x20, 0x76, 0x65, 0x63, 0x33, 0x20, 0x5f, 0x32, 0x29, 0x0a, 0x7b, 0x0a, //  _1, vec3 _2).{.
	0x72, 0x65, 0x74, 0x75, 0x72, 0x6e, 0x20, 0x74, 0x72, 0x61, 0x6e, 0x73, 0x70, 0x6f, 0x73, 0x65, // return transpose
	0x28, 0x6d, 0x61, 0x74, 0x33, 0x28, 0x5f, 0x30, 0x2c, 0x20, 0x5f, 0x31, 0x2c, 0x20, 0x5f, 0x32, // (mat3(_0, _1, _2
	0x29, 0x20, 0x29, 0x3b, 0x0a, 0x7d, 0x0a, 0x6d, 0x61, 0x74, 0x33, 0x20, 0x6d, 0x74, 0x78, 0x46, // ) );.}.mat3 mtxF
	0x72, 0x6f, 0x6d, 0x43, 0x6f, 0x6c, 0x73, 0x28, 0x76, 0x65, 0x63, 0x33, 0x20, 0x5f, 0x30, 0x2c, // romCols(vec3 _0,
	0x20, 0x76, 0x65, 0x63, 0x33, 0x20, 0x5f, 0x31, 0x2c, 0x20, 0x76, 0x65, 0x63, 0x33, 0x20, 0x5f, //  vec3 _1, vec3 _
	0x32, 0x29, 0x0a, 0x7b, 0x0a, 0x72, 0x65, 0x74, 0x75, 0x72, 0x6e, 0x20, 0x6d, 0x61, 0x74, 0x33, // 2).{.return mat3
	0x28, 0x5f, 0x30, 0x2c, 0x20, 0x5f, 0x31, 0x2c, 0x20, 0x5f, 0x32, 0x29, 0x3b, 0x0a, 0x7d, 0x0a, // (_0, _1, _2);.}.
	0x6d, 0x61, 0x74, 0x34, 0x78, 0x33, 0x20, 0x6d, 0x74, 0x78, 0x46, 0x72, 0x6f, 0x6d, 0x52, 0x6f, // mat4x3 mtxFromRo
	0x77, 0x73, 0x28, 0x76, 0x65, 0x63, 0x34, 0x20, 0x5f, 0x30, 0x2c, 0x20, 0x76, 0x65, 0x63, 0x34, // ws(vec4 _0, vec4
	0x20, 0x5f, 0x31, 0x2c, 0x20, 0x76, 0x65, 0x63, 0x34, 0x20, 0x5f, 0x32, 0x29, 0x0a, 0x7b, 0x0a, //  _1, vec4 _2).{.
	0x72, 0x65, 0x74, 0x75, 0x72, 0x6e, 0x20, 0x74, 0x72, 0x61, 0x6e, 0x73, 0x70, 0x6f, 0x73, 0x65, // return transpose
	0x28, 0x6d, 0x61, 0x74, 0x33, 0x78, 0x34, 0x28, 0x5f, 0x30, 0x2c, 0x20, 0x5f, 0x31, 0x2c, 0x20, // (mat3x4(_0, _1, 
	0x5f, 0x32, 0x29, 0x20, 0x29, 0x3b, 0x0a, 0x7d, 0x0a, 0x76, 0x65, 0x63, 0x33, 0x20, 0x6d, 0x74, // _2) );.}.vec3 mt
	0x78, 0x47, 0x65, 0x74, 0x52, 0x6f, 0x77, 0x28, 0x6d, 0x61, 0x74, 0x33, 0x20, 0x5f, 0x6d, 0x74, // xGetRow(mat3 _mt
	0x78, 0x2c, 0x20, 0x69, 0x6e, 0x74, 0x20, 0x5f, 0x72, 0x6f, 0x77, 0x29, 0x0a, 0x7b, 0x0a, 0x72, // x, int _row).{.r
	0x65, 0x74, 0x75, 0x72, 0x6e, 0x20, 0x76, 0x65, 0x63, 0x33, 0x28, 0x5f, 0x6d, 0x74, 0x78, 0x5b, // eturn vec3(_mtx[
	0x30, 0x5d, 0x5b, 0x5f, 0x72, 0x6f, 0x77, 0x5d, 0x2c, 0x20, 0x5f, 0x6d, 0x74, 0x78, 0x5b, 0x31, // 0][_row], _mtx[1
	0x5d, 0x5b, 0x5f, 0x72, 0x6f, 0x77, 0x5d, 0x2c, 0x20, 0x5f, 0x6d, 0x74, 0x78, 0x5b, 0x32, 0x5d, // ][_row], _mtx[2]
	0x5b, 0x5f, 0x72, 0x6f, 0x77, 0x5d, 0x29, 0x3b, 0x0a, 0x7d, 0x0a, 0x76, 0x65, 0x63, 0x33, 0x20, // [_row]);.}.vec3 
	0x6d, 0x74, 0x78, 0x47, 0x65, 0x74, 0x43, 0x6f, 0x6c, 0x75, 0x6d, 0x6e, 0x28, 0x6d, 0x61, 0x74, // mtxGetColumn(mat
	0x33, 0x20, 0x5f, 0x6d, 0x74, 0x78, 0x2c, 0x20, 0x69, 0x6e, 0x74, 0x20, 0x5f, 0x63, 0x6f, 0x6c, // 3 _mtx, int _col
	0x75, 0x6d, 0x6e, 0x29, 0x0a, 0x7b, 0x0a, 0x72, 0x65, 0x74, 0x75, 0x72, 0x6e, 0x20, 0x76, 0x65, // umn).{.return ve
	0x63, 0x33, 0x28, 0x5f, 0x6d, 0x74, 0x78, 0x5b, 0x5f, 0x63, 0x6f, 0x6c, 0x75, 0x6d, 0x6e, 0x5d, // c3(_mtx[_column]
	0x29, 0x3b, 0x0a, 0x7d, 0x0a, 0x76, 0x65, 0x63, 0x34, 0x20, 0x6d, 0x74, 0x78, 0x47, 0x65, 0x74, // );.}.vec4 mtxGet
	0x52, 0x6f, 0x77, 0x28, 0x6d, 0x61, 0x74, 0x34, 0x78, 0x33, 0x20, 0x5f, 0x6d, 0x74, 0x78, 0x2c, // Row(mat4x3 _mtx,
	0x20, 0x69, 0x6e, 0x74, 0x20, 0x5f, 0x72, 0x6f, 0x77, 0x29, 0x0a, 0x7b, 0x0a, 0x72, 0x65, 0x74, //  int _row).{.ret
	0x75, 0x72, 0x6e, 0x20, 0x76, 0x65, 0x63, 0x34, 0x28, 0x5f, 0x6d, 0x74, 0x78, 0x5b, 0x30, 0x5d, // urn vec4(_mtx[0]
	0x5b, 0x5f, 0x72, 0x6f, 0x77, 0x5d, 0x2c, 0x20, 0x5f, 0x6d, 0x74, 0x78, 0x5b, 0x31, 0x5d, 0x5b, // [_row], _mtx[1][
	0x5f, 0x72, 0x6f, 0x77, 0x5d, 0x2c, 0x20, 0x5f, 0x6d, 0x74, 0x78, 0x5b, 0x32, 0x5d, 0x5b, 0x5f, // _row], _mtx[2][_
	0x72, 0x6f, 0x77, 0x5d, 0x2c, 0x20, 0x5f, 0x6d, 0x74, 0x78, 0x5b, 0x33, 0x5d, 0x5b, 0x5f, 0x72, // row], _mtx[3][_r
	0x6f, 0x77, 0x5d, 0x29, 0x3b, 0x0a, 0x7d, 0x0a, 0x76, 0x65, 0x63, 0x33, 0x20, 0x6d, 0x74, 0x78, // ow]);.}.vec3 mtx
	0x47, 0x65, 0x74, 0x43, 0x6f, 0x6c, 0x75, 0x6d, 0x6e, 0x28, 0x6d, 0x61, 0x74, 0x34, 0x78, 0x33, // GetColumn(mat4x3
	0x20, 0x5f, 0x6d, 0x74, 0x78, 0x2c, 0x20, 0x69, 0x6e, 0x74, 0x20, 0x5f, 0x63, 0x6f, 0x6c, 0x75, //  _mtx, int _colu
	0x6d, 0x6e, 0x29, 0x0a, 0x7b, 0x0a, 0x72, 0x65, 0x74, 0x75, 0x72, 0x6e, 0x20, 0x76, 0x65, 0x63, // mn).{.return vec
	0x33, 0x28, 0x5f, 0x6d, 0x74, 0x78, 0x5b, 0x5f, 0x63, 0x6f, 0x6c, 0x75, 0x6d, 0x6e, 0x5d, 0x29, // 3(_mtx[_column])
	0x3b, 0x0a, 0x7d, 0x0a, 0x76, 0x65, 0x63, 0x34, 0x20, 0x6d, 0x74, 0x78, 0x47, 0x65, 0x74, 0x52, // ;.}.vec4 mtxGetR
	0x6f, 0x77, 0x28, 0x6d, 0x61, 0x74, 0x34, 0x20, 0x5f, 0x6d, 0x74, 0x78, 0x2c, 0x20, 0x69, 0x6e, // ow(mat4 _mtx, in
	0x74, 0x20, 0x5f, 0x72, 0x6f, 0x77, 0x29, 0x0a, 0x7b, 0x0a, 0x72, 0x65, 0x74, 0x75, 0x72, 0x6e, // t _row).{.return
	0x20, 0x76, 0x65, 0x63, 0x34, 0x28, 0x5f, 0x6d, 0x74, 0x78, 0x5b, 0x30, 0x5d, 0x5b, 0x5f, 0x72, //  vec4(_mtx[0][_r
	0x6f, 0x77, 0x5d, 0x2c, 0x20, 0x5f, 0x6d, 0x74, 0x78, 0x5b, 0x31, 0x5d, 0x5b, 0x5f, 0x72, 0x6f, // ow], _mtx[1][_ro
	0x77, 0x5d, 0x2c, 0x20, 0x5f, 0x6d, 0x74, 0x78, 0x5b, 0x32, 0x5d, 0x5b, 0x5f, 0x72, 0x6f, 0x77, // w], _mtx[2][_row
	0x5d, 0x2c, 0x20, 0x5f, 0x6d, 0x74, 0x78, 0x5b, 0x33, 0x5d, 0x5b, 0x5f, 0x72, 0x6f, 0x77, 0x5d, // ], _mtx[3][_row]
	0x29, 0x3b, 0x0a, 0x7d, 0x0a, 0x76, 0x65, 0x63, 0x34, 0x20, 0x6d, 0x74, 0x78, 0x47, 0x65, 0x74, // );.}.vec4 mtxGet
	0x43, 0x6f, 0x6c, 0x75, 0x6d, 0x6e, 0x28, 0x6d, 0x61, 0x74, 0x34, 0x20, 0x5f, 0x6d, 0x74, 0x78, // Column(mat4 _mtx
	0x2c, 0x20, 0x69, 0x6e, 0x74, 0x20, 0x5f, 0x63, 0x6f, 0x6c, 0x75, 0x6d, 0x6e, 0x29, 0x0a, 0x7b, // , int _column).{
	0x0a, 0x72, 0x65, 0x74, 0x75, 0x72, 0x6e, 0x20, 0x76, 0x65, 0x63, 0x34, 0x28, 0x5f, 0x6d, 0x74, // .return vec4(_mt
	0x78, 0x5b, 0x5f, 0x63, 0x6f, 0x6c, 0x75, 0x6d, 0x6e, 0x5d, 0x29, 0x3b, 0x0a, 0x7d, 0x0a, 0x66, // x[_column]);.}.f
	0x6c, 0x6f, 0x61, 0x74, 0x20, 0x6d, 0x74, 0x78, 0x47, 0x65, 0x74, 0x45, 0x6c, 0x65, 0x6d, 0x65, // loat mtxGetEleme
	0x6e, 0x74, 0x28, 0x6d, 0x61, 0x74, 0x33, 0x20, 0x5f, 0x6d, 0x74, 0x78, 0x2c, 0x20, 0x69, 0x6e, // nt(mat3 _mtx, in
	0x74, 0x20, 0x5f, 0x63, 0x6f, 0x6c, 0x75, 0x6d, 0x6e, 0x2c, 0x20, 0x69, 0x6e, 0x74, 0x20, 0x5f, // t _column, int _
	0x72, 0x6f, 0x77, 0x29, 0x0a, 0x7b, 0x0a, 0x72, 0x65, 0x74, 0x75, 0x72, 0x6e, 0x20, 0x5f, 0x6d, // row).{.return _m
	0x74, 0x78, 0x5b, 0x5f, 0x63, 0x6f, 0x6c, 0x75, 0x6d, 0x6e, 0x5d, 0x5b, 0x5f, 0x72, 0x6f, 0x77, // tx[_column][_row
	0x5d, 0x3b, 0x0a, 0x7d, 0x0a, 0x66, 0x6c, 0x6f, 0x61, 0x74, 0x20, 0x6d, 0x74, 0x78, 0x47, 0x65, // ];.}.float mtxGe
	0x74, 0x45, 0x6c, 0x65, 0x6d, 0x65, 0x6e, 0x74, 0x28, 0x6d, 0x61, 0x74, 0x34, 0x20, 0x5f, 0x6d, // tElement(mat4 _m
	0x74, 0x78, 0x2c, 0x20, 0x69, 0x6e, 0x74, 0x20, 0x5f, 0x63, 0x6f, 0x6c, 0x75, 0x6d, 0x6e, 0x2c, // tx, int _column,
	0x20, 0x69, 0x6e, 0x74, 0x20, 0x5f, 0x72, 0x6f, 0x77, 0x29, 0x0a, 0x7b, 0x0a, 0x72, 0x65, 0x74, //  int _row).{.ret
	0x75, 0x72, 0x6e, 0x20, 0x5f, 0x6d, 0x74, 0x78, 0x5b, 0x5f, 0x63, 0x6f, 0x6c, 0x75, 0x6d, 0x6e, // urn _mtx[_column
	0x5d, 0x5b, 0x5f, 0x72, 0x6f, 0x77, 0x5d, 0x3b, 0x0a, 0x7d, 0x0a, 0x66, 0x6c, 0x6f, 0x61, 0x74, // ][_row];.}.float
	0x20, 0x73, 0x65, 0x6c, 0x65, 0x63, 0x74, 0x28, 0x62, 0x6f, 0x6f, 0x6c, 0x20, 0x5f, 0x63, 0x6f, //  select(bool _co
	0x6e, 0x64, 0x2c, 0x20, 0x66, 0x6c, 0x6f, 0x61, 0x74, 0x20, 0x5f, 0x74, 0x72, 0x75, 0x65, 0x2c, // nd, float _true,
	0x20, 0x66, 0x6c, 0x6f, 0x61, 0x74, 0x20, 0x5f, 0x66, 0x61, 0x6c, 0x73, 0x65, 0x29, 0x20, 0x7b, //  float _false) {
	0x20, 0x72, 0x65, 0x74, 0x75, 0x72, 0x6e, 0x20, 0x5f, 0x63, 0x6f, 0x6e, 0x64, 0x20, 0x3f, 0x20, //  return _cond ? 
	0x5f, 0x74, 0x72, 0x75, 0x65, 0x20, 0x3a, 0x20, 0x5f, 0x66, 0x61, 0x6c, 0x73, 0x65, 0x3b, 0x20, // _true : _false; 
	0x7d, 0x0a, 0x76, 0x65, 0x63, 0x32, 0x20, 0x73, 0x65, 0x6c, 0x65, 0x63, 0x74, 0x28, 0x62, 0x6f, // }.vec2 select(bo
	0x6f, 0x6c, 0x20, 0x5f, 0x63, 0x6f, 0x6e, 0x64, 0x2c, 0x20, 0x76, 0x65, 0x63, 0x32, 0x20, 0x5f, // ol _cond, vec2 _
	0x74, 0x72, 0x75, 0x65, 0x2c, 0x20, 0x76, 0x65, 0x63, 0x32, 0x20, 0x5f, 0x66, 0x61, 0x6c, 0x73, // true, vec2 _fals
	0x65, 0x29, 0x20, 0x7b, 0x20, 0x72, 0x65, 0x74, 0x75, 0x72, 0x6e, 0x20, 0x5f, 0x63, 0x6f, 0x6e, // e) { return _con
	0x64, 0x20, 0x3f, 0x20, 0x5f, 0x74, 0x72, 0x75, 0x65, 0x20, 0x3a, 0x20, 0x5f, 0x66, 0x61, 0x6c, // d ? _true : _fal
	0x73, 0x65, 0x3b, 0x20, 0x7d, 0x0a, 0x76, 0x65, 0x63, 0x33, 0x20, 0x73, 0x65, 0x6c, 0x65, 0x63, // se; }.vec3 selec
	0x74, 0x28, 0x62, 0x6f, 0x6f, 0x6c, 0x20, 0x5f, 0x63, 0x6f, 0x6e, 0x64, 0x2c, 0x20, 0x76, 0x65, // t(bool _cond, ve
	0x63, 0x33, 0x20, 0x5f, 0x74, 0x72, 0x75, 0x65, 0x2c, 0x20, 0x76, 0x65, 0x63, 0x33, 0x20, 0x5f, // c3 _true, vec3 _
	0x66, 0x61, 0x6c, 0x73, 0x65, 0x29, 0x20, 0x7b, 0x20, 0x72, 0x65, 0x74, 0x75, 0x72, 0x6e, 0x20, // false) { return 
	0x5f, 0x63, 0x6f, 0x6e, 0x64, 0x20, 0x3f, 0x20, 0x5f, 0x74, 0x72, 0x75, 0x65, 0x20, 0x3a, 0x20, // _cond ? _true : 
	0x5f, 0x66, 0x61, 0x6c, 0x73, 0x65, 0x3b, 0x20, 0x7d, 0x0a, 0x76, 0x65, 0x63, 0x34, 0x20, 0x73, // _false; }.vec4 s
	0x65, 0x6c, 0x65, 0x63, 0x74, 0x28, 0x62, 0x6f, 0x6f, 0x6c, 0x20, 0x5f, 0x63, 0x6f, 0x6e, 0x64, // elect(bool _cond
	0x2c, 0x20, 0x76, 0x65, 0x63, 0x34, 0x20, 0x5f, 0x74, 0x72, 0x75, 0x65, 0x2c, 0x20, 0x76, 0x65, // , vec4 _true, ve
	0x63, 0x34, 0x20, 0x5f, 0x66, 0x61, 0x6c, 0x73, 0x65, 0x29, 0x20, 0x7b, 0x20, 0x72, 0x65, 0x74, // c4 _false) { ret
	0x75, 0x72, 0x6e, 0x20, 0x5f, 0x63, 0x6f, 0x6e, 0x64, 0x20, 0x3f, 0x20, 0x5f, 0x74, 0x72, 0x75, // urn _cond ? _tru
	0x65, 0x20, 0x3a, 0x20, 0x5f, 0x66, 0x61, 0x6c, 0x73, 0x65, 0x3b, 0x20, 0x7d, 0x0a, 0x76, 0x65, // e : _false; }.ve
	0x63, 0x32, 0x20, 0x73, 0x65, 0x6c, 0x65, 0x63, 0x74, 0x28, 0x62, 0x76, 0x65, 0x63, 0x32, 0x20, // c2 select(bvec2 
	0x5f, 0x63, 0x6f, 0x6e, 0x64, 0x2c, 0x20, 0x76, 0x65, 0x63, 0x32, 0x20, 0x5f, 0x74, 0x72, 0x75, // _cond, vec2 _tru
	0x65, 0x2c, 0x20, 0x76, 0x65, 0x63, 0x32, 0x20, 0x5f, 0x66, 0x61, 0x6c, 0x73, 0x65, 0x29, 0x20, // e, vec2 _false) 
	0x7b, 0x20, 0x72, 0x65, 0x74, 0x75, 0x72, 0x6e, 0x20, 0x28, 0x76, 0x65, 0x63, 0x32, 0x28, 0x5f, // { return (vec2(_
	0x63, 0x6f, 0x6e, 0x64, 0x29, 0x20, 0x2a, 0x20, 0x5f, 0x74, 0x72, 0x75, 0x65, 0x29, 0x20, 0x2b, // cond) * _true) +
	0x20, 0x28, 0x76, 0x65, 0x63, 0x32, 0x28, 0x6e, 0x6f, 0x74, 0x28, 0x5f, 0x63, 0x6f, 0x6e, 0x64, //  (vec2(not(_cond
	0x29, 0x20, 0x29, 0x20, 0x2a, 0x20, 0x5f, 0x66, 0x61, 0x6c, 0x73, 0x65, 0x29, 0x3b, 0x20, 0x7d, // ) ) * _false); }
	0x0a, 0x76, 0x65, 0x63, 0x33, 0x20, 0x73, 0x65, 0x6c, 0x65, 0x63, 0x74, 0x28, 0x62, 0x76, 0x65, // .vec3 select(bve
	0x63, 0x33, 0x20, 0x5f, 0x63, 0x6f, 0x6e, 0x64, 0x2c, 0x20, 0x76, 0x65, 0x63, 0x33, 0x20, 0x5f, // c3 _cond, vec3 _
	0x74, 0x72, 0x75, 0x65, 0x2c, 0x20, 0x76, 0x65, 0x63, 0x33, 0x20, 0x5f, 0x66, 0x61, 0x6c, 0x73, // true, vec3 _fals
	0x65, 0x29, 0x20, 0x7b, 0x20, 0x72, 0x65, 0x74, 0x75, 0x72, 0x6e, 0x20, 0x28, 0x76, 0x65, 0x63, // e) { return (vec
	0x33, 0x28, 0x5f, 0x63, 0x6f, 0x6e, 0x64, 0x29, 0x20, 0x2a, 0x20, 0x5f, 0x74, 0x72, 0x75, 0x65, // 3(_cond) * _true
	0x29, 0x20, 0x2b, 0x20, 0x28, 0x76, 0x65, 0x63, 0x33, 0x28, 0x6e, 0x6f, 0x74, 0x28, 0x5f, 0x63, // ) + (vec3(not(_c
	0x6f, 0x6e, 0x64, 0x29, 0x20, 0x29, 0x20, 0x2a, 0x20, 0x5f, 0x66, 0x61, 0x6c, 0x73, 0x65, 0x29, // ond) ) * _false)
	0x3b, 0x20, 0x7d, 0x0a, 0x76, 0x65, 0x63, 0x34, 0x20, 0x73, 0x65, 0x6c, 0x65, 0x63, 0x74, 0x28, // ; }.vec4 select(
	0x62, 0x76, 0x65, 0x63, 0x34, 0x20, 0x5f, 0x63, 0x6f, 0x6e, 0x64, 0x2c, 0x20, 0x76, 0x65, 0x63, // bvec4 _cond, vec
	0x34, 0x20, 0x5f, 0x74, 0x72, 0x75, 0x65, 0x2c, 0x20, 0x76, 0x65, 0x63, 0x34, 0x20, 0x5f, 0x66, // 4 _true, vec4 _f
	0x61, 0x6c, 0x73, 0x65, 0x29, 0x20, 0x7b, 0x20, 0x72, 0x65, 0x74, 0x75, 0x72, 0x6e, 0x20, 0x28, // alse) { return (
	0x76, 0x65, 0x63, 0x34, 0x28, 0x5f, 0x63, 0x6f, 0x6e, 0x64, 0x29, 0x20, 0x2a, 0x20, 0x5f, 0x74, // vec4(_cond) * _t
	0x72, 0x75, 0x65, 0x29, 0x20, 0x2b, 0x20, 0x28, 0x76, 0x65, 0x63, 0x34, 0x28, 0x6e, 0x6f, 0x74, // rue) + (vec4(not
	0x28, 0x5f, 0x63, 0x6f, 0x6e, 0x64, 0x29, 0x20, 0x29, 0x20, 0x2a, 0x20, 0x5f, 0x66, 0x61, 0x6c, // (_cond) ) * _fal
	0x73, 0x65, 0x29, 0x3b, 0x20, 0x7d, 0x0a, 0x69, 0x6e, 0x74, 0x20, 0x73, 0x65, 0x6c, 0x65, 0x63, // se); }.int selec
	0x74, 0x28, 0x62, 0x6f, 0x6f, 0x6c, 0x20, 0x5f, 0x63, 0x6f, 0x6e, 0x64, 0x2c, 0x20, 0x69, 0x6e, // t(bool _cond, in
	0x74, 0x20, 0x5f, 0x74, 0x72, 0x75, 0x65, 0x2c, 0x20, 0x69, 0x6e, 0x74, 0x20, 0x5f, 0x66, 0x61, // t _true, int _fa
	0x6c, 0x73, 0x65, 0x29, 0x20, 0x7b, 0x20, 0x72, 0x65, 0x74, 0x75, 0x72, 0x6e, 0x20, 0x5f, 0x63, // lse) { return _c
	0x6f, 0x6e, 0x64, 0x20, 0x3f, 0x20, 0x5f, 0x74, 0x72, 0x75, 0x65, 0x20, 0x3a, 0x20, 0x5f, 0x66, // ond ? _true : _f
	0x61, 0x6c, 0x73, 0x65, 0x3b, 0x20, 0x7d, 0x0a, 0x69, 0x76, 0x65, 0x63, 0x32, 0x20, 0x73, 0x65, // alse; }.ivec2 se
	0x6c, 0x65, 0x63, 0x74, 0x28, 0x62, 0x6f, 0x6f, 0x6c, 0x20, 0x5f, 0x63, 0x6f, 0x6e, 0x64, 0x2c, // lect(bool _cond,
	0x20, 0x69, 0x76, 0x65, 0x63, 0x32, 0x20, 0x5f, 0x74, 0x72, 0x75, 0x65, 0x2c, 0x20, 0x69, 0x76, //  ivec2 _true, iv
	0x65, 0x63, 0x32, 0x20, 0x5f, 0x66, 0x61, 0x6c, 0x73, 0x65, 0x29, 0x20, 0x7b, 0x20, 0x72, 0x65, // ec2 _false) { re
	0x74, 0x75, 0x72, 0x6e, 0x20, 0x5f, 0x63, 0x6f, 0x6e, 0x64, 0x20, 0x3f, 0x20, 0x5f, 0x74, 0x72, // turn _cond ? _tr
	0x75, 0x65, 0x20, 0x3a, 0x20, 0x5f, 0x66, 0x61, 0x6c, 0x73, 0x65, 0x3b, 0x20, 0x7d, 0x0a, 0x69, // ue : _false; }.i
	0x76, 0x65, 0x63, 0x33, 0x20, 0x73, 0x65, 0x6c, 0x65, 0x63, 0x74, 0x28, 0x62, 0x6f, 0x6f, 0x6c, // vec3 select(bool
	0x20, 0x5f, 0x63, 0x6f, 0x6e, 0x64, 0x2c, 0x20, 0x69, 0x76, 0x65, 0x63, 0x33, 0x20, 0x5f, 0x74, //  _cond, ivec3 _t
	0x72, 0x75, 0x65, 0x2c, 0x20, 0x69, 0x76, 0x65, 0x63, 0x33, 0x20, 0x5f, 0x66, 0x61, 0x6c, 0x73, // rue, ivec3 _fals
	0x65, 0x29, 0x20, 0x7b, 0x20, 0x72, 0x65, 0x74, 0x75, 0x72, 0x6e, 0x20, 0x5f, 0x63, 0x6f, 0x6e, // e) { return _con
	0x64, 0x20, 0x3f, 0x20, 0x5f, 0x74, 0x72, 0x75, 0x65, 0x20, 0x3a, 0x20, 0x5f, 0x66, 0x61, 0x6c, // d ? _true : _fal
	0x73, 0x65, 0x3b, 0x20, 0x7d, 0x0a, 0x69, 0x76, 0x65, 0x63, 0x34, 0x20, 0x73, 0x65, 0x6c, 0x65, // se; }.ivec4 sele
	0x63, 0x74, 0x28, 0x62, 0x6f, 0x6f, 0x6c, 0x20, 0x5f, 0x63, 0x6f, 0x6e, 0x64, 0x2c, 0x20, 0x69, // ct(bool _cond, i
	0x76, 0x65, 0x63, 0x34, 0x20, 0x5f, 0x74, 0x72, 0x75, 0x65, 0x2c, 0x20, 0x69, 0x76, 0x65, 0x63, // vec4 _true, ivec
	0x34, 0x20, 0x5f, 0x66, 0x61, 0x6c, 0x73, 0x65, 0x29, 0x20, 0x7b, 0x20, 0x72, 0x65, 0x74, 0x75, // 4 _false) { retu
	0x72, 0x6e, 0x20, 0x5f, 0x63, 0x6f, 0x6e, 0x64, 0x20, 0x3f, 0x20, 0x5f, 0x74, 0x72, 0x75, 0x65, // rn _cond ? _true
	0x20, 0x3a, 0x20, 0x5f, 0x66, 0x61, 0x6c, 0x73, 0x65, 0x3b, 0x20, 0x7d, 0x0a, 0x69, 0x76, 0x65, //  : _false; }.ive
	0x63, 0x32, 0x20, 0x73, 0x65, 0x6c, 0x65, 0x63, 0x74, 0x28, 0x62, 0x76, 0x65, 0x63, 0x32, 0x20, // c2 select(bvec2 
	0x5f, 0x63, 0x6f, 0x6e, 0x64, 0x2c, 0x20, 0x69, 0x76, 0x65, 0x63, 0x32, 0x20, 0x5f, 0x74, 0x72, // _cond, ivec2 _tr
	0x75, 0x65, 0x2c, 0x20, 0x69, 0x76, 0x65, 0x63, 0x32, 0x20, 0x5f, 0x66, 0x61, 0x6c, 0x73, 0x65, // ue, ivec2 _false
	0x29, 0x20, 0x7b, 0x20, 0x72, 0x65, 0x74, 0x75, 0x72, 0x6e, 0x20, 0x28, 0x69, 0x76, 0x65, 0x63, // ) { return (ivec
	0x32, 0x28, 0x5f, 0x63, 0x6f, 0x6e, 0x64, 0x29, 0x20, 0x2a, 0x20, 0x5f, 0x74, 0x72, 0x75, 0x65, // 2(_cond) * _true
	0x29, 0x20, 0x2b, 0x20, 0x28, 0x69, 0x76, 0x65, 0x63, 0x32, 0x28, 0x6e, 0x6f, 0x74, 0x28, 0x5f, // ) + (ivec2(not(_
	0x63, 0x6f, 0x6e, 0x64, 0x29, 0x20, 0x29, 0x20, 0x2a, 0x20, 0x5f, 0x66, 0x61, 0x6c, 0x73, 0x65, // cond) ) * _false
	0x29, 0x3b, 0x20, 0x7d, 0x0a, 0x69, 0x76, 0x65, 0x63, 0x33, 0x20, 0x73, 0x65, 0x6c, 0x65, 0x63, // ); }.ivec3 selec
	0x74, 0x28, 0x62, 0x76, 0x65, 0x63, 0x33, 0x20, 0x5f, 0x63, 0x6f, 0x6e, 0x64, 0x2c, 0x20, 0x69, // t(bvec3 _cond, i
	0x76, 0x65, 0x63, 0x33, 0x20, 0x5f, 0x74, 0x72, 0x75, 0x65, 0x2c, 0x20, 0x69, 0x76, 0x65, 0x63, // vec3 _true, ivec
	0x33, 0x20, 0x5f, 0x66, 0x61, 0x6c, 0x73, 0x65, 0x29, 0x20, 0x7b, 0x20, 0x72, 0x65, 0x74, 0x75, // 3 _false) { retu
	0x72, 0x6e, 0x20, 0x28, 0x69, 0x76, 0x65, 0x63, 0x33, 0x28, 0x5f, 0x63, 0x6f, 0x6e, 0x64, 0x29, // rn (ivec3(_cond)
	0x20, 0x2a, 0x20, 0x5f, 0x74, 0x72, 0x75, 0x65, 0x29, 0x20, 0x2b, 0x20, 0x28, 0x69, 0x76, 0x65, //  * _true) + (ive
	0x63, 0x33, 0x28, 0x6e, 0x6f, 0x74, 0x28, 0x5f, 0x63, 0x6f, 0x6e, 0x64, 0x29, 0x20, 0x29, 0x20, // c3(not(_cond) ) 
	0x2a, 0x20, 0x5f, 0x66, 0x61, 0x6c, 0x73, 0x65, 0x29, 0x3b, 0x20, 0x7d, 0x0a, 0x69, 0x76, 0x65, // * _false); }.ive
	0x63, 0x34, 0x20, 0x73, 0x65, 0x6c, 0x65, 0x63, 0x74, 0x28, 0x62, 0x76, 0x65, 0x63, 0x34, 0x20, // c4 select(bvec4 
	0x5f, 0x63, 0x6f, 0x6e, 0x64, 0x2c, 0x20, 0x69, 0x76, 0x65, 0x63, 0x34, 0x20, 0x5f, 0x74, 0x72, // _cond, ivec4 _tr
	0x75, 0x65, 0x2c, 0x20, 0x69, 0x76, 0x65, 0x63, 0x34, 0x20, 0x5f, 0x66, 0x61, 0x6c, 0x73, 0x65, // ue, ivec4 _false
	0x29, 0x20, 0x7b, 0x20, 0x72, 0x65, 0x74, 0x75, 0x72, 0x6e, 0x20, 0x28, 0x69, 0x76, 0x65, 0x63, // ) { return (ivec
	0x34, 0x28, 0x5f, 0x63, 0x6f, 0x6e, 0x64, 0x29, 0x20, 0x2a, 0x20, 0x5f, 0x74, 0x72, 0x75, 0x65, // 4(_cond) * _true
	0x29, 0x20, 0x2b, 0x20, 0x28, 0x69, 0x76, 0x65, 0x63, 0x34, 0x28, 0x6e, 0x6f, 0x74, 0x28, 0x5f, // ) + (ivec4(not(_
	0x63, 0x6f, 0x6e, 0x64, 0x29, 0x20, 0x29, 0x20, 0x2a, 0x20, 0x5f, 0x66, 0x61, 0x6c, 0x73, 0x65, // cond) ) * _false
	0x29, 0x3b, 0x20, 0x7d, 0x0a, 0x75, 0x69, 0x6e, 0x74, 0x20, 0x73, 0x65, 0x6c, 0x65, 0x63, 0x74, // ); }.uint select
	0x28, 0x62, 0x6f, 0x6f, 0x6c, 0x20, 0x5f, 0x63, 0x6f, 0x6e, 0x64, 0x2c, 0x20, 0x75, 0x69, 0x6e, // (bool _cond, uin
	0x74, 0x20, 0x5f, 0x74, 0x72, 0x75, 0x65, 0x2c, 0x20, 0x75, 0x69, 0x6e, 0x74, 0x20, 0x5f, 0x66, // t _true, uint _f
	0x61, 0x6c, 0x73, 0x65, 0x29, 0x20, 0x7b, 0x20, 0x72, 0x65, 0x74, 0x75, 0x72, 0x6e, 0x20, 0x5f, // alse) { return _
	0x63, 0x6f, 0x6e, 0x64, 0x20, 0x3f, 0x20, 0x5f, 0x74, 0x72, 0x75, 0x65, 0x20, 0x3a, 0x20, 0x5f, // cond ? _true : _
	0x66, 0x61, 0x6c, 0x73, 0x65, 0x3b, 0x20, 0x7d, 0x0a, 0x75, 0x76, 0x65, 0x63, 0x32, 0x20, 0x73, // false; }.uvec2 s
	0x65, 0x6c, 0x65, 0x63, 0x74, 0x28, 0x62, 0x6f, 0x6f, 0x6c, 0x20, 0x5f, 0x63, 0x6f, 0x6e, 0x64, // elect(bool _cond
	0x2c, 0x20, 0x75, 0x76, 0x65, 0x63, 0x32, 0x20, 0x5f, 0x74, 0x72, 0x75, 0x65, 0x2c, 0x20, 0x75, // , uvec2 _true, u
	0x76, 0x65, 0x63, 0x32, 0x20, 0x5f, 0x66, 0x61, 0x6c, 0x73, 0x65, 0x29, 0x20, 0x7b, 0x20, 0x72, // vec2 _false) { r
	0x65, 0x74, 0x75, 0x72, 0x6e, 0x20, 0x5f, 0x63, 0x6f, 0x6e, 0x64, 0x20, 0x3f, 0x20, 0x5f, 0x74, // eturn _cond ? _t
	0x72, 0x75, 0x65, 0x20, 0x3a, 0x20, 0x5f, 0x66, 0x61, 0x6c, 0x73, 0x65, 0x3b, 0x20, 0x7d, 0x0a, // rue : _false; }.
	0x75, 0x76, 0x65, 0x63, 0x33, 0x20, 0x73, 0x65, 0x6c, 0x65, 0x63, 0x74, 0x28, 0x62, 0x6f, 0x6f, // uvec3 select(boo
	0x6c, 0x20, 0x5f, 0x63, 0x6f, 0x6e, 0x64, 0x2c, 0x20, 0x75, 0x76, 0x65, 0x63, 0x33, 0x20, 0x5f, // l _cond, uvec3 _
	0x74, 0x72, 0x75, 0x65, 0x2c, 0x20, 0x75, 0x76, 0x65, 0x63, 0x33, 0x20, 0x5f, 0x66, 0x61, 0x6c, // true, uvec3 _fal
	0x73, 0x65, 0x29, 0x20, 0x7b, 0x20, 0x72, 0x65, 0x74, 0x75, 0x72, 0x6e, 0x20, 0x5f, 0x63, 0x6f, // se) { return _co
	0x6e, 0x64, 0x20, 0x3f, 0x20, 0x5f, 0x74, 0x72, 0x75, 0x65, 0x20, 0x3a, 0x20, 0x5f, 0x66, 0x61, // nd ? _true : _fa
	0x6c, 0x73, 0x65, 0x3b, 0x20, 0x7d, 0x0a, 0x75, 0x76, 0x65, 0x63, 0x34, 0x20, 0x73, 0x65, 0x6c, // lse; }.uvec4 sel
	0x65, 0x63, 0x74, 0x28, 0x62, 0x6f, 0x6f, 0x6c, 0x20, 0x5f, 0x63, 0x6f, 0x6e, 0x64, 0x2c, 0x20, // ect(bool _cond, 
	0x75, 0x76, 0x65, 0x63, 0x34, 0x20, 0x5f, 0x74, 0x72, 0x75, 0x65, 0x2c, 0x20, 0x75, 0x76, 0x65, // uvec4 _true, uve
	0x63, 0x34, 0x20, 0x5f, 0x66, 0x61, 0x6c, 0x73, 0x65, 0x29, 0x20, 0x7b, 0x20, 0x72, 0x65, 0x74, // c4 _false) { ret
	0x75, 0x72, 0x6e, 0x20, 0x5f, 0x63, 0x6f, 0x6e, 0x64, 0x20, 0x3f, 0x20, 0x5f, 0x74, 0x72, 0x75, // urn _cond ? _tru
	0x65, 0x20, 0x3a, 0x20, 0x5f, 0x66, 0x61, 0x6c, 0x73, 0x65, 0x3b, 0x20, 0x7d, 0x0a, 0x75, 0x76, // e : _false; }.uv
	0x65, 0x63, 0x32, 0x20, 0x73, 0x65, 0x6c, 0x65, 0x63, 0x74, 0x28, 0x62, 0x76, 0x65, 0x63, 0x32, // ec2 select(bvec2
	0x20, 0x5f, 0x63, 0x6f, 0x6e, 0x64, 0x2c, 0x20, 0x75, 0x76, 0x65, 0x63, 0x32, 0x20, 0x5f, 0x74, //  _cond, uvec2 _t
	0x72, 0x75, 0x65, 0x2c, 0x20, 0x75, 0x76, 0x65, 0x63, 0x32, 0x20, 0x5f, 0x66, 0x61, 0x6c, 0x73, // rue, uvec2 _fals
	0x65, 0x29, 0x20, 0x7b, 0x20, 0x72, 0x65, 0x74, 0x75, 0x72, 0x6e, 0x20, 0x28, 0x75, 0x76, 0x65, // e) { return (uve
	0x63, 0x32, 0x28, 0x5f, 0x63, 0x6f, 0x6e, 0x64, 0x29, 0x20, 0x2a, 0x20, 0x5f, 0x74, 0x72, 0x75, // c2(_cond) * _tru
	0x65, 0x29, 0x20, 0x2b, 0x20, 0x28, 0x75, 0x76, 0x65, 0x63, 0x32, 0x28, 0x6e, 0x6f, 0x74, 0x28, // e) + (uvec2(not(
	0x5f, 0x63, 0x6f, 0x6e, 0x64, 0x29, 0x20, 0x29, 0x20, 0x2a, 0x20, 0x5f, 0x66, 0x61, 0x6c, 0x73, // _cond) ) * _fals
	0x65, 0x29, 0x3b, 0x20, 0x7d, 0x0a, 0x75, 0x76, 0x65, 0x63, 0x33, 0x20, 0x73, 0x65, 0x6c, 0x65, // e); }.uvec3 sele
	0x63, 0x74, 0x28, 0x62, 0x76, 0x65, 0x63, 0x33, 0x20, 0x5f, 0x63, 0x6f, 0x6e, 0x64, 0x2c, 0x20, // ct(bvec3 _cond, 
	0x75, 0x76, 0x65, 0x63, 0x33, 0x20, 0x5f, 0x74, 0x72, 0x75, 0x65, 0x2c, 0x20, 0x75, 0x76, 0x65, // uvec3 _true, uve
	0x63, 0x33, 0x20, 0x5f, 0x66, 0x61, 0x6c, 0x73, 0x65, 0x29, 0x20, 0x7b, 0x20, 0x72, 0x65, 0x74, // c3 _false) { ret
	0x75, 0x72, 0x6e, 0x20, 0x28, 0x75, 0x76, 0x65, 0x63, 0x33, 0x28, 0x5f, 0x63, 0x6f, 0x6e, 0x64, // urn (uvec3(_cond
	0x29, 0x20, 0x2a, 0x20, 0x5f, 0x74, 0x72, 0x75, 0x65, 0x29, 0x20, 0x2b, 0x20, 0x28, 0x75, 0x76, // ) * _true) + (uv
	0x65, 0x63, 0x33, 0x28, 0x6e, 0x6f, 0x74, 0x28, 0x5f, 0x63, 0x6f, 0x6e, 0x64, 0x29, 0x20, 0x29, // ec3(not(_cond) )
	0x20, 0x2a, 0x20, 0x5f, 0x66, 0x61, 0x6c, 0x73, 0x65, 0x29, 0x3b, 0x20, 0x7d, 0x0a, 0x75, 0x76, //  * _false); }.uv
	0x65, 0x63, 0x34, 0x20, 0x73, 0x65, 0x6c, 0x65, 0x63, 0x74, 0x28, 0x62, 0x76, 0x65, 0x63, 0x34, // ec4 select(bvec4
	0x20, 0x5f, 0x63, 0x6f, 0x6e, 0x64, 0x2c, 0x20, 0x75, 0x76, 0x65, 0x63, 0x34, 0x20, 0x5f, 0x74, //  _cond, uvec4 _t
	0x72, 0x75, 0x65, 0x2c, 0x20, 0x75, 0x76, 0x65, 0x63, 0x34, 0x20, 0x5f, 0x66, 0x61, 0x6c, 0x73, // rue, uvec4 _fals
	0x65, 0x29, 0x20, 0x7b, 0x20, 0x72, 0x65, 0x74, 0x75, 0x72, 0x6e, 0x20, 0x28, 0x75, 0x76, 0x65, // e) { return (uve
	0x63, 0x34, 0x28, 0x5f, 0x63, 0x6f, 0x6e, 0x64, 0x29, 0x20, 0x2a, 0x20, 0x5f, 0x74, 0x72, 0x75, // c4(_cond) * _tru
	0x65, 0x29, 0x20, 0x2b, 0x20, 0x28, 0x75, 0x76, 0x65, 0x63, 0x34, 0x28, 0x6e, 0x6f, 0x74, 0x28, // e) + (uvec4(not(
	0x5f, 0x63, 0x6f, 0x6e, 0x64, 0x29, 0x20, 0x29, 0x20, 0x2a, 0x20, 0x5f, 0x66, 0x61, 0x6c, 0x73, // _cond) ) * _fals
	0x65, 0x29, 0x3b, 0x20, 0x7d, 0x0a, 0x75, 0x6e, 0x69, 0x66, 0x6f, 0x72, 0x6d, 0x20, 0x76, 0x65, // e); }.uniform ve
	0x63, 0x34, 0x20, 0x75, 0x5f, 0x76, 0x69, 0x65, 0x77, 0x52, 0x65, 0x63, 0x74, 0x3b, 0x0a, 0x75, // c4 u_viewRect;.u
	0x6e, 0x69, 0x66, 0x6f, 0x72, 0x6d, 0x20, 0x76, 0x65, 0x63, 0x34, 0x20, 0x75, 0x5f, 0x76, 0x69, // niform vec4 u_vi
	0x65, 0x77, 0x54, 0x65, 0x78, 0x65, 0x6c, 0x3b, 0x0a, 0x75, 0x6e, 0x69, 0x66, 0x6f, 0x72, 0x6d, // ewTexel;.uniform
	0x20, 0x6d, 0x61, 0x74, 0x34, 0x20, 0x75, 0x5f, 0x76, 0x69, 0x65, 0x77, 0x3b, 0x0a, 0x75, 0x6e, //  mat4 u_view;.un
	0x69, 0x66, 0x6f, 0x72, 0x6d, 0x20, 0x6d, 0x61, 0x74, 0x34, 0x20, 0x75, 0x5f, 0x69, 0x6e, 0x76, // iform mat4 u_inv
	0x56, 0x69, 0x65, 0x77, 0x3b, 0x0a, 0x75, 0x6e, 0x69, 0x66, 0x6f, 0x72, 0x6d, 0x20, 0x6d, 0x61, // View;.uniform ma
	0x74, 0x34, 0x20, 0x75, 0x5f, 0x70, 0x72, 0x6f, 0x6a, 0x3b, 0x0a, 0x75, 0x6e, 0x69, 0x66, 0x6f, // t4 u_proj;.unifo
	0x72, 0x6d, 0x20, 0x6d, 0x61, 0x74, 0x34, 0x20, 0x75, 0x5f, 0x69, 0x6e, 0x76, 0x50, 0x72, 0x6f, // rm mat4 u_invPro
	0x6a, 0x3b, 0x0a, 0x75, 0x6e, 0x69, 0x66, 0x6f, 0x72, 0x6d, 0x20, 0x6d, 0x61, 0x74, 0x34, 0x20, // j;.uniform mat4 
	0x75, 0x5f, 0x76, 0x69, 0x65, 0x77, 0x50, 0x72, 0x6f, 0x6a, 0x3b, 0x0a, 0x75, 0x6e, 0x69, 0x66, // u_viewProj;.unif
	0x6f, 0x72, 0x6d, 0x20, 0x6d, 0x61, 0x74, 0x34, 0x20, 0x75, 0x5f, 0x69, 0x6e, 0x76, 0x56, 0x69, // orm mat4 u_invVi
	0x65, 0x77, 0x50, 0x72, 0x6f, 0x6a, 0x3b, 0x0a, 0x75, 0x6e, 0x69, 0x66, 0x6f, 0x72, 0x6d, 0x20, // ewProj;.uniform 
	0x6d, 0x61, 0x74, 0x34, 0x20, 0x75, 0x5f, 0x6d, 0x6f, 0x64, 0x65, 0x6c, 0x56, 0x69, 0x65, 0x77, // mat4 u_modelView
	0x3b, 0x0a, 0x75, 0x6e, 0x69, 0x66, 0x6f, 0x72, 0x6d, 0x20, 0x6d, 0x61, 0x74, 0x34, 0x20, 0x75, // ;.uniform mat4 u
	0x5f, 0x69, 0x6e, 0x76, 0x4d, 0x6f, 0x64, 0x65, 0x6c, 0x56, 0x69, 0x65, 0x77, 0x3b, 0x0a, 0x75, // _invModelView;.u
	0x6e, 0x69, 0x66, 0x6f, 0x72, 0x6d, 0x20, 0x6d, 0x61, 0x74, 0x34, 0x20, 0x75, 0x5f, 0x6d, 0x6f, // niform mat4 u_mo
	0x64, 0x65, 0x6c, 0x56, 0x69, 0x65, 0x77, 0x50, 0x72, 0x6f, 0x6a, 0x3b, 0x0a, 0x75, 0x6e, 0x69, // delViewProj;.uni
	0x66, 0x6f, 0x72, 0x6d, 0x20, 0x76, 0x65, 0x63, 0x34, 0x20, 0x75, 0x5f, 0x61, 0x6c, 0x70, 0x68, // form vec4 u_alph
	0x61, 0x52, 0x65, 0x66, 0x34, 0x3b, 0x0a, 0x75, 0x6e, 0x69, 0x66, 0x6f, 0x72, 0x6d, 0x20, 0x6d, // aRef4;.uniform m
	0x61, 0x74, 0x34, 0x20, 0x75, 0x5f, 0x6d, 0x6f, 0x64, 0x65, 0x6c, 0x5b, 0x31, 0x5d, 0x3b, 0x0a, // at4 u_model[1];.
	0x76, 0x6f, 0x69, 0x64, 0x20, 0x6d, 0x61, 0x69, 0x6e, 0x28, 0x29, 0x0a, 0x7b, 0x0a, 0x67, 0x6c, // void main().{.gl
	0x5f, 0x50, 0x6f, 0x73, 0x69, 0x74, 0x69, 0x6f, 0x6e, 0x20, 0x3d, 0x20, 0x28, 0x20, 0x28, 0x75, // _Position = ( (u
	0x5f, 0x76, 0x69, 0x65, 0x77, 0x50, 0x72, 0x6f, 0x6a, 0x29, 0x20, 0x2a, 0x20, 0x28, 0x76, 0x65, // _viewProj) * (ve
	0x63, 0x34, 0x28, 0x61, 0x5f, 0x70, 0x6f, 0x73, 0x69, 0x74, 0x69, 0x6f, 0x6e, 0x2c, 0x20, 0x30, // c4(a_position, 0
	0x2e, 0x30, 0x2c, 0x20, 0x31, 0x2e, 0x30, 0x29, 0x29, 0x20, 0x29, 0x3b, 0x0a, 0x76, 0x5f, 0x74, // .0, 1.0)) );.v_t
	0x65, 0x78, 0x63, 0x6f, 0x6f, 0x72, 0x64, 0x30, 0x20, 0x3d, 0x20, 0x61, 0x5f, 0x74, 0x65, 0x78, // excoord0 = a_tex
	0x63, 0x6f, 0x6f, 0x72, 0x64, 0x30, 0x3b, 0x0a, 0x76, 0x5f, 0x63, 0x6f, 0x6c, 0x6f, 0x72, 0x30, // coord0;.v_color0
	0x20, 0x3d, 0x20, 0x61, 0x5f, 0x63, 0x6f, 0x6c, 0x6f, 0x72, 0x30, 0x3b, 0x0a, 0x7d, 0x0a, 0x00, //  = a_color0;.}..
};

static const uint8_t quad_image_vs_essl[4304] =
{
	0x56, 0x53, 0x48, 0x0b, 0x00, 0x00, 0x00, 0x00, 0x01, 0x83, 0xf2, 0xe1, 0x00, 0x00, 0xbd, 0x10, // VSH.............
	0x00, 0x00, 0x23, 0x76, 0x65, 0x72, 0x73, 0x69, 0x6f, 0x6e, 0x20, 0x33, 0x32, 0x30, 0x20, 0x65, // ..#version 320 e
	0x73, 0x0a, 0x23, 0x64, 0x65, 0x66, 0x69, 0x6e, 0x65, 0x20, 0x61, 0x74, 0x74, 0x72, 0x69, 0x62, // s.#define attrib
	0x75, 0x74, 0x65, 0x20, 0x69, 0x6e, 0x0a, 0x23, 0x64, 0x65, 0x66, 0x69, 0x6e, 0x65, 0x20, 0x76, // ute in.#define v
	0x61, 0x72, 0x79, 0x69, 0x6e, 0x67, 0x20, 0x6f, 0x75, 0x74, 0x0a, 0x70, 0x72, 0x65, 0x63, 0x69, // arying out.preci
	0x73, 0x69, 0x6f, 0x6e, 0x20, 0x68, 0x69, 0x67, 0x68, 0x70, 0x20, 0x66, 0x6c, 0x6f, 0x61, 0x74, // sion highp float
	0x3b, 0x0a, 0x70, 0x72, 0x65, 0x63, 0x69, 0x73, 0x69, 0x6f, 0x6e, 0x20, 0x68, 0x69, 0x67, 0x68, // ;.precision high
	0x70, 0x20, 0x69, 0x6e, 0x74, 0x3b, 0x0a, 0x23, 0x64, 0x65, 0x66, 0x69, 0x6e, 0x65, 0x20, 0x73, // p int;.#define s
	0x68, 0x61, 0x64, 0x6f, 0x77, 0x32, 0x44, 0x28, 0x5f, 0x73, 0x61, 0x6d, 0x70, 0x6c, 0x65, 0x72, // hadow2D(_sampler
	0x2c, 0x20, 0x5f, 0x63, 0x6f, 0x6f, 0x72, 0x64, 0x29, 0x20, 0x74, 0x65, 0x78, 0x74, 0x75, 0x72, // , _coord) textur
	0x65, 0x28, 0x5f, 0x73, 0x61, 0x6d, 0x70, 0x6c, 0x65, 0x72, 0x2c, 0x20, 0x5f, 0x63, 0x6f, 0x6f, // e(_sampler, _coo
	0x72, 0x64, 0x29, 0x0a, 0x23, 0x64, 0x65, 0x66, 0x69, 0x6e, 0x65, 0x20, 0x73, 0x68, 0x61, 0x64, // rd).#define shad
	0x6f, 0x77, 0x32, 0x44, 0x50, 0x72, 0x6f, 0x6a, 0x28, 0x5f, 0x73, 0x61, 0x6d, 0x70, 0x6c, 0x65, // ow2DProj(_sample
	0x72, 0x2c, 0x20, 0x5f, 0x63, 0x6f, 0x6f, 0x72, 0x64, 0x29, 0x20, 0x74, 0x65, 0x78, 0x74, 0x75, // r, _coord) textu
	0x72, 0x65, 0x50, 0x72, 0x6f, 0x6a, 0x28, 0x5f, 0x73, 0x61, 0x6d, 0x70, 0x6c, 0x65, 0x72, 0x2c, // reProj(_sampler,
	0x20, 0x5f, 0x63, 0x6f, 0x6f, 0x72, 0x64, 0x29, 0x0a, 0x61, 0x74, 0x74, 0x72, 0x69, 0x62, 0x75, //  _coord).attribu
	0x74, 0x65, 0x20, 0x76, 0x65, 0x63, 0x34, 0x20, 0x61, 0x5f, 0x63, 0x6f, 0x6c, 0x6f, 0x72, 0x30, // te vec4 a_color0
	0x3b, 0x0a, 0x61, 0x74, 0x74, 0x72, 0x69, 0x62, 0x75, 0x74, 0x65, 0x20, 0x76, 0x65, 0x63, 0x32, // ;.attribute vec2
	0x20, 0x61, 0x5f, 0x70, 0x6f, 0x73, 0x69, 0x74, 0x69, 0x6f, 0x6e, 0x3b, 0x0a, 0x61, 0x74, 0x74, //  a_position;.att
	0x72, 0x69, 0x62, 0x75, 0x74, 0x65, 0x20, 0x76, 0x65, 0x63, 0x32, 0x20, 0x61, 0x5f, 0x74, 0x65, // ribute vec2 a_te
	0x78, 0x63, 0x6f, 0x6f, 0x72, 0x64, 0x30, 0x3b, 0x0a, 0x76, 0x61, 0x72, 0x79, 0x69, 0x6e, 0x67, // xcoord0;.varying
	0x20, 0x76, 0x65, 0x63, 0x34, 0x20, 0x76, 0x5f, 0x63, 0x6f, 0x6c, 0x6f, 0x72, 0x30, 0x3b, 0x0a, //  vec4 v_color0;.
	0x76, 0x61, 0x72, 0x79, 0x69, 0x6e, 0x67, 0x20, 0x76, 0x65, 0x63, 0x32, 0x20, 0x76, 0x5f, 0x74, // varying vec2 v_t
	0x65, 0x78, 0x63, 0x6f, 0x6f, 0x72, 0x64, 0x30, 0x3b, 0x0a, 0x66, 0x6c, 0x6f, 0x61, 0x74, 0x20, // excoord0;.float 
	0x72, 0x63, 0x70, 0x28, 0x66, 0x6c, 0x6f, 0x61, 0x74, 0x20, 0x5f, 0x61, 0x29, 0x20, 0x7b, 0x20, // rcp(float _a) { 
	0x72, 0x65, 0x74, 0x75, 0x72, 0x6e, 0x20, 0x31, 0x2e, 0x30, 0x2f, 0x5f, 0x61, 0x3b, 0x20, 0x7d, // return 1.0/_a; }
	0x0a, 0x76, 0x65, 0x63, 0x32, 0x20, 0x72, 0x63, 0x70, 0x28, 0x76, 0x65, 0x63, 0x32, 0x20, 0x5f, // .vec2 rcp(vec2 _
	0x61, 0x29, 0x20, 0x7b, 0x20, 0x72, 0x65, 0x74, 0x75, 0x72, 0x6e, 0x20, 0x76, 0x65, 0x63, 0x32, // a) { return vec2
	0x28, 0x31, 0x2e, 0x30, 0x29, 0x2f, 0x5f, 0x61, 0x3b, 0x20, 0x7d, 0x0a, 0x76, 0x65, 0x63, 0x33, // (1.0)/_a; }.vec3
	0x20, 0x72, 0x63, 0x70, 0x28, 0x76, 0x65, 0x63, 0x33, 0x20, 0x5f, 0x61, 0x29, 0x20, 0x7b, 0x20, //  rcp(vec3 _a) { 
	0x72, 0x65, 0x74, 0x75, 0x72, 0x6e, 0x20, 0x76, 0x65, 0x63, 0x33, 0x28, 0x31, 0x2e, 0x30, 0x29, // return vec3(1.0)
	0x2f, 0x5f, 0x61, 0x3b, 0x20, 0x7d, 0x0a, 0x76, 0x65, 0x63, 0x34, 0x20, 0x72, 0x63, 0x70, 0x28, // /_a; }.vec4 rcp(
	0x76, 0x65, 0x63, 0x34, 0x20, 0x5f, 0x61, 0x29, 0x20, 0x7b, 0x20, 0x72, 0x65, 0x74, 0x75, 0x72, // vec4 _a) { retur
	0x6e, 0x20, 0x76, 0x65, 0x63, 0x34, 0x28, 0x31, 0x2e, 0x30, 0x29, 0x2f, 0x5f, 0x61, 0x3b, 0x20, // n vec4(1.0)/_a; 
	0x7d, 0x0a, 0x76, 0x65, 0x63, 0x32, 0x20, 0x76, 0x65, 0x63, 0x32, 0x5f, 0x73, 0x70, 0x6c, 0x61, // }.vec2 vec2_spla
	0x74, 0x28, 0x66, 0x6c, 0x6f, 0x61, 0x74, 0x20, 0x5f, 0x78, 0x29, 0x20, 0x7b, 0x20, 0x72, 0x65, // t(float _x) { re
	0x74, 0x75, 0x72, 0x6e, 0x20, 0x76, 0x65, 0x63, 0x32, 0x28, 0x5f, 0x78, 0x2c, 0x20, 0x5f, 0x78, // turn vec2(_x, _x
	0x29, 0x3b, 0x20, 0x7d, 0x0a, 0x76, 0x65, 0x63, 0x33, 0x20, 0x76, 0x65, 0x63, 0x33, 0x5f, 0x73, // ); }.vec3 vec3_s
	0x70, 0x6c, 0x61, 0x74, 0x28, 0x66, 0x6c, 0x6f, 0x61, 0x74, 0x20, 0x5f, 0x78, 0x29, 0x20, 0x7b, // plat(float _x) {
	0x20, 0x72, 0x65, 0x74, 0x75, 0x72, 0x6e, 0x20, 0x76, 0x65, 0x63, 0x33, 0x28, 0x5f, 0x78, 0x2c, //  return vec3(_x,
	0x20, 0x5f, 0x78, 0x2c, 0x20, 0x5f, 0x78, 0x29, 0x3b, 0x20, 0x7d, 0x0a, 0x76, 0x65, 0x63, 0x34, //  _x, _x); }.vec4
	0x20, 0x76, 0x65, 0x63, 0x34, 0x5f, 0x73, 0x70, 0x6c, 0x61, 0x74, 0x28, 0x66, 0x6c, 0x6f, 0x61, //  vec4_splat(floa
	0x74, 0x20, 0x5f, 0x78, 0x29, 0x20, 0x7b, 0x20, 0x72, 0x65, 0x74, 0x75, 0x72, 0x6e, 0x20, 0x76, // t _x) { return v
	0x65, 0x63, 0x34, 0x28, 0x5f, 0x78, 0x2c, 0x20, 0x5f, 0x78, 0x2c, 0x20, 0x5f, 0x78, 0x2c, 0x20, // ec4(_x, _x, _x, 
	0x5f, 0x78, 0x29, 0x3b, 0x20, 0x7d, 0x0a, 0x75, 0x76, 0x65, 0x63, 0x32, 0x20, 0x75, 0x76, 0x65, // _x); }.uvec2 uve
	0x63, 0x32, 0x5f, 0x73, 0x70, 0x6c, 0x61, 0x74, 0x28, 0x75, 0x69, 0x6e, 0x74, 0x20, 0x5f, 0x78, // c2_splat(uint _x
	0x29, 0x20, 0x7b, 0x20, 0x72, 0x65, 0x74, 0x75, 0x72, 0x6e, 0x20, 0x75, 0x76, 0x65, 0x63, 0x32, // ) { return uvec2
	0x28, 0x5f, 0x78, 0x2c, 0x20, 0x5f, 0x78, 0x29, 0x3b, 0x20, 0x7d, 0x0a, 0x75, 0x76, 0x65, 0x63, // (_x, _x); }.uvec
	0x33, 0x20, 0x75, 0x76, 0x65, 0x63, 0x33, 0x5f, 0x73, 0x70, 0x6c, 0x61, 0x74, 0x28, 0x75, 0x69, // 3 uvec3_splat(ui
	0x6e, 0x74, 0x20, 0x5f, 0x78, 0x29, 0x20, 0x7b, 0x20, 0x72, 0x65, 0x74, 0x75, 0x72, 0x6e, 0x20, // nt _x) { return 
	0x75, 0x76, 0x65, 0x63, 0x33, 0x28, 0x5f, 0x78, 0x2c, 0x20, 0x5f, 0x78, 0x2c, 0x20, 0x5f, 0x78, // uvec3(_x, _x, _x
	0x29, 0x3b, 0x20, 0x7d, 0x0a, 0x75, 0x76, 0x65, 0x63, 0x34, 0x20, 0x75, 0x76, 0x65, 0x63, 0x34, // ); }.uvec4 uvec4
	0x5f, 0x73, 0x70, 0x6c, 0x61, 0x74, 0x28, 0x75, 0x69, 0x6e, 0x74, 0x20, 0x5f, 0x78, 0x29, 0x20, // _splat(uint _x) 
	0x7b, 0x20, 0x72, 0x65, 0x74, 0x75, 0x72, 0x6e, 0x20, 0x75, 0x76, 0x65, 0x63, 0x34, 0x28, 0x5f, // { return uvec4(_
	0x78, 0x2c, 0x20, 0x5f, 0x78, 0x2c, 0x20, 0x5f, 0x78, 0x2c, 0x20, 0x5f, 0x78, 0x29, 0x3b, 0x20, // x, _x, _x, _x); 
	0x7d, 0x0a, 0x6d, 0x61, 0x74, 0x34, 0x20, 0x6d, 0x74, 0x78, 0x46, 0x72, 0x6f, 0x6d, 0x52, 0x6f, // }.mat4 mtxFromRo
	0x77, 0x73, 0x28, 0x76, 0x65, 0x63, 0x34, 0x20, 0x5f, 0x30, 0x2c, 0x20, 0x76, 0x65, 0x63, 0x34, // ws(vec4 _0, vec4
	0x20, 0x5f, 0x31, 0x2c, 0x20, 0x76, 0x65, 0x63, 0x34, 0x20, 0x5f, 0x32, 0x2c, 0x20, 0x76, 0x65, //  _1, vec4 _2, ve
	0x63, 0x34, 0x20, 0x5f, 0x33, 0x29, 0x0a, 0x7b, 0x0a, 0x72, 0x65, 0x74, 0x75, 0x72, 0x6e, 0x20, // c4 _3).{.return 
	0x74, 0x72, 0x61, 0x6e, 0x73, 0x70, 0x6f, 0x73, 0x65, 0x28, 0x6d, 0x61, 0x74, 0x34, 0x28, 0x5f, // transpose(mat4(_
	0x30, 0x2c, 0x20, 0x5f, 0x31, 0x2c, 0x20, 0x5f, 0x32, 0x2c, 0x20, 0x5f, 0x33, 0x29, 0x20, 0x29, // 0, _1, _2, _3) )
	0x3b, 0x0a, 0x7d, 0x0a, 0x6d, 0x61, 0x74, 0x34, 0x20, 0x6d, 0x74, 0x78, 0x46, 0x72, 0x6f, 0x6d, // ;.}.mat4 mtxFrom
	0x43, 0x6f, 0x6c, 0x73, 0x28, 0x76, 0x65, 0x63, 0x34, 0x20, 0x5f, 0x30, 0x2c, 0x20, 0x76, 0x65, // Cols(vec4 _0, ve
	0x63, 0x34, 0x20, 0x5f, 0x31, 0x2c, 0x20, 0x76, 0x65, 0x63, 0x34, 0x20, 0x5f, 0x32, 0x2c, 0x20, // c4 _1, vec4 _2, 
	0x76, 0x65, 0x63, 0x34, 0x20, 0x5f, 0x33, 0x29, 0x0a, 0x7b, 0x0a, 0x72, 0x65, 0x74, 0x75, 0x72, // vec4 _3).{.retur
	0x6e, 0x20, 0x6d, 0x61, 0x74, 0x34, 0x28, 0x5f, 0x30, 0x2c, 0x20, 0x5f, 0x31, 0x2c, 0x20, 0x5f, // n mat4(_0, _1, _
	0x32, 0x2c, 0x20, 0x5f, 0x33, 0x29, 0x3b, 0x0a, 0x7d, 0x0a, 0x6d, 0x61, 0x74, 0x33, 0x20, 0x6d, // 2, _3);.}.mat3 m
	0x74, 0x78, 0x46, 0x72, 0x6f, 0x6d, 0x52, 0x6f, 0x77, 0x73, 0x28, 0x76, 0x65, 0x63, 0x33, 0x20, // txFromRows(vec3 
	0x5f, 0x30, 0x2c, 0x20, 0x76, 0x65, 0x63, 0x33, 0x20, 0x5f, 0x31, 0x2c, 0x20, 0x76, 0x65, 0x63, // _0, vec3 _1, vec
	0x33, 0x20, 0x5f, 0x32, 0x29, 0x0a, 0x7b, 0x0a, 0x72, 0x65, 0x74, 0x75, 0x72, 0x6e, 0x20, 0x74, // 3 _2).{.return t
	0x72, 0x61, 0x6e, 0x73, 0x70, 0x6f, 0x73, 0x65, 0x28, 0x6d, 0x61, 0x74, 0x33, 0x28, 0x5f, 0x30, // ranspose(mat3(_0
	0x2c, 0x20, 0x5f, 0x31, 0x2c, 0x20, 0x5f, 0x32, 0x29, 0x20, 0x29, 0x3b, 0x0a, 0x7d, 0x0a, 0x6d, // , _1, _2) );.}.m
	0x61, 0x74, 0x33, 0x20, 0x6d, 0x74, 0x78, 0x46, 0x72, 0x6f, 0x6d, 0x43, 0x6f, 0x6c, 0x73, 0x28, // at3 mtxFromCols(
	0x76, 0x65, 0x63, 0x33, 0x20, 0x5f, 0x30, 0x2c, 0x20, 0x76, 0x65, 0x63, 0x33, 0x20, 0x5f, 0x31, // vec3 _0, vec3 _1
	0x2c, 0x20, 0x76, 0x65, 0x63, 0x33, 0x20, 0x5f, 0x32, 0x29, 0x0a, 0x7b, 0x0a, 0x72, 0x65, 0x74, // , vec3 _2).{.ret
	0x75, 0x72, 0x6e, 0x20, 0x6d, 0x61, 0x74, 0x33, 0x28, 0x5f, 0x30, 0x2c, 0x20, 0x5f, 0x31, 0x2c, // urn mat3(_0, _1,
	0x20, 0x5f, 0x32, 0x29, 0x3b, 0x0a, 0x7d, 0x0a, 0x76, 0x65, 0x63, 0x33, 0x20, 0x6d, 0x74, 0x78, //  _2);.}.vec3 mtx
	0x47, 0x65, 0x74, 0x52, 0x6f, 0x77, 0x28, 0x6d, 0x61, 0x74, 0x33, 0x20, 0x5f, 0x6d, 0x74, 0x78, // GetRow(mat3 _mtx
	0x2c, 0x20, 0x69, 0x6e, 0x74, 0x20, 0x5f, 0x72, 0x6f, 0x77, 0x29, 0x0a, 0x7b, 0x0a, 0x72, 0x65, // , int _row).{.re
	0x74, 0x75, 0x72, 0x6e, 0x20, 0x76, 0x65, 0x63, 0x33, 0x28, 0x5f, 0x6d, 0x74, 0x78, 0x5b, 0x30, // turn vec3(_mtx[0
	0x5d, 0x5b, 0x5f, 0x72, 0x6f, 0x77, 0x5d, 0x2c, 0x20, 0x5f, 0x6d, 0x74, 0x78, 0x5b, 0x31, 0x5d, // ][_row], _mtx[1]
	0x5b, 0x5f, 0x72, 0x6f, 0x77, 0x5d, 0x2c, 0x20, 0x5f, 0x6d, 0x74, 0x78, 0x5b, 0x32, 0x5d, 0x5b, // [_row], _mtx[2][
	0x5f, 0x72, 0x6f, 0x77, 0x5d, 0x29, 0x3b, 0x0a, 0x7d, 0x0a, 0x76, 0x65, 0x63, 0x33, 0x20, 0x6d, // _row]);.}.vec3 m
	0x74, 0x78, 0x47, 0x65, 0x74, 0x43, 0x6f, 0x6c, 0x75, 0x6d, 0x6e, 0x28, 0x6d, 0x61, 0x74, 0x33, // txGetColumn(mat3
	0x20, 0x5f, 0x6d, 0x74, 0x78, 0x2c, 0x20, 0x69, 0x6e, 0x74, 0x20, 0x5f, 0x63, 0x6f, 0x6c, 0x75, //  _mtx, int _colu
	0x6d, 0x6e, 0x29, 0x0a, 0x7b, 0x0a, 0x72, 0x65, 0x74, 0x75, 0x72, 0x6e, 0x20, 0x76, 0x65, 0x63, // mn).{.return vec
	0x33, 0x28, 0x5f, 0x6d, 0x74, 0x78, 0x5b, 0x5f, 0x63, 0x6f, 0x6c, 0x75, 0x6d, 0x6e, 0x5d, 0x29, // 3(_mtx[_column])
	0x3b, 0x0a, 0x7d, 0x0a, 0x76, 0x65, 0x63, 0x34, 0x20, 0x6d, 0x74, 0x78, 0x47, 0x65, 0x74, 0x52, // ;.}.vec4 mtxGetR
	0x6f, 0x77, 0x28, 0x6d, 0x61, 0x74, 0x34, 0x20, 0x5f, 0x6d, 0x74, 0x78, 0x2c, 0x20, 0x69, 0x6e, // ow(mat4 _mtx, in
	0x74, 0x20, 0x5f, 0x72, 0x6f, 0x77, 0x29, 0x0a, 0x7b, 0x0a, 0x72, 0x65, 0x74, 0x75, 0x72, 0x6e, // t _row).{.return
	0x20, 0x76, 0x65, 0x63, 0x34, 0x28, 0x5f, 0x6d, 0x74, 0x78, 0x5b, 0x30, 0x5d, 0x5b, 0x5f, 0x72, //  vec4(_mtx[0][_r
	0x6f, 0x77, 0x5d, 0x2c, 0x20, 0x5f, 0x6d, 0x74, 0x78, 0x5b, 0x31, 0x5d, 0x5b, 0x5f, 0x72, 0x6f, // ow], _mtx[1][_ro
	0x77, 0x5d, 0x2c, 0x20, 0x5f, 0x6d, 0x74, 0x78, 0x5b, 0x32, 0x5d, 0x5b, 0x5f, 0x72, 0x6f, 0x77, // w], _mtx[2][_row
	0x5d, 0x2c, 0x20, 0x5f, 0x6d, 0x74, 0x78, 0x5b, 0x33, 0x5d, 0x5b, 0x5f, 0x72, 0x6f, 0x77, 0x5d, // ], _mtx[3][_row]
	0x29, 0x3b, 0x0a, 0x7d, 0x0a, 0x76, 0x65, 0x63, 0x34, 0x20, 0x6d, 0x74, 0x78, 0x47, 0x65, 0x74, // );.}.vec4 mtxGet
	0x43, 0x6f, 0x6c, 0x75, 0x6d, 0x6e, 0x28, 0x6d, 0x61, 0x74, 0x34, 0x20, 0x5f, 0x6d, 0x74, 0x78, // Column(mat4 _mtx
	0x2c, 0x20, 0x69, 0x6e, 0x74, 0x20, 0x5f, 0x63, 0x6f, 0x6c, 0x75, 0x6d, 0x6e, 0x29, 0x0a, 0x7b, // , int _column).{
	0x0a, 0x72, 0x65, 0x74, 0x75, 0x72, 0x6e, 0x20, 0x76, 0x65, 0x63, 0x34, 0x28, 0x5f, 0x6d, 0x74, // .return vec4(_mt
	0x78, 0x5b, 0x5f, 0x63, 0x6f, 0x6c, 0x75, 0x6d, 0x6e, 0x5d, 0x29, 0x3b, 0x0a, 0x7d, 0x0a, 0x66, // x[_column]);.}.f
	0x6c, 0x6f, 0x61, 0x74, 0x20, 0x6d, 0x74, 0x78, 0x47, 0x65, 0x74, 0x45, 0x6c, 0x65, 0x6d, 0x65, // loat mtxGetEleme
	0x6e, 0x74, 0x28, 0x6d, 0x61, 0x74, 0x33, 0x20, 0x5f, 0x6d, 0x74, 0x78, 0x2c, 0x20, 0x69, 0x6e, // nt(mat3 _mtx, in
	0x74, 0x20, 0x5f, 0x63, 0x6f, 0x6c, 0x75, 0x6d, 0x6e, 0x2c, 0x20, 0x69, 0x6e, 0x74, 0x20, 0x5f, // t _column, int _
	0x72, 0x6f, 0x77, 0x29, 0x0a, 0x7b, 0x0a, 0x72, 0x65, 0x74, 0x75, 0x72, 0x6e, 0x20, 0x5f, 0x6d, // row).{.return _m
	0x74, 0x78, 0x5b, 0x5f, 0x63, 0x6f, 0x6c, 0x75, 0x6d, 0x6e, 0x5d, 0x5b, 0x5f, 0x72, 0x6f, 0x77, // tx[_column][_row
	0x5d, 0x3b, 0x0a, 0x7d, 0x0a, 0x66, 0x6c, 0x6f, 0x61, 0x74, 0x20, 0x6d, 0x74, 0x78, 0x47, 0x65, // ];.}.float mtxGe
	0x74, 0x45, 0x6c, 0x65, 0x6d, 0x65, 0x6e, 0x74, 0x28, 0x6d, 0x61, 0x74, 0x34, 0x20, 0x5f, 0x6d, // tElement(mat4 _m
	0x74, 0x78, 0x2c, 0x20, 0x69, 0x6e, 0x74, 0x20, 0x5f, 0x63, 0x6f, 0x6c, 0x75, 0x6d, 0x6e, 0x2c, // tx, int _column,
	0x20, 0x69, 0x6e, 0x74, 0x20, 0x5f, 0x72, 0x6f, 0x77, 0x29, 0x0a, 0x7b, 0x0a, 0x72, 0x65, 0x74, //  int _row).{.ret
	0x75, 0x72, 0x6e, 0x20, 0x5f, 0x6d, 0x74, 0x78, 0x5b, 0x5f, 0x63, 0x6f, 0x6c, 0x75, 0x6d, 0x6e, // urn _mtx[_column
	0x5d, 0x5b, 0x5f, 0x72, 0x6f, 0x77, 0x5d, 0x3b, 0x0a, 0x7d, 0x0a, 0x66, 0x6c, 0x6f, 0x61, 0x74, // ][_row];.}.float
	0x20, 0x73, 0x65, 0x6c, 0x65, 0x63, 0x74, 0x28, 0x62, 0x6f, 0x6f, 0x6c, 0x20, 0x5f, 0x63, 0x6f, //  select(bool _co
	0x6e, 0x64, 0x2c, 0x20, 0x66, 0x6c, 0x6f, 0x61, 0x74, 0x20, 0x5f, 0x74, 0x72, 0x75, 0x65, 0x2c, // nd, float _true,
	0x20, 0x66, 0x6c, 0x6f, 0x61, 0x74, 0x20, 0x5f, 0x66, 0x61, 0x6c, 0x73, 0x65, 0x29, 0x20, 0x7b, //  float _false) {
	0x20, 0x72, 0x65, 0x74, 0x75, 0x72, 0x6e, 0x20, 0x5f, 0x63, 0x6f, 0x6e, 0x64, 0x20, 0x3f, 0x20, //  return _cond ? 
	0x5f, 0x74, 0x72, 0x75, 0x65, 0x20, 0x3a, 0x20, 0x5f, 0x66, 0x61, 0x6c, 0x73, 0x65, 0x3b, 0x20, // _true : _false; 
	0x7d, 0x0a, 0x76, 0x65, 0x63, 0x32, 0x20, 0x73, 0x65, 0x6c, 0x65, 0x63, 0x74, 0x28, 0x62, 0x6f, // }.vec2 select(bo
	0x6f, 0x6c, 0x20, 0x5f, 0x63, 0x6f, 0x6e, 0x64, 0x2c, 0x20, 0x76, 0x65, 0x63, 0x32, 0x20, 0x5f, // ol _cond, vec2 _
	0x74, 0x72, 0x75, 0x65, 0x2c, 0x20, 0x76, 0x65, 0x63, 0x32, 0x20, 0x5f, 0x66, 0x61, 0x6c, 0x73, // true, vec2 _fals
	0x65, 0x29, 0x20, 0x7b, 0x20, 0x72, 0x65, 0x74, 0x75, 0x72, 0x6e, 0x20, 0x5f, 0x63, 0x6f, 0x6e, // e) { return _con
	0x64, 0x20, 0x3f, 0x20, 0x5f, 0x74, 0x72, 0x75, 0x65, 0x20, 0x3a, 0x20, 0x5f, 0x66, 0x61, 0x6c, // d ? _true : _fal
	0x73, 0x65, 0x3b, 0x20, 0x7d, 0x0a, 0x76, 0x65, 0x63, 0x33, 0x20, 0x73, 0x65, 0x6c, 0x65, 0x63, // se; }.vec3 selec
	0x74, 0x28, 0x62, 0x6f, 0x6f, 0x6c, 0x20, 0x5f, 0x63, 0x6f, 0x6e, 0x64, 0x2c, 0x20, 0x76, 0x65, // t(bool _cond, ve
	0x63, 0x33, 0x20, 0x5f, 0x74, 0x72, 0x75, 0x65, 0x2c, 0x20, 0x76, 0x65, 0x63, 0x33, 0x20, 0x5f, // c3 _true, vec3 _
	0x66, 0x61, 0x6c, 0x73, 0x65, 0x29, 0x20, 0x7b, 0x20, 0x72, 0x65, 0x74, 0x75, 0x72, 0x6e, 0x20, // false) { return 
	0x5f, 0x63, 0x6f, 0x6e, 0x64, 0x20, 0x3f, 0x20, 0x5f, 0x74, 0x72, 0x75, 0x65, 0x20, 0x3a, 0x20, // _cond ? _true : 
	0x5f, 0x66, 0x61, 0x6c, 0x73, 0x65, 0x3b, 0x20, 0x7d, 0x0a, 0x76, 0x65, 0x63, 0x34, 0x20, 0x73, // _false; }.vec4 s
	0x65, 0x6c, 0x65, 0x63, 0x74, 0x28, 0x62, 0x6f, 0x6f, 0x6c, 0x20, 0x5f, 0x63, 0x6f, 0x6e, 0x64, // elect(bool _cond
	0x2c, 0x20, 0x76, 0x65, 0x63, 0x34, 0x20, 0x5f, 0x74, 0x72, 0x75, 0x65, 0x2c, 0x20, 0x76, 0x65, // , vec4 _true, ve
	0x63, 0x34, 0x20, 0x5f, 0x66, 0x61, 0x6c, 0x73, 0x65, 0x29, 0x20, 0x7b, 0x20, 0x72, 0x65, 0x74, // c4 _false) { ret
	0x75, 0x72, 0x6e, 0x20, 0x5f, 0x63, 0x6f, 0x6e, 0x64, 0x20, 0x3f, 0x20, 0x5f, 0x74, 0x72, 0x75, // urn _cond ? _tru
	0x65, 0x20, 0x3a, 0x20, 0x5f, 0x66, 0x61, 0x6c, 0x73, 0x65, 0x3b, 0x20, 0x7d, 0x0a, 0x76, 0x65, // e : _false; }.ve
	0x63, 0x32, 0x20, 0x73, 0x65, 0x6c, 0x65, 0x63, 0x74, 0x28, 0x62, 0x76, 0x65, 0x63, 0x32, 0x20, // c2 select(bvec2 
	0x5f, 0x63, 0x6f, 0x6e, 0x64, 0x2c, 0x20, 0x76, 0x65, 0x63, 0x32, 0x20, 0x5f, 0x74, 0x72, 0x75, // _cond, vec2 _tru
	0x65, 0x2c, 0x20, 0x76, 0x65, 0x63, 0x32, 0x20, 0x5f, 0x66, 0x61, 0x6c, 0x73, 0x65, 0x29, 0x20, // e, vec2 _false) 
	0x7b, 0x20, 0x72, 0x65, 0x74, 0x75, 0x72, 0x6e, 0x20, 0x28, 0x76, 0x65, 0x63, 0x32, 0x28, 0x5f, // { return (vec2(_
	0x63, 0x6f, 0x6e, 0x64, 0x29, 0x20, 0x2a, 0x20, 0x5f, 0x74, 0x72, 0x75, 0x65, 0x29, 0x20, 0x2b, // cond) * _true) +
	0x20, 0x28, 0x76, 0x65, 0x63, 0x32, 0x28, 0x6e, 0x6f, 0x74, 0x28, 0x5f, 0x63, 0x6f, 0x6e, 0x64, //  (vec2(not(_cond
	0x29, 0x20, 0x29, 0x20, 0x2a, 0x20, 0x5f, 0x66, 0x61, 0x6c, 0x73, 0x65, 0x29, 0x3b, 0x20, 0x7d, // ) ) * _false); }
	0x0a, 0x76, 0x65, 0x63, 0x33, 0x20, 0x73, 0x65, 0x6c, 0x65, 0x63, 0x74, 0x28, 0x62, 0x76, 0x65, // .vec3 select(bve
	0x63, 0x33, 0x20, 0x5f, 0x63, 0x6f, 0x6e, 0x64, 0x2c, 0x20, 0x76, 0x65, 0x63, 0x33, 0x20, 0x5f, // c3 _cond, vec3 _
	0x74, 0x72, 0x75, 0x65, 0x2c, 0x20, 0x76, 0x65, 0x63, 0x33, 0x20, 0x5f, 0x66, 0x61, 0x6c, 0x73, // true, vec3 _fals
	0x65, 0x29, 0x20, 0x7b, 0x20, 0x72, 0x65, 0x74, 0x75, 0x72, 0x6e, 0x20, 0x28, 0x76, 0x65, 0x63, // e) { return (vec
	0x33, 0x28, 0x5f, 0x63, 0x6f, 0x6e, 0x64, 0x29, 0x20, 0x2a, 0x20, 0x5f, 0x74, 0x72, 0x75, 0x65, // 3(_cond) * _true
	0x29, 0x20, 0x2b, 0x20, 0x28, 0x76, 0x65, 0x63, 0x33, 0x28, 0x6e, 0x6f, 0x74, 0x28, 0x5f, 0x63, // ) + (vec3(not(_c
	0x6f, 0x6e, 0x64, 0x29, 0x20, 0x29, 0x20, 0x2a, 0x20, 0x5f, 0x66, 0x61, 0x6c, 0x73, 0x65, 0x29, // ond) ) * _false)
	0x3b, 0x20, 0x7d, 0x0a, 0x76, 0x65, 0x63, 0x34, 0x20, 0x73, 0x65, 0x6c, 0x65, 0x63, 0x74, 0x28, // ; }.vec4 select(
	0x62, 0x76, 0x65, 0x63, 0x34, 0x20, 0x5f, 0x63, 0x6f, 0x6e, 0x64, 0x2c, 0x20, 0x76, 0x65, 0x63, // bvec4 _cond, vec
	0x34, 0x20, 0x5f, 0x74, 0x72, 0x75, 0x65, 0x2c, 0x20, 0x76, 0x65, 0x63, 0x34, 0x20, 0x5f, 0x66, // 4 _true, vec4 _f
	0x61, 0x6c, 0x73, 0x65, 0x29, 0x20, 0x7b, 0x20, 0x72, 0x65, 0x74, 0x75, 0x72, 0x6e, 0x20, 0x28, // alse) { return (
	0x76, 0x65, 0x63, 0x34, 0x28, 0x5f, 0x63, 0x6f, 0x6e, 0x64, 0x29, 0x20, 0x2a, 0x20, 0x5f, 0x74, // vec4(_cond) * _t
	0x72, 0x75, 0x65, 0x29, 0x20, 0x2b, 0x20, 0x28, 0x76, 0x65, 0x63, 0x34, 0x28, 0x6e, 0x6f, 0x74, // rue) + (vec4(not
	0x28, 0x5f, 0x63, 0x6f, 0x6e, 0x64, 0x29, 0x20, 0x29, 0x20, 0x2a, 0x20, 0x5f, 0x66, 0x61, 0x6c, // (_cond) ) * _fal
	0x73, 0x65, 0x29, 0x3b, 0x20, 0x7d, 0x0a, 0x69, 0x6e, 0x74, 0x20, 0x73, 0x65, 0x6c, 0x65, 0x63, // se); }.int selec
	0x74, 0x28, 0x62, 0x6f, 0x6f, 0x6c, 0x20, 0x5f, 0x63, 0x6f, 0x6e, 0x64, 0x2c, 0x20, 0x69, 0x6e, // t(bool _cond, in
	0x74, 0x20, 0x5f, 0x74, 0x72, 0x75, 0x65, 0x2c, 0x20, 0x69, 0x6e, 0x74, 0x20, 0x5f, 0x66, 0x61, // t _true, int _fa
	0x6c, 0x73, 0x65, 0x29, 0x20, 0x7b, 0x20, 0x72, 0x65, 0x74, 0x75, 0x72, 0x6e, 0x20, 0x5f, 0x63, // lse) { return _c
	0x6f, 0x6e, 0x64, 0x20, 0x3f, 0x20, 0x5f, 0x74, 0x72, 0x75, 0x65, 0x20, 0x3a, 0x20, 0x5f, 0x66, // ond ? _true : _f
	0x61, 0x6c, 0x73, 0x65, 0x3b, 0x20, 0x7d, 0x0a, 0x69, 0x76, 0x65, 0x63, 0x32, 0x20, 0x73, 0x65, // alse; }.ivec2 se
	0x6c, 0x65, 0x63, 0x74, 0x28, 0x62, 0x6f, 0x6f, 0x6c, 0x20, 0x5f, 0x63, 0x6f, 0x6e, 0x64, 0x2c, // lect(bool _cond,
	0x20, 0x69, 0x76, 0x65, 0x63, 0x32, 0x20, 0x5f, 0x74, 0x72, 0x75, 0x65, 0x2c, 0x20, 0x69, 0x76, //  ivec2 _true, iv
	0x65, 0x63, 0x32, 0x20, 0x5f, 0x66, 0x61, 0x6c, 0x73, 0x65, 0x29, 0x20, 0x7b, 0x20, 0x72, 0x65, // ec2 _false) { re
	0x74, 0x75, 0x72, 0x6e, 0x20, 0x5f, 0x63, 0x6f, 0x6e, 0x64, 0x20, 0x3f, 0x20, 0x5f, 0x74, 0x72, // turn _cond ? _tr
	0x75, 0x65, 0x20, 0x3a, 0x20, 0x5f, 0x66, 0x61, 0x6c, 0x73, 0x65, 0x3b, 0x20, 0x7d, 0x0a, 0x69, // ue : _false; }.i
	0x76, 0x65, 0x63, 0x33, 0x20, 0x73, 0x65, 0x6c, 0x65, 0x63, 0x74, 0x28, 0x62, 0x6f, 0x6f, 0x6c, // vec3 select(bool
	0x20, 0x5f, 0x63, 0x6f, 0x6e, 0x64, 0x2c, 0x20, 0x69, 0x76, 0x65, 0x63, 0x33, 0x20, 0x5f, 0x74, //  _cond, ivec3 _t
	0x72, 0x75, 0x65, 0x2c, 0x20, 0x69, 0x76, 0x65, 0x63, 0x33, 0x20, 0x5f, 0x66, 0x61, 0x6c, 0x73, // rue, ivec3 _fals
	0x65, 0x29, 0x20, 0x7b, 0x20, 0x72, 0x65, 0x74, 0x75, 0x72, 0x6e, 0x20, 0x5f, 0x63, 0x6f, 0x6e, // e) { return _con
	0x64, 0x20, 0x3f, 0x20, 0x5f, 0x74, 0x72, 0x75, 0x65, 0x20, 0x3a, 0x20, 0x5f, 0x66, 0x61, 0x6c, // d ? _true : _fal
	0x73, 0x65, 0x3b, 0x20, 0x7d, 0x0a, 0x69, 0x76, 0x65, 0x63, 0x34, 0x20, 0x73, 0x65, 0x6c, 0x65, // se; }.ivec4 sele
	0x63, 0x74, 0x28, 0x62, 0x6f, 0x6f, 0x6c, 0x20, 0x5f, 0x63, 0x6f, 0x6e, 0x64, 0x2c, 0x20, 0x69, // ct(bool _cond, i
	0x76, 0x65, 0x63, 0x34, 0x20, 0x5f, 0x74, 0x72, 0x75, 0x65, 0x2c, 0x20, 0x69, 0x76, 0x65, 0x63, // vec4 _true, ivec
	0x34, 0x20, 0x5f, 0x66, 0x61, 0x6c, 0x73, 0x65, 0x29, 0x20, 0x7b, 0x20, 0x72, 0x65, 0x74, 0x75, // 4 _false) { retu
	0x72, 0x6e, 0x20, 0x5f, 0x63, 0x6f, 0x6e, 0x64, 0x20, 0x3f, 0x20, 0x5f, 0x74, 0x72, 0x75, 0x65, // rn _cond ? _true
	0x20, 0x3a, 0x20, 0x5f, 0x66, 0x61, 0x6c, 0x73, 0x65, 0x3b, 0x20, 0x7d, 0x0a, 0x69, 0x76, 0x65, //  : _false; }.ive
	0x63, 0x32, 0x20, 0x73, 0x65, 0x6c, 0x65, 0x63, 0x74, 0x28, 0x62, 0x76, 0x65, 0x63, 0x32, 0x20, // c2 select(bvec2 
	0x5f, 0x63, 0x6f, 0x6e, 0x64, 0x2c, 0x20, 0x69, 0x76, 0x65, 0x63, 0x32, 0x20, 0x5f, 0x74, 0x72, // _cond, ivec2 _tr
	0x75, 0x65, 0x2c, 0x20, 0x69, 0x76, 0x65, 0x63, 0x32, 0x20, 0x5f, 0x66, 0x61, 0x6c, 0x73, 0x65, // ue, ivec2 _false
	0x29, 0x20, 0x7b, 0x20, 0x72, 0x65, 0x74, 0x75, 0x72, 0x6e, 0x20, 0x28, 0x69, 0x76, 0x65, 0x63, // ) { return (ivec
	0x32, 0x28, 0x5f, 0x63, 0x6f, 0x6e, 0x64, 0x29, 0x20, 0x2a, 0x20, 0x5f, 0x74, 0x72, 0x75, 0x65, // 2(_cond) * _true
	0x29, 0x20, 0x2b, 0x20, 0x28, 0x69, 0x76, 0x65, 0x63, 0x32, 0x28, 0x6e, 0x6f, 0x74, 0x28, 0x5f, // ) + (ivec2(not(_
	0x63, 0x6f, 0x6e, 0x64, 0x29, 0x20, 0x29, 0x20, 0x2a, 0x20, 0x5f, 0x66, 0x61, 0x6c, 0x73, 0x65, // cond) ) * _false
	0x29, 0x3b, 0x20, 0x7d, 0x0a, 0x69, 0x76, 0x65, 0x63, 0x33, 0x20, 0x73, 0x65, 0x6c, 0x65, 0x63, // ); }.ivec3 selec
	0x74, 0x28, 0x62, 0x76, 0x65, 0x63, 0x33, 0x20, 0x5f, 0x63, 0x6f, 0x6e, 0x64, 0x2c, 0x20, 0x69, // t(bvec3 _cond, i
	0x76, 0x65, 0x63, 0x33, 0x20, 0x5f, 0x74, 0x72, 0x75, 0x65, 0x2c, 0x20, 0x69, 0x76, 0x65, 0x63, // vec3 _true, ivec
	0x33, 0x20, 0x5f, 0x66, 0x61, 0x6c, 0x73, 0x65, 0x29, 0x20, 0x7b, 0x20, 0x72, 0x65, 0x74, 0x75, // 3 _false) { retu
	0x72, 0x6e, 0x20, 0x28, 0x69, 0x76, 0x65, 0x63, 0x33, 0x28, 0x5f, 0x63, 0x6f, 0x6e, 0x64, 0x29, // rn (ivec3(_cond)
	0x20, 0x2a, 0x20, 0x5f, 0x74, 0x72, 0x75, 0x65, 0x29, 0x20, 0x2b, 0x20, 0x28, 0x69, 0x76, 0x65, //  * _true) + (ive
	0x63, 0x33, 0x28, 0x6e, 0x6f, 0x74, 0x28, 0x5f, 0x63, 0x6f, 0x6e, 0x64, 0x29, 0x20, 0x29, 0x20, // c3(not(_cond) ) 
	0x2a, 0x20, 0x5f, 0x66, 0x61, 0x6c, 0x73, 0x65, 0x29, 0x3b, 0x20, 0x7d, 0x0a, 0x69, 0x76, 0x65, // * _false); }.ive
	0x63, 0x34, 0x20, 0x73, 0x65, 0x6c, 0x65, 0x63, 0x74, 0x28, 0x62, 0x76, 0x65, 0x63, 0x34, 0x20, // c4 select(bvec4 
	0x5f, 0x63, 0x6f, 0x6e, 0x64, 0x2c, 0x20, 0x69, 0x76, 0x65, 0x63, 0x34, 0x20, 0x5f, 0x74, 0x72, // _cond, ivec4 _tr
	0x75, 0x65, 0x2c, 0x20, 0x69, 0x76, 0x65, 0x63, 0x34, 0x20, 0x5f, 0x66, 0x61, 0x6c, 0x73, 0x65, // ue, ivec4 _false
	0x29, 0x20, 0x7b, 0x20, 0x72, 0x65, 0x74, 0x75, 0x72, 0x6e, 0x20, 0x28, 0x69, 0x76, 0x65, 0x63, // ) { return (ivec
	0x34, 0x28, 0x5f, 0x63, 0x6f, 0x6e, 0x64, 0x29, 0x20, 0x2a, 0x20, 0x5f, 0x74, 0x72, 0x75, 0x65, // 4(_cond) * _true
	0x29, 0x20, 0x2b, 0x20, 0x28, 0x69, 0x76, 0x65, 0x63, 0x34, 0x28, 0x6e, 0x6f, 0x74, 0x28, 0x5f, // ) + (ivec4(not(_
	0x63, 0x6f, 0x6e, 0x64, 0x29, 0x20, 0x29, 0x20, 0x2a, 0x20, 0x5f, 0x66, 0x61, 0x6c, 0x73, 0x65, // cond) ) * _false
	0x29, 0x3b, 0x20, 0x7d, 0x0a, 0x75, 0x69, 0x6e, 0x74, 0x20, 0x73, 0x65, 0x6c, 0x65, 0x63, 0x74, // ); }.uint select
	0x28, 0x62, 0x6f, 0x6f, 0x6c, 0x20, 0x5f, 0x63, 0x6f, 0x6e, 0x64, 0x2c, 0x20, 0x75, 0x69, 0x6e, // (bool _cond, uin
	0x74, 0x20, 0x5f, 0x74, 0x72, 0x75, 0x65, 0x2c, 0x20, 0x75, 0x69, 0x6e, 0x74, 0x20, 0x5f, 0x66, // t _true, uint _f
	0x61, 0x6c, 0x73, 0x65, 0x29, 0x20, 0x7b, 0x20, 0x72, 0x65, 0x74, 0x75, 0x72, 0x6e, 0x20, 0x5f, // alse) { return _
	0x63, 0x6f, 0x6e, 0x64, 0x20, 0x3f, 0x20, 0x5f, 0x74, 0x72, 0x75, 0x65, 0x20, 0x3a, 0x20, 0x5f, // cond ? _true : _
	0x66, 0x61, 0x6c, 0x73, 0x65, 0x3b, 0x20, 0x7d, 0x0a, 0x75, 0x76, 0x65, 0x63, 0x32, 0x20, 0x73, // false; }.uvec2 s
	0x65, 0x6c, 0x65, 0x63, 0x74, 0x28, 0x62, 0x6f, 0x6f, 0x6c, 0x20, 0x5f, 0x63, 0x6f, 0x6e, 0x64, // elect(bool _cond
	0x2c, 0x20, 0x75, 0x76, 0x65, 0x63, 0x32, 0x20, 0x5f, 0x74, 0x72, 0x75, 0x65, 0x2c, 0x20, 0x75, // , uvec2 _true, u
	0x76, 0x65, 0x63, 0x32, 0x20, 0x5f, 0x66, 0x61, 0x6c, 0x73, 0x65, 0x29, 0x20, 0x7b, 0x20, 0x72, // vec2 _false) { r
	0x65, 0x74, 0x75, 0x72, 0x6e, 0x20, 0x5f, 0x63, 0x6f, 0x6e, 0x64, 0x20, 0x3f, 0x20, 0x5f, 0x74, // eturn _cond ? _t
	0x72, 0x75, 0x65, 0x20, 0x3a, 0x20, 0x5f, 0x66, 0x61, 0x6c, 0x73, 0x65, 0x3b, 0x20, 0x7d, 0x0a, // rue : _false; }.
	0x75, 0x76, 0x65, 0x63, 0x33, 0x20, 0x73, 0x65, 0x6c, 0x65, 0x63, 0x74, 0x28, 0x62, 0x6f, 0x6f, // uvec3 select(boo
	0x6c, 0x20, 0x5f, 0x63, 0x6f, 0x6e, 0x64, 0x2c, 0x20, 0x75, 0x76, 0x65, 0x63, 0x33, 0x20, 0x5f, // l _cond, uvec3 _
	0x74, 0x72, 0x75, 0x65, 0x2c, 0x20, 0x75, 0x76, 0x65, 0x63, 0x33, 0x20, 0x5f, 0x66, 0x61, 0x6c, // true, uvec3 _fal
	0x73, 0x65, 0x29, 0x20, 0x7b, 0x20, 0x72, 0x65, 0x74, 0x75, 0x72, 0x6e, 0x20, 0x5f, 0x63, 0x6f, // se) { return _co
	0x6e, 0x64, 0x20, 0x3f, 0x20, 0x5f, 0x74, 0x72, 0x75, 0x65, 0x20, 0x3a, 0x20, 0x5f, 0x66, 0x61, // nd ? _true : _fa
	0x6c, 0x73, 0x65, 0x3b, 0x20, 0x7d, 0x0a, 0x75, 0x76, 0x65, 0x63, 0x34, 0x20, 0x73, 0x65, 0x6c, // lse; }.uvec4 sel
	0x65, 0x63, 0x74, 0x28, 0x62, 0x6f, 0x6f, 0x6c, 0x20, 0x5f, 0x63, 0x6f, 0x6e, 0x64, 0x2c, 0x20, // ect(bool _cond, 
	0x75, 0x76, 0x65, 0x63, 0x34, 0x20, 0x5f, 0x74, 0x72, 0x75, 0x65, 0x2c, 0x20, 0x75, 0x76, 0x65, // uvec4 _true, uve
	0x63, 0x34, 0x20, 0x5f, 0x66, 0x61, 0x6c, 0x73, 0x65, 0x29, 0x20, 0x7b, 0x20, 0x72, 0x65, 0x74, // c4 _false) { ret
	0x75, 0x72, 0x6e, 0x20, 0x5f, 0x63, 0x6f, 0x6e, 0x64, 0x20, 0x3f, 0x20, 0x5f, 0x74, 0x72, 0x75, // urn _cond ? _tru
	0x65, 0x20, 0x3a, 0x20, 0x5f, 0x66, 0x61, 0x6c, 0x73, 0x65, 0x3b, 0x20, 0x7d, 0x0a, 0x75, 0x76, // e : _false; }.uv
	0x65, 0x63, 0x32, 0x20, 0x73, 0x65, 0x6c, 0x65, 0x63, 0x74, 0x28, 0x62, 0x76, 0x65, 0x63, 0x32, // ec2 select(bvec2
	0x20, 0x5f, 0x63, 0x6f, 0x6e, 0x64, 0x2c, 0x20, 0x75, 0x76, 0x65, 0x63, 0x32, 0x20, 0x5f, 0x74, //  _cond, uvec2 _t
	0x72, 0x75, 0x65, 0x2c, 0x20, 0x75, 0x76, 0x65, 0x63, 0x32, 0x20, 0x5f, 0x66, 0x61, 0x6c, 0x73, // rue, uvec2 _fals
	0x65, 0x29, 0x20, 0x7b, 0x20, 0x72, 0x65, 0x74, 0x75, 0x72, 0x6e, 0x20, 0x28, 0x75, 0x76, 0x65, // e) { return (uve
	0x63, 0x32, 0x28, 0x5f, 0x63, 0x6f, 0x6e, 0x64, 0x29, 0x20, 0x2a, 0x20, 0x5f, 0x74, 0x72, 0x75, // c2(_cond) * _tru
	0x65, 0x29, 0x20, 0x2b, 0x20, 0x28, 0x75, 0x76, 0x65, 0x63, 0x32, 0x28, 0x6e, 0x6f, 0x74, 0x28, // e) + (uvec2(not(
	0x5f, 0x63, 0x6f, 0x6e, 0x64, 0x29, 0x20, 0x29, 0x20, 0x2a, 0x20, 0x5f, 0x66, 0x61, 0x6c, 0x73, // _cond) ) * _fals
	0x65, 0x29, 0x3b, 0x20, 0x7d, 0x0a, 0x75, 0x76, 0x65, 0x63, 0x33, 0x20, 0x73, 0x65, 0x6c, 0x65, // e); }.uvec3 sele
	0x63, 0x74, 0x28, 0x62, 0x76, 0x65, 0x63, 0x33, 0x20, 0x5f, 0x63, 0x6f, 0x6e, 0x64, 0x2c, 0x20, // ct(bvec3 _cond, 
	0x75, 0x76, 0x65, 0x63, 0x33, 0x20, 0x5f, 0x74, 0x72, 0x75, 0x65, 0x2c, 0x20, 0x75, 0x76, 0x65, // uvec3 _true, uve
	0x63, 0x33, 0x20, 0x5f, 0x66, 0x61, 0x6c, 0x73, 0x65, 0x29, 0x20, 0x7b, 0x20, 0x72, 0x65, 0x74, // c3 _false) { ret
	0x75, 0x72, 0x6e, 0x20, 0x28, 0x75, 0x76, 0x65, 0x63, 0x33, 0x28, 0x5f, 0x63, 0x6f, 0x6e, 0x64, // urn (uvec3(_cond
	0x29, 0x20, 0x2a, 0x20, 0x5f, 0x74, 0x72, 0x75, 0x65, 0x29, 0x20, 0x2b, 0x20, 0x28, 0x75, 0x76, // ) * _true) + (uv
	0x65, 0x63, 0x33, 0x28, 0x6e, 0x6f, 0x74, 0x28, 0x5f, 0x63, 0x6f, 0x6e, 0x64, 0x29, 0x20, 0x29, // ec3(not(_cond) )
	0x20, 0x2a, 0x20, 0x5f, 0x66, 0x61, 0x6c, 0x73, 0x65, 0x29, 0x3b, 0x20, 0x7d, 0x0a, 0x75, 0x76, //  * _false); }.uv
	0x65, 0x63, 0x34, 0x20, 0x73, 0x65, 0x6c, 0x65, 0x63, 0x74, 0x28, 0x62, 0x76, 0x65, 0x63, 0x34, // ec4 select(bvec4
	0x20, 0x5f, 0x63, 0x6f, 0x6e, 0x64, 0x2c, 0x20, 0x75, 0x76, 0x65, 0x63, 0x34, 0x20, 0x5f, 0x74, //  _cond, uvec4 _t
	0x72, 0x75, 0x65, 0x2c, 0x20, 0x75, 0x76, 0x65, 0x63, 0x34, 0x20, 0x5f, 0x66, 0x61, 0x6c, 0x73, // rue, uvec4 _fals
	0x65, 0x29, 0x20, 0x7b, 0x20, 0x72, 0x65, 0x74, 0x75, 0x72, 0x6e, 0x20, 0x28, 0x75, 0x76, 0x65, // e) { return (uve
	0x63, 0x34, 0x28, 0x5f, 0x63, 0x6f, 0x6e, 0x64, 0x29, 0x20, 0x2a, 0x20, 0x5f, 0x74, 0x72, 0x75, // c4(_cond) * _tru
	0x65, 0x29, 0x20, 0x2b, 0x20, 0x28, 0x75, 0x76, 0x65, 0x63, 0x34, 0x28, 0x6e, 0x6f, 0x74, 0x28, // e) + (uvec4(not(
	0x5f, 0x63, 0x6f, 0x6e, 0x64, 0x29, 0x20, 0x29, 0x20, 0x2a, 0x20, 0x5f, 0x66, 0x61, 0x6c, 0x73, // _cond) ) * _fals
	0x65, 0x29, 0x3b, 0x20, 0x7d, 0x0a, 0x75, 0x6e, 0x69, 0x66, 0x6f, 0x72, 0x6d, 0x20, 0x76, 0x65, // e); }.uniform ve
	0x63, 0x34, 0x20, 0x75, 0x5f, 0x76, 0x69, 0x65, 0x77, 0x52, 0x65, 0x63, 0x74, 0x3b, 0x0a, 0x75, // c4 u_viewRect;.u
	0x6e, 0x69, 0x66, 0x6f, 0x72, 0x6d, 0x20, 0x76, 0x65, 0x63, 0x34, 0x20, 0x75, 0x5f, 0x76, 0x69, // niform vec4 u_vi
	0x65, 0x77, 0x54, 0x65, 0x78, 0x65, 0x6c, 0x3b, 0x0a, 0x75, 0x6e, 0x69, 0x66, 0x6f, 0x72, 0x6d, // ewTexel;.uniform
	0x20, 0x6d, 0x61, 0x74, 0x34, 0x20, 0x75, 0x5f, 0x76, 0x69, 0x65, 0x77, 0x3b, 0x0a, 0x75, 0x6e, //  mat4 u_view;.un
	0x69, 0x66, 0x6f, 0x72, 0x6d, 0x20, 0x6d, 0x61, 0x74, 0x34, 0x20, 0x75, 0x5f, 0x69, 0x6e, 0x76, // iform mat4 u_inv
	0x56, 0x69, 0x65, 0x77, 0x3b, 0x0a, 0x75, 0x6e, 0x69, 0x66, 0x6f, 0x72, 0x6d, 0x20, 0x6d, 0x61, // View;.uniform ma
	0x74, 0x34, 0x20, 0x75, 0x5f, 0x70, 0x72, 0x6f, 0x6a, 0x3b, 0x0a, 0x75, 0x6e, 0x69, 0x66, 0x6f, // t4 u_proj;.unifo
	0x72, 0x6d, 0x20, 0x6d, 0x61, 0x74, 0x34, 0x20, 0x75, 0x5f, 0x69, 0x6e, 0x76, 0x50, 0x72, 0x6f, // rm mat4 u_invPro
	0x6a, 0x3b, 0x0a, 0x75, 0x6e, 0x69, 0x66, 0x6f, 0x72, 0x6d, 0x20, 0x6d, 0x61, 0x74, 0x34, 0x20, // j;.uniform mat4 
	0x75, 0x5f, 0x76, 0x69, 0x65, 0x77, 0x50, 0x72, 0x6f, 0x6a, 0x3b, 0x0a, 0x75, 0x6e, 0x69, 0x66, // u_viewProj;.unif
	0x6f, 0x72, 0x6d, 0x20, 0x6d, 0x61, 0x74, 0x34, 0x20, 0x75, 0x5f, 0x69, 0x6e, 0x76, 0x56, 0x69, // orm mat4 u_invVi
	0x65, 0x77, 0x50, 0x72, 0x6f, 0x6a, 0x3b, 0x0a, 0x75, 0x6e, 0x69, 0x66, 0x6f, 0x72, 0x6d, 0x20, // ewProj;.uniform 
	0x6d, 0x61, 0x74, 0x34, 0x20, 0x75, 0x5f, 0x6d, 0x6f, 0x64, 0x65, 0x6c, 0x56, 0x69, 0x65, 0x77, // mat4 u_modelView
	0x3b, 0x0a, 0x75, 0x6e, 0x69, 0x66, 0x6f, 0x72, 0x6d, 0x20, 0x6d, 0x61, 0x74, 0x34, 0x20, 0x75, // ;.uniform mat4 u
	0x5f, 0x69, 0x6e, 0x76, 0x4d, 0x6f, 0x64, 0x65, 0x6c, 0x56, 0x69, 0x65, 0x77, 0x3b, 0x0a, 0x75, // _invModelView;.u
	0x6e, 0x69, 0x66, 0x6f, 0x72, 0x6d, 0x20, 0x6d, 0x61, 0x74, 0x34, 0x20, 0x75, 0x5f, 0x6d, 0x6f, // niform mat4 u_mo
	0x64, 0x65, 0x6c, 0x56, 0x69, 0x65, 0x77, 0x50, 0x72, 0x6f, 0x6a, 0x3b, 0x0a, 0x75, 0x6e, 0x69, // delViewProj;.uni
	0x66, 0x6f, 0x72, 0x6d, 0x20, 0x76, 0x65, 0x63, 0x34, 0x20, 0x75, 0x5f, 0x61, 0x6c, 0x70, 0x68, // form vec4 u_alph
	0x61, 0x52, 0x65, 0x66, 0x34, 0x3b, 0x0a, 0x75, 0x6e, 0x69, 0x66, 0x6f, 0x72, 0x6d, 0x20, 0x6d, // aRef4;.uniform m
	0x61, 0x74, 0x34, 0x20, 0x75, 0x5f, 0x6d, 0x6f, 0x64, 0x65, 0x6c, 0x5b, 0x31, 0x5d, 0x3b, 0x0a, // at4 u_model[1];.
	0x76, 0x6f, 0x69, 0x64, 0x20, 0x6d, 0x61, 0x69, 0x6e, 0x28, 0x29, 0x0a, 0x7b, 0x0a, 0x67, 0x6c, // void main().{.gl
	0x5f, 0x50, 0x6f, 0x73, 0x69, 0x74, 0x69, 0x6f, 0x6e, 0x20, 0x3d, 0x20, 0x28, 0x20, 0x28, 0x75, // _Position = ( (u
	0x5f, 0x76, 0x69, 0x65, 0x77, 0x50, 0x72, 0x6f, 0x6a, 0x29, 0x20, 0x2a, 0x20, 0x28, 0x76, 0x65, // _viewProj) * (ve
	0x63, 0x34, 0x28, 0x61, 0x5f, 0x70, 0x6f, 0x73, 0x69, 0x74, 0x69, 0x6f, 0x6e, 0x2c, 0x20, 0x30, // c4(a_position, 0
	0x2e, 0x30, 0x2c, 0x20, 0x31, 0x2e, 0x30, 0x29, 0x29, 0x20, 0x29, 0x3b, 0x0a, 0x76, 0x5f, 0x74, // .0, 1.0)) );.v_t
	0x65, 0x78, 0x63, 0x6f, 0x6f, 0x72, 0x64, 0x30, 0x20, 0x3d, 0x20, 0x61, 0x5f, 0x74, 0x65, 0x78, // excoord0 = a_tex
	0x63, 0x6f, 0x6f, 0x72, 0x64, 0x30, 0x3b, 0x0a, 0x76, 0x5f, 0x63, 0x6f, 0x6c, 0x6f, 0x72, 0x30, // coord0;.v_color0
	0x20, 0x3d, 0x20, 0x61, 0x5f, 0x63, 0x6f, 0x6c, 0x6f, 0x72, 0x30, 0x3b, 0x0a, 0x7d, 0x0a, 0x00, //  = a_color0;.}..
};

static const uint8_t quad_image_vs_wgsl[911] =
{
	0x56, 0x53, 0x48, 0x0b, 0x00, 0x00, 0x00, 0x00, 0x01, 0x83, 0xf2, 0xe1, 0x01, 0x00, 0x0a, 0x75, // VSH............u
	0x5f, 0x76, 0x69, 0x65, 0x77, 0x50, 0x72, 0x6f, 0x6a, 0x04, 0x01, 0x00, 0x00, 0x04, 0x00, 0x00, // _viewProj.......
	0x00, 0x00, 0x00, 0x5c, 0x03, 0x00, 0x00, 0x64, 0x69, 0x61, 0x67, 0x6e, 0x6f, 0x73, 0x74, 0x69, // .......diagnosti
	0x63, 0x28, 0x6f, 0x66, 0x66, 0x2c, 0x20, 0x64, 0x65, 0x72, 0x69, 0x76, 0x61, 0x74, 0x69, 0x76, // c(off, derivativ
	0x65, 0x5f, 0x75, 0x6e, 0x69, 0x66, 0x6f, 0x72, 0x6d, 0x69, 0x74, 0x79, 0x29, 0x3b, 0x0a, 0x64, // e_uniformity);.d
	0x69, 0x61, 0x67, 0x6e, 0x6f, 0x73, 0x74, 0x69, 0x63, 0x28, 0x6f, 0x66, 0x66, 0x2c, 0x20, 0x73, // iagnostic(off, s
	0x75, 0x62, 0x67, 0x72, 0x6f, 0x75, 0x70, 0x5f, 0x75, 0x6e, 0x69, 0x66, 0x6f, 0x72, 0x6d, 0x69, // ubgroup_uniformi
	0x74, 0x79, 0x29, 0x3b, 0x0a, 0x0a, 0x73, 0x74, 0x72, 0x75, 0x63, 0x74, 0x20, 0x55, 0x6e, 0x69, // ty);..struct Uni
	0x66, 0x6f, 0x72, 0x6d, 0x42, 0x6c, 0x6f, 0x63, 0x6b, 0x5f, 0x31, 0x5f, 0x31, 0x20, 0x7b, 0x0a, // formBlock_1_1 {.
	0x20, 0x20, 0x75, 0x5f, 0x76, 0x69, 0x65, 0x77, 0x50, 0x72, 0x6f, 0x6a, 0x20, 0x3a, 0x20, 0x6d, //   u_viewProj : m
	0x61, 0x74, 0x34, 0x78, 0x34, 0x3c, 0x66, 0x33, 0x32, 0x3e, 0x2c, 0x0a, 0x7d, 0x0a, 0x0a, 0x40, // at4x4<f32>,.}..@
	0x67, 0x72, 0x6f, 0x75, 0x70, 0x28, 0x30, 0x75, 0x29, 0x20, 0x40, 0x62, 0x69, 0x6e, 0x64, 0x69, // group(0u) @bindi
	0x6e, 0x67, 0x28, 0x30, 0x75, 0x29, 0x20, 0x76, 0x61, 0x72, 0x3c, 0x75, 0x6e, 0x69, 0x66, 0x6f, // ng(0u) var<unifo
	0x72, 0x6d, 0x3e, 0x20, 0x76, 0x20, 0x3a, 0x20, 0x55, 0x6e, 0x69, 0x66, 0x6f, 0x72, 0x6d, 0x42, // rm> v : UniformB
	0x6c, 0x6f, 0x63, 0x6b, 0x5f, 0x31, 0x5f, 0x31, 0x3b, 0x0a, 0x0a, 0x76, 0x61, 0x72, 0x3c, 0x70, // lock_1_1;..var<p
	0x72, 0x69, 0x76, 0x61, 0x74, 0x65, 0x3e, 0x20, 0x76, 0x5f, 0x31, 0x20, 0x3a, 0x20, 0x76, 0x65, // rivate> v_1 : ve
	0x63, 0x34, 0x3c, 0x66, 0x33, 0x32, 0x3e, 0x3b, 0x0a, 0x0a, 0x76, 0x61, 0x72, 0x3c, 0x70, 0x72, // c4<f32>;..var<pr
	0x69, 0x76, 0x61, 0x74, 0x65, 0x3e, 0x20, 0x76, 0x5f, 0x32, 0x20, 0x3a, 0x20, 0x76, 0x65, 0x63, // ivate> v_2 : vec
	0x34, 0x3c, 0x66, 0x33, 0x32, 0x3e, 0x3b, 0x0a, 0x0a, 0x76, 0x61, 0x72, 0x3c, 0x70, 0x72, 0x69, // 4<f32>;..var<pri
	0x76, 0x61, 0x74, 0x65, 0x3e, 0x20, 0x76, 0x5f, 0x33, 0x20, 0x3a, 0x20, 0x76, 0x65, 0x63, 0x32, // vate> v_3 : vec2
	0x3c, 0x66, 0x33, 0x32, 0x3e, 0x3b, 0x0a, 0x0a, 0x66, 0x6e, 0x20, 0x6d, 0x61, 0x69, 0x6e, 0x5f, // <f32>;..fn main_
	0x69, 0x6e, 0x6e, 0x65, 0x72, 0x28, 0x61, 0x5f, 0x63, 0x6f, 0x6c, 0x6f, 0x72, 0x30, 0x20, 0x3a, // inner(a_color0 :
	0x20, 0x76, 0x65, 0x63, 0x34, 0x3c, 0x66, 0x33, 0x32, 0x3e, 0x2c, 0x20, 0x61, 0x5f, 0x70, 0x6f, //  vec4<f32>, a_po
	0x73, 0x69, 0x74, 0x69, 0x6f, 0x6e, 0x20, 0x3a, 0x20, 0x76, 0x65, 0x63, 0x32, 0x3c, 0x66, 0x33, // sition : vec2<f3
	0x32, 0x3e, 0x2c, 0x20, 0x61, 0x5f, 0x74, 0x65, 0x78, 0x63, 0x6f, 0x6f, 0x72, 0x64, 0x30, 0x20, // 2>, a_texcoord0 
	0x3a, 0x20, 0x76, 0x65, 0x63, 0x32, 0x3c, 0x66, 0x33, 0x32, 0x3e, 0x29, 0x20, 0x7b, 0x0a, 0x20, // : vec2<f32>) {. 
	0x20, 0x76, 0x5f, 0x31, 0x20, 0x3d, 0x20, 0x28, 0x76, 0x2e, 0x75, 0x5f, 0x76, 0x69, 0x65, 0x77, //  v_1 = (v.u_view
	0x50, 0x72, 0x6f, 0x6a, 0x20, 0x2a, 0x20, 0x76, 0x65, 0x63, 0x34, 0x3c, 0x66, 0x33, 0x32, 0x3e, // Proj * vec4<f32>
	0x28, 0x61, 0x5f, 0x70, 0x6f, 0x73, 0x69, 0x74, 0x69, 0x6f, 0x6e, 0x2e, 0x78, 0x2c, 0x20, 0x61, // (a_position.x, a
	0x5f, 0x70, 0x6f, 0x73, 0x69, 0x74, 0x69, 0x6f, 0x6e, 0x2e, 0x79, 0x2c, 0x20, 0x30, 0x2e, 0x30, // _position.y, 0.0
	0x66, 0x2c, 0x20, 0x31, 0x2e, 0x30, 0x66, 0x29, 0x29, 0x3b, 0x0a, 0x20, 0x20, 0x76, 0x5f, 0x32, // f, 1.0f));.  v_2
	0x20, 0x3d, 0x20, 0x61, 0x5f, 0x63, 0x6f, 0x6c, 0x6f, 0x72, 0x30, 0x3b, 0x0a, 0x20, 0x20, 0x76, //  = a_color0;.  v
	0x5f, 0x33, 0x20, 0x3d, 0x20, 0x61, 0x5f, 0x74, 0x65, 0x78, 0x63, 0x6f, 0x6f, 0x72, 0x64, 0x30, // _3 = a_texcoord0
	0x3b, 0x0a, 0x7d, 0x0a, 0x0a, 0x73, 0x74, 0x72, 0x75, 0x63, 0x74, 0x20, 0x74, 0x69, 0x6e, 0x74, // ;.}..struct tint
	0x5f, 0x73, 0x79, 0x6d, 0x62, 0x6f, 0x6c, 0x20, 0x7b, 0x0a, 0x20, 0x20, 0x40, 0x62, 0x75, 0x69, // _symbol {.  @bui
	0x6c, 0x74, 0x69, 0x6e, 0x28, 0x70, 0x6f, 0x73, 0x69, 0x74, 0x69, 0x6f, 0x6e, 0x29, 0x0a, 0x20, // ltin(position). 
	0x20, 0x6d, 0x20, 0x3a, 0x20, 0x76, 0x65, 0x63, 0x34, 0x3c, 0x66, 0x33, 0x32, 0x3e, 0x2c, 0x0a, //  m : vec4<f32>,.
	0x20, 0x20, 0x40, 0x6c, 0x6f, 0x63, 0x61, 0x74, 0x69, 0x6f, 0x6e, 0x28, 0x30, 0x75, 0x29, 0x0a, //   @location(0u).
	0x20, 0x20, 0x6d, 0x5f, 0x31, 0x20, 0x3a, 0x20, 0x76, 0x65, 0x63, 0x34, 0x3c, 0x66, 0x33, 0x32, //   m_1 : vec4<f32
	0x3e, 0x2c, 0x0a, 0x20, 0x20, 0x40, 0x6c, 0x6f, 0x63, 0x61, 0x74, 0x69, 0x6f, 0x6e, 0x28, 0x31, // >,.  @location(1
	0x75, 0x29, 0x0a, 0x20, 0x20, 0x6d, 0x5f, 0x32, 0x20, 0x3a, 0x20, 0x76, 0x65, 0x63, 0x32, 0x3c, // u).  m_2 : vec2<
	0x66, 0x33, 0x32, 0x3e, 0x2c, 0x0a, 0x7d, 0x0a, 0x0a, 0x40, 0x76, 0x65, 0x72, 0x74, 0x65, 0x78, // f32>,.}..@vertex
	0x0a, 0x66, 0x6e, 0x20, 0x6d, 0x61, 0x69, 0x6e, 0x28, 0x40, 0x6c, 0x6f, 0x63, 0x61, 0x74, 0x69, // .fn main(@locati
	0x6f, 0x6e, 0x28, 0x30, 0x75, 0x29, 0x20, 0x61, 0x5f, 0x63, 0x6f, 0x6c, 0x6f, 0x72, 0x30, 0x20, // on(0u) a_color0 
	0x3a, 0x20, 0x76, 0x65, 0x63, 0x34, 0x3c, 0x66, 0x33, 0x32, 0x3e, 0x2c, 0x20, 0x40, 0x6c, 0x6f, // : vec4<f32>, @lo
	0x63, 0x61, 0x74, 0x69, 0x6f, 0x6e, 0x28, 0x31, 0x75, 0x29, 0x20, 0x61, 0x5f, 0x70, 0x6f, 0x73, // cation(1u) a_pos
	0x69, 0x74, 0x69, 0x6f, 0x6e, 0x20, 0x3a, 0x20, 0x76, 0x65, 0x63, 0x32, 0x3c, 0x66, 0x33, 0x32, // ition : vec2<f32
	0x3e, 0x2c, 0x20, 0x40, 0x6c, 0x6f, 0x63, 0x61, 0x74, 0x69, 0x6f, 0x6e, 0x28, 0x32, 0x75, 0x29, // >, @location(2u)
	0x20, 0x61, 0x5f, 0x74, 0x65, 0x78, 0x63, 0x6f, 0x6f, 0x72, 0x64, 0x30, 0x20, 0x3a, 0x20, 0x76, //  a_texcoord0 : v
	0x65, 0x63, 0x32, 0x3c, 0x66, 0x33, 0x32, 0x3e, 0x29, 0x20, 0x2d, 0x3e, 0x20, 0x74, 0x69, 0x6e, // ec2<f32>) -> tin
	0x74, 0x5f, 0x73, 0x79, 0x6d, 0x62, 0x6f, 0x6c, 0x20, 0x7b, 0x0a, 0x20, 0x20, 0x6d, 0x61, 0x69, // t_symbol {.  mai
	0x6e, 0x5f, 0x69, 0x6e, 0x6e, 0x65, 0x72, 0x28, 0x61, 0x5f, 0x63, 0x6f, 0x6c, 0x6f, 0x72, 0x30, // n_inner(a_color0
	0x2c, 0x20, 0x61, 0x5f, 0x70, 0x6f, 0x73, 0x69, 0x74, 0x69, 0x6f, 0x6e, 0x2c, 0x20, 0x61, 0x5f, // , a_position, a_
	0x74, 0x65, 0x78, 0x63, 0x6f, 0x6f, 0x72, 0x64, 0x30, 0x29, 0x3b, 0x0a, 0x20, 0x20, 0x72, 0x65, // texcoord0);.  re
	0x74, 0x75, 0x72, 0x6e, 0x20, 0x74, 0x69, 0x6e, 0x74, 0x5f, 0x73, 0x79, 0x6d, 0x62, 0x6f, 0x6c, // turn tint_symbol
	0x28, 0x76, 0x5f, 0x31, 0x2c, 0x20, 0x76, 0x5f, 0x32, 0x2c, 0x20, 0x76, 0x5f, 0x33, 0x29, 0x3b, // (v_1, v_2, v_3);
	0x0a, 0x7d, 0x0a, 0x00, 0x03, 0x05, 0x00, 0x01, 0x00, 0x10, 0x00, 0x40, 0x00, 0x40, 0x00,       // .}.........@.@.
};

static const uint8_t quad_image_vs_mtl[880] =
{
	0x56, 0x53, 0x48, 0x0b, 0x00, 0x00, 0x00, 0x00, 0x01, 0x83, 0xf2, 0xe1, 0x01, 0x00, 0x0a, 0x75, // VSH............u
	0x5f, 0x76, 0x69, 0x65, 0x77, 0x50, 0x72, 0x6f, 0x6a, 0x04, 0x01, 0x00, 0x00, 0x04, 0x00, 0x00, // _viewProj.......
	0x00, 0x00, 0x00, 0x3f, 0x03, 0x00, 0x00, 0x23, 0x69, 0x6e, 0x63, 0x6c, 0x75, 0x64, 0x65, 0x20, // ...?...#include 
	0x3c, 0x6d, 0x65, 0x74, 0x61, 0x6c, 0x5f, 0x73, 0x74, 0x64, 0x6c, 0x69, 0x62, 0x3e, 0x0a, 0x23, // <metal_stdlib>.#
	0x69, 0x6e, 0x63, 0x6c, 0x75, 0x64, 0x65, 0x20, 0x3c, 0x73, 0x69, 0x6d, 0x64, 0x2f, 0x73, 0x69, // include <simd/si
	0x6d, 0x64, 0x2e, 0x68, 0x3e, 0x0a, 0x0a, 0x75, 0x73, 0x69, 0x6e, 0x67, 0x20, 0x6e, 0x61, 0x6d, // md.h>..using nam
	0x65, 0x73, 0x70, 0x61, 0x63, 0x65, 0x20, 0x6d, 0x65, 0x74, 0x61, 0x6c, 0x3b, 0x0a, 0x0a, 0x73, // espace metal;..s
	0x74, 0x72, 0x75, 0x63, 0x74, 0x20, 0x5f, 0x47, 0x6c, 0x6f, 0x62, 0x61, 0x6c, 0x0a, 0x7b, 0x0a, // truct _Global.{.
	0x20, 0x20, 0x20, 0x20, 0x66, 0x6c, 0x6f, 0x61, 0x74, 0x34, 0x78, 0x34, 0x20, 0x75, 0x5f, 0x76, //     float4x4 u_v
	0x69, 0x65, 0x77, 0x50, 0x72, 0x6f, 0x6a, 0x3b, 0x0a, 0x7d, 0x3b, 0x0a, 0x0a, 0x73, 0x74, 0x72, // iewProj;.};..str
	0x75, 0x63, 0x74, 0x20, 0x78, 0x6c, 0x61, 0x74, 0x4d, 0x74, 0x6c, 0x4d, 0x61, 0x69, 0x6e, 0x5f, // uct xlatMtlMain_
	0x6f, 0x75, 0x74, 0x0a, 0x7b, 0x0a, 0x09, 0x66, 0x6c, 0x6f, 0x61, 0x74, 0x20, 0x62, 0x67, 0x66, // out.{..float bgf
	0x78, 0x5f, 0x6d, 0x65, 0x74, 0x61, 0x6c, 0x5f, 0x70, 0x6f, 0x69, 0x6e, 0x74, 0x53, 0x69, 0x7a, // x_metal_pointSiz
	0x65, 0x20, 0x5b, 0x5b, 0x70, 0x6f, 0x69, 0x6e, 0x74, 0x5f, 0x73, 0x69, 0x7a, 0x65, 0x5d, 0x5d, // e [[point_size]]
	0x20, 0x3d, 0x20, 0x31, 0x3b, 0x0a, 0x20, 0x20, 0x20, 0x20, 0x66, 0x6c, 0x6f, 0x61, 0x74, 0x34, //  = 1;.    float4
	0x20, 0x5f, 0x65, 0x6e, 0x74, 0x72, 0x79, 0x50, 0x6f, 0x69, 0x6e, 0x74, 0x4f, 0x75, 0x74, 0x70, //  _entryPointOutp
	0x75, 0x74, 0x5f, 0x76, 0x5f, 0x63, 0x6f, 0x6c, 0x6f, 0x72, 0x30, 0x20, 0x5b, 0x5b, 0x75, 0x73, // ut_v_color0 [[us
	0x65, 0x72, 0x28, 0x6c, 0x6f, 0x63, 0x6e, 0x30, 0x29, 0x5d, 0x5d, 0x3b, 0x0a, 0x20, 0x20, 0x20, // er(locn0)]];.   
	0x20, 0x66, 0x6c, 0x6f, 0x61, 0x74, 0x32, 0x20, 0x5f, 0x65, 0x6e, 0x74, 0x72, 0x79, 0x50, 0x6f, //  float2 _entryPo
	0x69, 0x6e, 0x74, 0x4f, 0x75, 0x74, 0x70, 0x75, 0x74, 0x5f, 0x76, 0x5f, 0x74, 0x65, 0x78, 0x63, // intOutput_v_texc
	0x6f, 0x6f, 0x72, 0x64, 0x30, 0x20, 0x5b, 0x5b, 0x75, 0x73, 0x65, 0x72, 0x28, 0x6c, 0x6f, 0x63, // oord0 [[user(loc
	0x6e, 0x31, 0x29, 0x5d, 0x5d, 0x3b, 0x0a, 0x20, 0x20, 0x20, 0x20, 0x66, 0x6c, 0x6f, 0x61, 0x74, // n1)]];.    float
	0x34, 0x20, 0x67, 0x6c, 0x5f, 0x50, 0x6f, 0x73, 0x69, 0x74, 0x69, 0x6f, 0x6e, 0x20, 0x5b, 0x5b, // 4 gl_Position [[
	0x70, 0x6f, 0x73, 0x69, 0x74, 0x69, 0x6f, 0x6e, 0x5d, 0x5d, 0x3b, 0x0a, 0x7d, 0x3b, 0x0a, 0x0a, // position]];.};..
	0x73, 0x74, 0x72, 0x75, 0x63, 0x74, 0x20, 0x78, 0x6c, 0x61, 0x74, 0x4d, 0x74, 0x6c, 0x4d, 0x61, // struct xlatMtlMa
	0x69, 0x6e, 0x5f, 0x69, 0x6e, 0x0a, 0x7b, 0x0a, 0x20, 0x20, 0x20, 0x20, 0x66, 0x6c, 0x6f, 0x61, // in_in.{.    floa
	0x74, 0x34, 0x20, 0x61, 0x5f, 0x63, 0x6f, 0x6c, 0x6f, 0x72, 0x30, 0x20, 0x5b, 0x5b, 0x61, 0x74, // t4 a_color0 [[at
	0x74, 0x72, 0x69, 0x62, 0x75, 0x74, 0x65, 0x28, 0x30, 0x29, 0x5d, 0x5d, 0x3b, 0x0a, 0x20, 0x20, // tribute(0)]];.  
	0x20, 0x20, 0x66, 0x6c, 0x6f, 0x61, 0x74, 0x32, 0x20, 0x61, 0x5f, 0x70, 0x6f, 0x73, 0x69, 0x74, //   float2 a_posit
	0x69, 0x6f, 0x6e, 0x20, 0x5b, 0x5b, 0x61, 0x74, 0x74, 0x72, 0x69, 0x62, 0x75, 0x74, 0x65, 0x28, // ion [[attribute(
	0x31, 0x29, 0x5d, 0x5d, 0x3b, 0x0a, 0x20, 0x20, 0x20, 0x20, 0x66, 0x6c, 0x6f, 0x61, 0x74, 0x32, // 1)]];.    float2
	0x20, 0x61, 0x5f, 0x74, 0x65, 0x78, 0x63, 0x6f, 0x6f, 0x72, 0x64, 0x30, 0x20, 0x5b, 0x5b, 0x61, //  a_texcoord0 [[a
	0x74, 0x74, 0x72, 0x69, 0x62, 0x75, 0x74, 0x65, 0x28, 0x32, 0x29, 0x5d, 0x5d, 0x3b, 0x0a, 0x7d, // ttribute(2)]];.}
	0x3b, 0x0a, 0x0a, 0x76, 0x65, 0x72, 0x74, 0x65, 0x78, 0x20, 0x78, 0x6c, 0x61, 0x74, 0x4d, 0x74, // ;..vertex xlatMt
	0x6c, 0x4d, 0x61, 0x69, 0x6e, 0x5f, 0x6f, 0x75, 0x74, 0x20, 0x78, 0x6c, 0x61, 0x74, 0x4d, 0x74, // lMain_out xlatMt
	0x6c, 0x4d, 0x61, 0x69, 0x6e, 0x28, 0x78, 0x6c, 0x61, 0x74, 0x4d, 0x74, 0x6c, 0x4d, 0x61, 0x69, // lMain(xlatMtlMai
	0x6e, 0x5f, 0x69, 0x6e, 0x20, 0x69, 0x6e, 0x20, 0x5b, 0x5b, 0x73, 0x74, 0x61, 0x67, 0x65, 0x5f, // n_in in [[stage_
	0x69, 0x6e, 0x5d, 0x5d, 0x2c, 0x20, 0x63, 0x6f, 0x6e, 0x73, 0x74, 0x61, 0x6e, 0x74, 0x20, 0x5f, // in]], constant _
	0x47, 0x6c, 0x6f, 0x62, 0x61, 0x6c, 0x26, 0x20, 0x5f, 0x6d, 0x74, 0x6c, 0x5f, 0x75, 0x20, 0x5b, // Global& _mtl_u [
	0x5b, 0x62, 0x75, 0x66, 0x66, 0x65, 0x72, 0x28, 0x30, 0x29, 0x5d, 0x5d, 0x29, 0x0a, 0x7b, 0x0a, // [buffer(0)]]).{.
	0x20, 0x20, 0x20, 0x20, 0x78, 0x6c, 0x61, 0x74, 0x4d, 0x74, 0x6c, 0x4d, 0x61, 0x69, 0x6e, 0x5f, //     xlatMtlMain_
	0x6f, 0x75, 0x74, 0x20, 0x6f, 0x75, 0x74, 0x20, 0x3d, 0x20, 0x7b, 0x7d, 0x3b, 0x0a, 0x20, 0x20, // out out = {};.  
	0x20, 0x20, 0x6f, 0x75, 0x74, 0x2e, 0x67, 0x6c, 0x5f, 0x50, 0x6f, 0x73, 0x69, 0x74, 0x69, 0x6f, //   out.gl_Positio
	0x6e, 0x20, 0x3d, 0x20, 0x5f, 0x6d, 0x74, 0x6c, 0x5f, 0x75, 0x2e, 0x75, 0x5f, 0x76, 0x69, 0x65, // n = _mtl_u.u_vie
	0x77, 0x50, 0x72, 0x6f, 0x6a, 0x20, 0x2a, 0x20, 0x66, 0x6c, 0x6f, 0x61, 0x74, 0x34, 0x28, 0x69, // wProj * float4(i
	0x6e, 0x2e, 0x61, 0x5f, 0x70, 0x6f, 0x73, 0x69, 0x74, 0x69, 0x6f, 0x6e, 0x2c, 0x20, 0x30, 0x2e, // n.a_position, 0.
	0x30, 0x2c, 0x20, 0x31, 0x2e, 0x30, 0x29, 0x3b, 0x0a, 0x20, 0x20, 0x20, 0x20, 0x6f, 0x75, 0x74, // 0, 1.0);.    out
	0x2e, 0x5f, 0x65, 0x6e, 0x74, 0x72, 0x79, 0x50, 0x6f, 0x69, 0x6e, 0x74, 0x4f, 0x75, 0x74, 0x70, // ._entryPointOutp
	0x75, 0x74, 0x5f, 0x76, 0x5f, 0x63, 0x6f, 0x6c, 0x6f, 0x72, 0x30, 0x20, 0x3d, 0x20, 0x69, 0x6e, // ut_v_color0 = in
	0x2e, 0x61, 0x5f, 0x63, 0x6f, 0x6c, 0x6f, 0x72, 0x30, 0x3b, 0x0a, 0x20, 0x20, 0x20, 0x20, 0x6f, // .a_color0;.    o
	0x75, 0x74, 0x2e, 0x5f, 0x65, 0x6e, 0x74, 0x72, 0x79, 0x50, 0x6f, 0x69, 0x6e, 0x74, 0x4f, 0x75, // ut._entryPointOu
	0x74, 0x70, 0x75, 0x74, 0x5f, 0x76, 0x5f, 0x74, 0x65, 0x78, 0x63, 0x6f, 0x6f, 0x72, 0x64, 0x30, // tput_v_texcoord0
	0x20, 0x3d, 0x20, 0x69, 0x6e, 0x2e, 0x61, 0x5f, 0x74, 0x65, 0x78, 0x63, 0x6f, 0x6f, 0x72, 0x64, //  = in.a_texcoord
	0x30, 0x3b, 0x0a, 0x20, 0x20, 0x20, 0x20, 0x72, 0x65, 0x74, 0x75, 0x72, 0x6e, 0x20, 0x6f, 0x75, // 0;.    return ou
	0x74, 0x3b, 0x0a, 0x7d, 0x0a, 0x0a, 0x00, 0x03, 0x05, 0x00, 0x01, 0x00, 0x10, 0x00, 0x40, 0x00, // t;.}..........@.
};

