static const uint8_t quad_image_fs_dx11[429] =
{
	0x46, 0x53, 0x48, 0x0b, 0x01, 0x83, 0xf2, 0xe1, 0x00, 0x00, 0x00, 0x00, 0x01, 0x00, 0x10, 0x73, // FSH............s
	0x5f, 0x64, 0x69, 0x66, 0x66, 0x75, 0x73, 0x65, 0x54, 0x65, 0x78, 0x74, 0x75, 0x72, 0x65, 0x30, // _diffuseTexture0
	0x01, 0x00, 0x00, 0x01, 0x00, 0x00, 0x00, 0x00, 0x00, 0x7c, 0x01, 0x00, 0x00, 0x44, 0x58, 0x42, // .........|...DXB
	0x43, 0x84, 0x52, 0x21, 0xed, 0x9b, 0x51, 0x5d, 0xe1, 0xdc, 0x04, 0x05, 0x34, 0x4f, 0xfd, 0x8c, // C.R!..Q]....4O..
	0xd0, 0x01, 0x00, 0x00, 0x00, 0x7c, 0x01, 0x00, 0x00, 0x03, 0x00, 0x00, 0x00, 0x2c, 0x00, 0x00, // .....|.......,..
	0x00, 0xa0, 0x00, 0x00, 0x00, 0xd4, 0x00, 0x00, 0x00, 0x49, 0x53, 0x47, 0x4e, 0x6c, 0x00, 0x00, // .........ISGNl..
	0x00, 0x03, 0x00, 0x00, 0x00, 0x08, 0x00, 0x00, 0x00, 0x50, 0x00, 0x00, 0x00, 0x00, 0x00, 0x00, // .........P......
	0x00, 0x01, 0x00, 0x00, 0x00, 0x03, 0x00, 0x00, 0x00, 0x00, 0x00, 0x00, 0x00, 0x0f, 0x00, 0x00, // ................
	0x00, 0x5c, 0x00, 0x00, 0x00, 0x00, 0x00, 0x00, 0x00, 0x00, 0x00, 0x00, 0x00, 0x03, 0x00, 0x00, // ................
	0x00, 0x01, 0x00, 0x00, 0x00, 0x0f, 0x0f, 0x00, 0x00, 0x62, 0x00, 0x00, 0x00, 0x00, 0x00, 0x00, // .........b......
	0x00, 0x00, 0x00, 0x00, 0x00, 0x03, 0x00, 0x00, 0x00, 0x02, 0x00, 0x00, 0x00, 0x03, 0x03, 0x00, // ................
	0x00, 0x53, 0x56, 0x5f, 0x50, 0x4f, 0x53, 0x49, 0x54, 0x49, 0x4f, 0x4e, 0x00, 0x43, 0x4f, 0x4c, // .SV_POSITION.COL
	0x4f, 0x52, 0x00, 0x54, 0x45, 0x58, 0x43, 0x4f, 0x4f, 0x52, 0x44, 0x00, 0xab, 0x4f, 0x53, 0x47, // OR.TEXCOORD..OSG
	0x4e, 0x2c, 0x00, 0x00, 0x00, 0x01, 0x00, 0x00, 0x00, 0x08, 0x00, 0x00, 0x00, 0x20, 0x00, 0x00, // N,........... ..
	0x00, 0x00, 0x00, 0x00, 0x00, 0x00, 0x00, 0x00, 0x00, 0x03, 0x00, 0x00, 0x00, 0x00, 0x00, 0x00, // ................
	0x00, 0x0f, 0x00, 0x00, 0x00, 0x53, 0x56, 0x5f, 0x54, 0x41, 0x52, 0x47, 0x45, 0x54, 0x00, 0xab, // .....SV_TARGET..
	0xab, 0x53, 0x48, 0x45, 0x58, 0xa0, 0x00, 0x00, 0x00, 0x50, 0x00, 0x00, 0x00, 0x28, 0x00, 0x00, // .SHEX....P...(..
	0x00, 0x6a, 0x88, 0x00, 0x01, 0x5a, 0x00, 0x00, 0x03, 0x00, 0x60, 0x10, 0x00, 0x00, 0x00, 0x00, // .j...Z....`.....
	0x00, 0x58, 0x18, 0x00, 0x04, 0x00, 0x70, 0x10, 0x00, 0x00, 0x00, 0x00, 0x00, 0x55, 0x55, 0x00, // .X....p......UU.
	0x00, 0x62, 0x10, 0x00, 0x03, 0xf2, 0x10, 0x10, 0x00, 0x01, 0x00, 0x00, 0x00, 0x62, 0x10, 0x00, // .b...........b..
	0x03, 0x32, 0x10, 0x10, 0x00, 0x02, 0x00, 0x00, 0x00, 0x65, 0x00, 0x00, 0x03, 0xf2, 0x20, 0x10, // .2.......e.... .
	0x00, 0x00, 0x00, 0x00, 0x00, 0x68, 0x00, 0x00, 0x02, 0x01, 0x00, 0x00, 0x00, 0x45, 0x00, 0x00, // .....h.......E..
	0x8b, 0xc2, 0x00, 0x00, 0x80, 0x43, 0x55, 0x15, 0x00, 0xf2, 0x00, 0x10, 0x00, 0x00, 0x00, 0x00, // .....CU.........
	0x00, 0x46, 0x10, 0x10, 0x00, 0x02, 0x00, 0x00, 0x00, 0x46, 0x7e, 0x10, 0x00, 0x00, 0x00, 0x00, // .F.......F~.....
	0x00, 0x00, 0x60, 0x10, 0x00, 0x00, 0x00, 0x00, 0x00, 0x38, 0x00, 0x00, 0x07, 0xf2, 0x20, 0x10, // ..`......8.... .
	0x00, 0x00, 0x00, 0x00, 0x00, 0x46, 0x0e, 0x10, 0x00, 0x00, 0x00, 0x00, 0x00, 0x46, 0x1e, 0x10, // .....F.......F..
	0x00, 0x01, 0x00, 0x00, 0x00, 0x3e, 0x00, 0x00, 0x01, 0x00, 0x00, 0x00, 0x00,                   // .....>.......
};

static const uint8_t quad_image_fs_dxil[4241] =
{
	0x46, 0x53, 0x48, 0x0b, 0x01, 0x83, 0xf2, 0xe1, 0x00, 0x00, 0x00, 0x00, 0x01, 0x00, 0x10, 0x73, // FSH............s
	0x5f, 0x64, 0x69, 0x66, 0x66, 0x75, 0x73, 0x65, 0x54, 0x65, 0x78, 0x74, 0x75, 0x72, 0x65, 0x30, // _diffuseTexture0
	0x01, 0x00, 0x00, 0x01, 0x00, 0x00, 0x00, 0x00, 0x00, 0x60, 0x10, 0x00, 0x00, 0x44, 0x58, 0x42, // .........`...DXB
	0x43, 0x74, 0xd3, 0x08, 0xc1, 0xb0, 0xac, 0x2c, 0xff, 0xeb, 0x00, 0x7c, 0x74, 0x8a, 0xb3, 0xaf, // Ct.....,...|t...
	0x9f, 0x01, 0x00, 0x00, 0x00, 0x60, 0x10, 0x00, 0x00, 0x07, 0x00, 0x00, 0x00, 0x3c, 0x00, 0x00, // .....`.......<..
	0x00, 0x4c, 0x00, 0x00, 0x00, 0xd8, 0x00, 0x00, 0x00, 0x14, 0x01, 0x00, 0x00, 0x24, 0x02, 0x00, // .L...........$..
	0x00, 0xf8, 0x08, 0x00, 0x00, 0x14, 0x09, 0x00, 0x00, 0x53, 0x46, 0x49, 0x30, 0x08, 0x00, 0x00, // .........SFI0...
	0x00, 0x00, 0x00, 0x00, 0x00, 0x00, 0x00, 0x00, 0x00, 0x49, 0x53, 0x47, 0x31, 0x84, 0x00, 0x00, // .........ISG1...
	0x00, 0x03, 0x00, 0x00, 0x00, 0x08, 0x00, 0x00, 0x00, 0x00, 0x00, 0x00, 0x00, 0x68, 0x00, 0x00, // .............h..
	0x00, 0x00, 0x00, 0x00, 0x00, 0x01, 0x00, 0x00, 0x00, 0x03, 0x00, 0x00, 0x00, 0x00, 0x00, 0x00, // ................
	0x00, 0x0f, 0x00, 0x00, 0x00, 0x00, 0x00, 0x00, 0x00, 0x00, 0x00, 0x00, 0x00, 0x74, 0x00, 0x00, // .............t..
	0x00, 0x00, 0x00, 0x00, 0x00, 0x00, 0x00, 0x00, 0x00, 0x03, 0x00, 0x00, 0x00, 0x01, 0x00, 0x00, // ................
	0x00, 0x0f, 0x0f, 0x00, 0x00, 0x00, 0x00, 0x00, 0x00, 0x00, 0x00, 0x00, 0x00, 0x7a, 0x00, 0x00, // .............z..
	0x00, 0x00, 0x00, 0x00, 0x00, 0x00, 0x00, 0x00, 0x00, 0x03, 0x00, 0x00, 0x00, 0x02, 0x00, 0x00, // ................
	0x00, 0x03, 0x03, 0x00, 0x00, 0x00, 0x00, 0x00, 0x00, 0x53, 0x56, 0x5f, 0x50, 0x6f, 0x73, 0x69, // .........SV_Posi
	0x74, 0x69, 0x6f, 0x6e, 0x00, 0x43, 0x4f, 0x4c, 0x4f, 0x52, 0x00, 0x54, 0x45, 0x58, 0x43, 0x4f, // tion.COLOR.TEXCO
	0x4f, 0x52, 0x44, 0x00, 0x00, 0x4f, 0x53, 0x47, 0x31, 0x34, 0x00, 0x00, 0x00, 0x01, 0x00, 0x00, // ORD..OSG14......
	0x00, 0x08, 0x00, 0x00, 0x00, 0x00, 0x00, 0x00, 0x00, 0x28, 0x00, 0x00, 0x00, 0x00, 0x00, 0x00, // .........(......
	0x00, 0x40, 0x00, 0x00, 0x00, 0x03, 0x00, 0x00, 0x00, 0x00, 0x00, 0x00, 0x00, 0x0f, 0x00, 0x00, // .@..............
	0x00, 0x00, 0x00, 0x00, 0x00, 0x53, 0x56, 0x5f, 0x54, 0x61, 0x72, 0x67, 0x65, 0x74, 0x00, 0x00, // .....SV_Target..
	0x00, 0x50, 0x53, 0x56, 0x30, 0x08, 0x01, 0x00, 0x00, 0x34, 0x00, 0x00, 0x00, 0x00, 0x00, 0x00, // .PSV0....4......
	0x00, 0x00, 0x00, 0x00, 0x00, 0x00, 0x00, 0x00, 0x00, 0x00, 0x00, 0x00, 0x00, 0x00, 0x00, 0x00, // ................
	0x00, 0xff, 0xff, 0xff, 0xff, 0x00, 0x00, 0x00, 0x00, 0x03, 0x01, 0x00, 0x03, 0x01, 0x00, 0x00, // ................
	0x00, 0x00, 0x00, 0x00, 0x00, 0x00, 0x00, 0x00, 0x00, 0x00, 0x00, 0x00, 0x00, 0x10, 0x00, 0x00, // ................
	0x00, 0x02, 0x00, 0x00, 0x00, 0x18, 0x00, 0x00, 0x00, 0x01, 0x00, 0x00, 0x00, 0x00, 0x00, 0x00, // ................
	0x00, 0x00, 0x00, 0x00, 0x00, 0x00, 0x00, 0x00, 0x00, 0x0e, 0x00, 0x00, 0x00, 0x00, 0x00, 0x00, // ................
	0x00, 0x03, 0x00, 0x00, 0x00, 0x00, 0x00, 0x00, 0x00, 0x00, 0x00, 0x00, 0x00, 0x00, 0x00, 0x00, // ................
	0x00, 0x02, 0x00, 0x00, 0x00, 0x00, 0x00, 0x00, 0x00, 0x18, 0x00, 0x00, 0x00, 0x00, 0x43, 0x4f, // ..............CO
	0x4c, 0x4f, 0x52, 0x00, 0x54, 0x45, 0x58, 0x43, 0x4f, 0x4f, 0x52, 0x44, 0x00, 0x6d, 0x61, 0x69, // LOR.TEXCOORD.mai
	0x6e, 0x00, 0x00, 0x00, 0x00, 0x01, 0x00, 0x00, 0x00, 0x00, 0x00, 0x00, 0x00, 0x10, 0x00, 0x00, // n...............
	0x00, 0x00, 0x00, 0x00, 0x00, 0x00, 0x00, 0x00, 0x00, 0x01, 0x00, 0x44, 0x03, 0x03, 0x04, 0x00, // ...........D....
	0x00, 0x01, 0x00, 0x00, 0x00, 0x00, 0x00, 0x00, 0x00, 0x01, 0x01, 0x44, 0x00, 0x03, 0x02, 0x00, // ...........D....
	0x00, 0x07, 0x00, 0x00, 0x00, 0x00, 0x00, 0x00, 0x00, 0x01, 0x02, 0x42, 0x00, 0x03, 0x02, 0x00, // ...........B....
	0x00, 0x00, 0x00, 0x00, 0x00, 0x00, 0x00, 0x00, 0x00, 0x01, 0x00, 0x44, 0x10, 0x03, 0x00, 0x00, // ...........D....
	0x00, 0x00, 0x00, 0x00, 0x00, 0x00, 0x00, 0x00, 0x00, 0x00, 0x00, 0x00, 0x00, 0x00, 0x00, 0x00, // ................
	0x00, 0x01, 0x00, 0x00, 0x00, 0x02, 0x00, 0x00, 0x00, 0x04, 0x00, 0x00, 0x00, 0x08, 0x00, 0x00, // ................
	0x00, 0x0f, 0x00, 0x00, 0x00, 0x0f, 0x00, 0x00, 0x00, 0x00, 0x00, 0x00, 0x00, 0x00, 0x00, 0x00, // ................
	0x00, 0x53, 0x54, 0x41, 0x54, 0xcc, 0x06, 0x00, 0x00, 0x60, 0x00, 0x00, 0x00, 0xb3, 0x01, 0x00, // .STAT....`......
	0x00, 0x44, 0x58, 0x49, 0x4c, 0x00, 0x01, 0x00, 0x00, 0x10, 0x00, 0x00, 0x00, 0xb4, 0x06, 0x00, // .DXIL...........
	0x00, 0x42, 0x43, 0xc0, 0xde, 0x21, 0x0c, 0x00, 0x00, 0xaa, 0x01, 0x00, 0x00, 0x0b, 0x82, 0x20, // .BC..!......... 
	0x00, 0x02, 0x00, 0x00, 0x00, 0x13, 0x00, 0x00, 0x00, 0x07, 0x81, 0x23, 0x91, 0x41, 0xc8, 0x04, // ...........#.A..
	0x49, 0x06, 0x10, 0x32, 0x39, 0x92, 0x01, 0x84, 0x0c, 0x25, 0x05, 0x08, 0x19, 0x1e, 0x04, 0x8b, // I..29....%......
	0x62, 0x80, 0x14, 0x45, 0x02, 0x42, 0x92, 0x0b, 0x42, 0xa4, 0x10, 0x32, 0x14, 0x38, 0x08, 0x18, // b..E.B..B..2.8..
	0x4b, 0x0a, 0x32, 0x52, 0x88, 0x48, 0x90, 0x14, 0x20, 0x43, 0x46, 0x88, 0xa5, 0x00, 0x19, 0x32, // K.2R.H.. CF....2
	0x42, 0xe4, 0x48, 0x0e, 0x90, 0x91, 0x22, 0xc4, 0x50, 0x41, 0x51, 0x81, 0x8c, 0xe1, 0x83, 0xe5, // B.H...".PAQ.....
	0x8a, 0x04, 0x29, 0x46, 0x06, 0x51, 0x18, 0x00, 0x00, 0x08, 0x00, 0x00, 0x00, 0x1b, 0x8c, 0xe0, // ..)F.Q..........
	0xff, 0xff, 0xff, 0xff, 0x07, 0x40, 0x02, 0xa8, 0x0d, 0x84, 0xf0, 0xff, 0xff, 0xff, 0xff, 0x03, // .....@..........
	0x20, 0x6d, 0x30, 0x86, 0xff, 0xff, 0xff, 0xff, 0x1f, 0x00, 0x09, 0xa8, 0x00, 0x49, 0x18, 0x00, //  m0..........I..
	0x00, 0x03, 0x00, 0x00, 0x00, 0x13, 0x82, 0x60, 0x42, 0x20, 0x4c, 0x08, 0x06, 0x00, 0x00, 0x00, // .......`B L.....
	0x00, 0x89, 0x20, 0x00, 0x00, 0x45, 0x00, 0x00, 0x00, 0x32, 0x22, 0x48, 0x09, 0x20, 0x64, 0x85, // .. ..E...2"H. d.
	0x04, 0x93, 0x22, 0xa4, 0x84, 0x04, 0x93, 0x22, 0xe3, 0x84, 0xa1, 0x90, 0x14, 0x12, 0x4c, 0x8a, // .."...."......L.
	0x8c, 0x0b, 0x84, 0xa4, 0x4c, 0x10, 0x74, 0x73, 0x04, 0x60, 0x90, 0x01, 0x80, 0xc2, 0x08, 0x40, // ....L.ts.`.....@
	0x09, 0x06, 0x91, 0x19, 0x80, 0x39, 0x02, 0xa4, 0x18, 0x06, 0x00, 0x70, 0x00, 0xa1, 0x62, 0x0c, // .....9.....p..b.
	0x00, 0xc0, 0x31, 0xa4, 0x6e, 0x1a, 0x2e, 0x7f, 0xc2, 0x1e, 0x42, 0xf2, 0x57, 0x42, 0x5a, 0x89, // ..1.n.....B.WBZ.
	0xc9, 0x2f, 0x6e, 0x1b, 0x15, 0xc6, 0x18, 0x03, 0xe8, 0xdc, 0x33, 0x5c, 0xfe, 0x84, 0x3d, 0x84, // ./n.......3...=.
	0xe4, 0x87, 0x40, 0x33, 0x2c, 0x04, 0x0a, 0x5a, 0x61, 0x18, 0x70, 0xce, 0x18, 0x63, 0x00, 0x00, // ..@3,..Za.p..c..
	0x86, 0xde, 0x1c, 0x41, 0x50, 0x0c, 0x07, 0x0e, 0x00, 0x91, 0xe4, 0x40, 0xc0, 0x30, 0x02, 0x61, // ...AP......@.0.a
	0xcc, 0xd4, 0x06, 0xe3, 0xc0, 0x0e, 0xe1, 0x30, 0x0f, 0xf3, 0xe0, 0x06, 0xb4, 0x50, 0x0e, 0xf8, // .......0.....P..
	0x40, 0x0f, 0xf5, 0x20, 0x0f, 0xe5, 0x20, 0x07, 0xa4, 0xc0, 0x07, 0xf6, 0x50, 0x0e, 0xe3, 0x40, // @.. .. .....P..@
	0x0f, 0xef, 0x20, 0x0f, 0x7c, 0x60, 0x0e, 0xec, 0xf0, 0x0e, 0xe1, 0x40, 0x0f, 0x6c, 0x00, 0x06, // .. .|`.....@.l..
	0x74, 0xe0, 0x07, 0x60, 0xe0, 0x07, 0x7a, 0xa0, 0x07, 0xed, 0x90, 0x0e, 0xf0, 0x30, 0x0f, 0xbf, // t..`..z......0..
	0x40, 0x0f, 0xf9, 0x00, 0x0f, 0xe5, 0x80, 0x02, 0x30, 0x93, 0x18, 0x8c, 0x03, 0x3b, 0x84, 0xc3, // @.......0....;..
	0x3c, 0xcc, 0x83, 0x1b, 0xd0, 0x42, 0x39, 0xe0, 0x03, 0x3d, 0xd4, 0x83, 0x3c, 0x94, 0x83, 0x1c, // <....B9..=..<...
	0x90, 0x02, 0x1f, 0xd8, 0x43, 0x39, 0x8c, 0x03, 0x3d, 0xbc, 0x83, 0x3c, 0xf0, 0x81, 0x39, 0xb0, // ....C9..=..<..9.
	0xc3, 0x3b, 0x84, 0x03, 0x3d, 0xb0, 0x01, 0x18, 0xd0, 0x81, 0x1f, 0x80, 0x81, 0x1f, 0x20, 0xa1, // .;..=......... .
	0x5a, 0xba, 0x37, 0x49, 0x53, 0x44, 0x09, 0x93, 0xcf, 0x02, 0xcc, 0xb3, 0x10, 0x11, 0x3b, 0x01, // Z.7ISD........;.
	0x13, 0x81, 0x02, 0x40, 0x39, 0x19, 0xc0, 0x1c, 0x01, 0x28, 0x00, 0x00, 0x00, 0x13, 0x14, 0x72, // ...@9....(.....r
	0xc0, 0x87, 0x74, 0x60, 0x87, 0x36, 0x68, 0x87, 0x79, 0x68, 0x03, 0x72, 0xc0, 0x87, 0x0d, 0xaf, // ..t`.6h.yh.r....
	0x50, 0x0e, 0x6d, 0xd0, 0x0e, 0x7a, 0x50, 0x0e, 0x6d, 0x00, 0x0f, 0x7a, 0x30, 0x07, 0x72, 0xa0, // P.m..zP.m..z0.r.
	0x07, 0x73, 0x20, 0x07, 0x6d, 0x90, 0x0e, 0x71, 0xa0, 0x07, 0x73, 0x20, 0x07, 0x6d, 0x90, 0x0e, // .s .m..q..s .m..
	0x78, 0xa0, 0x07, 0x73, 0x20, 0x07, 0x6d, 0x90, 0x0e, 0x71, 0x60, 0x07, 0x7a, 0x30, 0x07, 0x72, // x..s .m..q`.z0.r
	0xd0, 0x06, 0xe9, 0x30, 0x07, 0x72, 0xa0, 0x07, 0x73, 0x20, 0x07, 0x6d, 0x90, 0x0e, 0x76, 0x40, // ...0.r..s .m..v@
	0x07, 0x7a, 0x60, 0x07, 0x74, 0xd0, 0x06, 0xe6, 0x10, 0x07, 0x76, 0xa0, 0x07, 0x73, 0x20, 0x07, // .z`.t.....v..s .
	0x6d, 0x60, 0x0e, 0x73, 0x20, 0x07, 0x7a, 0x30, 0x07, 0x72, 0xd0, 0x06, 0xe6, 0x60, 0x07, 0x74, // m`.s .z0.r...`.t
	0xa0, 0x07, 0x76, 0x40, 0x07, 0x6d, 0xe0, 0x0e, 0x78, 0xa0, 0x07, 0x71, 0x60, 0x07, 0x7a, 0x30, // ..v@.m..x..q`.z0
	0x07, 0x72, 0xa0, 0x07, 0x76, 0x40, 0x07, 0x3a, 0x0f, 0x24, 0x90, 0x21, 0x23, 0x25, 0x40, 0x00, // .r..v@.:.$.!#%@.
	0x1e, 0xb4, 0x31, 0xe4, 0x21, 0x80, 0x00, 0x00, 0x00, 0x00, 0x00, 0x00, 0x00, 0x00, 0x00, 0x60, // ..1.!..........`
	0xc8, 0x83, 0x00, 0x01, 0x10, 0x00, 0x00, 0x00, 0x00, 0x00, 0x00, 0x00, 0xc0, 0x90, 0x47, 0x01, // ..............G.
	0x02, 0x40, 0x00, 0x00, 0x00, 0x00, 0x00, 0x00, 0x00, 0x80, 0x21, 0xcf, 0x03, 0x04, 0xc0, 0x00, // .@........!.....
	0x00, 0x00, 0x00, 0x00, 0x00, 0x00, 0x00, 0x43, 0x1e, 0x09, 0x08, 0x80, 0x01, 0x00, 0x00, 0x00, // .......C........
	0x00, 0x00, 0x00, 0x00, 0xb2, 0x40, 0x00, 0x00, 0x00, 0x11, 0x00, 0x00, 0x00, 0x32, 0x1e, 0x98, // .....@.......2..
	0x14, 0x19, 0x11, 0x4c, 0x90, 0x8c, 0x09, 0x26, 0x47, 0xc6, 0x04, 0x43, 0x02, 0x25, 0x30, 0x02, // ...L...&G..C.%0.
	0x50, 0x0c, 0x45, 0x50, 0x12, 0x65, 0x50, 0x1e, 0x85, 0x50, 0x44, 0xc4, 0x4b, 0x80, 0x4e, 0x49, // P.EP.eP..PD.K.NI
	0x94, 0x41, 0x21, 0x8c, 0x00, 0x14, 0x41, 0x81, 0x10, 0x9e, 0x01, 0x20, 0x3d, 0x03, 0x40, 0x7b, // .A!...A.... =.@{
	0x2c, 0x46, 0x21, 0x00, 0x00, 0x00, 0x02, 0x81, 0x40, 0x9e, 0x87, 0xc2, 0x08, 0x00, 0x00, 0x00, // ,F!.....@.......
	0x00, 0x79, 0x18, 0x00, 0x00, 0x8d, 0x00, 0x00, 0x00, 0x1a, 0x03, 0x4c, 0x90, 0x46, 0x02, 0x13, // .y.........L.F..
	0xc4, 0x31, 0x20, 0xc3, 0x1b, 0x43, 0x81, 0x93, 0x4b, 0xb3, 0x0b, 0xa3, 0x2b, 0x4b, 0x01, 0x89, // .1 ..C..K...+K..
	0x71, 0xc1, 0x71, 0x81, 0x71, 0xa1, 0xc1, 0x81, 0xb1, 0x01, 0x41, 0xb9, 0xa9, 0x09, 0x83, 0x91, // q.q.q.....A.....
	0xc9, 0x21, 0xcb, 0xa9, 0x49, 0xd9, 0x10, 0x04, 0x13, 0x04, 0xc0, 0x98, 0x20, 0x00, 0xc7, 0x06, // .!..I....... ...
	0x61, 0x20, 0x36, 0x08, 0x04, 0x41, 0x01, 0x6e, 0x6e, 0x82, 0x00, 0x20, 0x1b, 0x86, 0x03, 0x21, // a 6..A.nn.. ...!
	0x26, 0x08, 0x98, 0xc5, 0x6b, 0xee, 0x8b, 0x2c, 0xcd, 0xcc, 0xac, 0x6e, 0xae, 0x8c, 0xaa, 0x0c, // &...k..,...n....
	0x8f, 0xae, 0x4e, 0xae, 0x8c, 0xaa, 0x0c, 0x8f, 0xae, 0x4e, 0xae, 0x6c, 0x82, 0x00, 0x24, 0x13, // ..N......N.l..$.
	0x04, 0x40, 0xd9, 0x20, 0x10, 0xcd, 0x86, 0x84, 0x50, 0x16, 0x82, 0x18, 0x18, 0xc2, 0xd9, 0x10, // .@. ....P.......
	0x3c, 0x13, 0x04, 0xed, 0xe2, 0x35, 0xf7, 0x45, 0x96, 0x66, 0x66, 0x56, 0x37, 0x57, 0x46, 0x55, // <....5.E.ffV7WFU
	0x86, 0x47, 0x57, 0x27, 0x57, 0x36, 0x15, 0xd6, 0x06, 0xc7, 0x56, 0x26, 0xb7, 0x01, 0x21, 0x22, // .GW'W6....V&..!"
	0x89, 0x20, 0x06, 0x02, 0xd8, 0x10, 0x4c, 0x1b, 0x08, 0x08, 0x00, 0xa8, 0x09, 0x42, 0x11, 0x6c, // . ....L......B.l
	0x00, 0x36, 0x0c, 0xc4, 0x75, 0x6d, 0x08, 0xb0, 0x0d, 0xc3, 0x60, 0x65, 0x13, 0x84, 0x0d, 0xdb, // .6..um....`e....
	0x10, 0x6c, 0x24, 0xda, 0xc2, 0xd2, 0xdc, 0xb8, 0x4c, 0x59, 0x7d, 0x41, 0xbd, 0xcd, 0xa5, 0xd1, // .l$.....LY}A....
	0xa5, 0xbd, 0xb9, 0x4d, 0x10, 0x0e, 0x68, 0x82, 0x70, 0x44, 0x1b, 0x02, 0x62, 0x82, 0x70, 0x48, // ...M..h.pD..b.pH
	0x13, 0x84, 0x63, 0xda, 0xb0, 0x10, 0xde, 0x07, 0x06, 0x61, 0x20, 0x06, 0x83, 0x18, 0x10, 0x63, // ..c......a ....c
	0x00, 0xb0, 0x18, 0x7a, 0x62, 0x7a, 0x92, 0x9a, 0x20, 0x1c, 0xd4, 0x04, 0x01, 0x58, 0x26, 0x08, // ...zbz.. ....X&.
	0x00, 0xb3, 0x41, 0x38, 0x03, 0x34, 0xd8, 0xb0, 0x0c, 0x65, 0xf0, 0x8d, 0x41, 0x18, 0x98, 0xc1, // ..A8.4...e..A...
	0x20, 0x06, 0xc3, 0x18, 0xa4, 0x01, 0x11, 0xaa, 0x22, 0xac, 0xa1, 0xa7, 0x27, 0x29, 0xa2, 0x0d, //  ......."...')..
	0xc2, 0x19, 0x9c, 0xc1, 0x86, 0x85, 0x59, 0x83, 0x6f, 0x0c, 0xc2, 0xc0, 0x0c, 0x06, 0x33, 0x60, // ......Y.o.....3`
	0xc6, 0x80, 0x0d, 0x36, 0x0c, 0x64, 0xa0, 0x06, 0x6d, 0xc0, 0x64, 0xca, 0xea, 0x8b, 0x2a, 0x4c, // ...6.d..m.d...*L
	0xee, 0xac, 0x8c, 0x6e, 0x82, 0x70, 0x54, 0x1b, 0x16, 0xe2, 0x0d, 0x3e, 0x38, 0x08, 0x83, 0x31, // ...n.pT....>8..1
	0x18, 0xc4, 0x80, 0x18, 0x83, 0x34, 0xd8, 0x10, 0xc4, 0xc1, 0x86, 0xc1, 0x0d, 0xe4, 0x00, 0x98, // .....4..........
	0x20, 0x70, 0xcf, 0x06, 0x81, 0xa0, 0x83, 0x0d, 0x85, 0xd5, 0xcd, 0x41, 0x55, 0x07, 0x34, 0xcc, //  p.........AU.4.
	0xd8, 0xde, 0xc2, 0xe8, 0xe6, 0x26, 0x08, 0x40, 0xc3, 0x22, 0xcd, 0x6d, 0x8e, 0x6e, 0x6e, 0x82, // .....&.@.".m.nn.
	0x00, 0x38, 0x34, 0xe6, 0xd2, 0xce, 0xbe, 0xd8, 0xc8, 0x68, 0xcc, 0xa5, 0x9d, 0x7d, 0xcd, 0xd1, // .84......h...}..
	0x11, 0xa1, 0x2b, 0xc3, 0xfb, 0x72, 0x7b, 0x93, 0x6b, 0xdb, 0xa0, 0xdc, 0x01, 0x1e, 0xe4, 0x81, // ..+..r{.k.......
	0x1e, 0xec, 0x01, 0xc2, 0x07, 0x78, 0xd0, 0x07, 0x43, 0x15, 0x36, 0x36, 0xbb, 0x36, 0x97, 0x34, // .....x..C.66.6.4
	0xb2, 0x32, 0x37, 0xba, 0x29, 0x41, 0x50, 0x85, 0x0c, 0xcf, 0xc5, 0xae, 0x4c, 0x6e, 0x2e, 0xed, // .27.)AP.....Ln..
	0xcd, 0x6d, 0x4a, 0x40, 0x34, 0x21, 0xc3, 0x73, 0xb1, 0x0b, 0x63, 0xb3, 0x2b, 0x93, 0x9b, 0x12, // .mJ@4!.s..c.+...
	0x14, 0x75, 0xc8, 0xf0, 0x5c, 0xe6, 0xd0, 0xc2, 0xc8, 0xca, 0xe4, 0x9a, 0xde, 0xc8, 0xca, 0xd8, // .u..............
	0xa6, 0x04, 0x48, 0x19, 0x32, 0x3c, 0x17, 0xb9, 0xb2, 0xb9, 0xb7, 0x3a, 0xb9, 0xb1, 0xb2, 0xb9, // ..H.2<.....:....
	0x29, 0x01, 0x55, 0x89, 0x0c, 0xcf, 0x85, 0x2e, 0x0f, 0xae, 0x2c, 0xc8, 0xcd, 0xed, 0x8d, 0x2e, // ).U.......,.....
	0x8c, 0x2e, 0xed, 0xcd, 0x6d, 0x6e, 0x4a, 0x90, 0xd5, 0x21, 0xc3, 0x73, 0xb1, 0x4b, 0x2b, 0xbb, // ....mnJ..!.s.K+.
	0x4b, 0x22, 0x9b, 0xa2, 0x0b, 0xa3, 0x2b, 0x9b, 0x12, 0x6c, 0x75, 0xc8, 0xf0, 0x5c, 0xca, 0xdc, // K"....+..lu.....
	0xe8, 0xe4, 0xf2, 0xa0, 0xde, 0xd2, 0xdc, 0xe8, 0xe6, 0xa6, 0x04, 0x75, 0xd0, 0x85, 0x0c, 0xcf, // ...........u....
	0x65, 0xec, 0xad, 0xce, 0x8d, 0xae, 0x4c, 0x6e, 0x6e, 0x4a, 0xd0, 0x07, 0x00, 0x79, 0x18, 0x00, // e.....LnnJ...y..
	0x00, 0x4c, 0x00, 0x00, 0x00, 0x33, 0x08, 0x80, 0x1c, 0xc4, 0xe1, 0x1c, 0x66, 0x14, 0x01, 0x3d, // .L...3......f..=
	0x88, 0x43, 0x38, 0x84, 0xc3, 0x8c, 0x42, 0x80, 0x07, 0x79, 0x78, 0x07, 0x73, 0x98, 0x71, 0x0c, // .C8...B..yx.s.q.
	0xe6, 0x00, 0x0f, 0xed, 0x10, 0x0e, 0xf4, 0x80, 0x0e, 0x33, 0x0c, 0x42, 0x1e, 0xc2, 0xc1, 0x1d, // .........3.B....
	0xce, 0xa1, 0x1c, 0x66, 0x30, 0x05, 0x3d, 0x88, 0x43, 0x38, 0x84, 0x83, 0x1b, 0xcc, 0x03, 0x3d, // ...f0.=.C8.....=
	0xc8, 0x43, 0x3d, 0x8c, 0x03, 0x3d, 0xcc, 0x78, 0x8c, 0x74, 0x70, 0x07, 0x7b, 0x08, 0x07, 0x79, // .C=..=.x.tp.{..y
	0x48, 0x87, 0x70, 0x70, 0x07, 0x7a, 0x70, 0x03, 0x76, 0x78, 0x87, 0x70, 0x20, 0x87, 0x19, 0xcc, // H.pp.zp.vx.p ...
	0x11, 0x0e, 0xec, 0x90, 0x0e, 0xe1, 0x30, 0x0f, 0x6e, 0x30, 0x0f, 0xe3, 0xf0, 0x0e, 0xf0, 0x50, // ......0.n0.....P
	0x0e, 0x33, 0x10, 0xc4, 0x1d, 0xde, 0x21, 0x1c, 0xd8, 0x21, 0x1d, 0xc2, 0x61, 0x1e, 0x66, 0x30, // .3....!..!..a.f0
	0x89, 0x3b, 0xbc, 0x83, 0x3b, 0xd0, 0x43, 0x39, 0xb4, 0x03, 0x3c, 0xbc, 0x83, 0x3c, 0x84, 0x03, // .;..;.C9..<..<..
	0x3b, 0xcc, 0xf0, 0x14, 0x76, 0x60, 0x07, 0x7b, 0x68, 0x07, 0x37, 0x68, 0x87, 0x72, 0x68, 0x07, // ;...v`.{h.7h.rh.
	0x37, 0x80, 0x87, 0x70, 0x90, 0x87, 0x70, 0x60, 0x07, 0x76, 0x28, 0x07, 0x76, 0xf8, 0x05, 0x76, // 7..p..p`.v(.v..v
	0x78, 0x87, 0x77, 0x80, 0x87, 0x5f, 0x08, 0x87, 0x71, 0x18, 0x87, 0x72, 0x98, 0x87, 0x79, 0x98, // x.w.._..q..r..y.
	0x81, 0x2c, 0xee, 0xf0, 0x0e, 0xee, 0xe0, 0x0e, 0xf5, 0xc0, 0x0e, 0xec, 0x30, 0x03, 0x62, 0xc8, // .,..........0.b.
	0xa1, 0x1c, 0xe4, 0xa1, 0x1c, 0xcc, 0xa1, 0x1c, 0xe4, 0xa1, 0x1c, 0xdc, 0x61, 0x1c, 0xca, 0x21, // ............a..!
	0x1c, 0xc4, 0x81, 0x1d, 0xca, 0x61, 0x06, 0xd6, 0x90, 0x43, 0x39, 0xc8, 0x43, 0x39, 0x98, 0x43, // .....a...C9.C9.C
	0x39, 0xc8, 0x43, 0x39, 0xb8, 0xc3, 0x38, 0x94, 0x43, 0x38, 0x88, 0x03, 0x3b, 0x94, 0xc3, 0x2f, // 9.C9..8.C8..;../
	0xbc, 0x83, 0x3c, 0xfc, 0x82, 0x3b, 0xd4, 0x03, 0x3b, 0xb0, 0xc3, 0x0c, 0xc4, 0x21, 0x07, 0x7c, // ..<..;..;....!.|
	0x70, 0x03, 0x7a, 0x28, 0x87, 0x76, 0x80, 0x87, 0x19, 0xd1, 0x43, 0x0e, 0xf8, 0xe0, 0x06, 0xe4, // p.z(.v....C.....
	0x20, 0x0e, 0xe7, 0xe0, 0x06, 0xf6, 0x10, 0x0e, 0xf2, 0xc0, 0x0e, 0xe1, 0x90, 0x0f, 0xef, 0x50, //  ..............P
	0x0f, 0xf4, 0x00, 0x00, 0x00, 0x71, 0x20, 0x00, 0x00, 0x15, 0x00, 0x00, 0x00, 0x06, 0xc0, 0x0c, // .....q .........
	0x97, 0xdf, 0x38, 0xd3, 0x81, 0x34, 0x86, 0x0f, 0x58, 0x81, 0x34, 0x5c, 0xbe, 0xf3, 0xf8, 0x42, // ..8..4..X.4....B
	0x44, 0x00, 0x13, 0x11, 0x02, 0xcd, 0xb0, 0x10, 0x26, 0x30, 0x0d, 0x97, 0xef, 0x3c, 0xfe, 0xe2, // D.......&0...<..
	0x00, 0x83, 0xd8, 0x3c, 0xd4, 0xe4, 0x17, 0xb7, 0x6d, 0x04, 0xd0, 0x70, 0xf9, 0xce, 0xe3, 0x4b, // ...<....m..p...K
	0x00, 0xf3, 0x2c, 0x84, 0x5f, 0xdc, 0xb6, 0x0d, 0x54, 0xc3, 0xe5, 0x3b, 0x8f, 0x2f, 0x4d, 0x4e, // ..,._...T..;./MN
	0x44, 0xa0, 0xd4, 0xf4, 0x50, 0x93, 0x5f, 0xdc, 0xb6, 0x05, 0x10, 0x0c, 0x80, 0x34, 0x00, 0x00, // D...P._......4..
	0x00, 0x00, 0x00, 0x00, 0x00, 0x48, 0x41, 0x53, 0x48, 0x14, 0x00, 0x00, 0x00, 0x00, 0x00, 0x00, // .....HASH.......
	0x00, 0x60, 0x48, 0x65, 0xa9, 0x90, 0xd3, 0xed, 0x55, 0x6a, 0x2f, 0x2d, 0x2a, 0x43, 0xc1, 0xe4, // .`He....Uj/-*C..
	0xeb, 0x44, 0x58, 0x49, 0x4c, 0x44, 0x07, 0x00, 0x00, 0x60, 0x00, 0x00, 0x00, 0xd1, 0x01, 0x00, // .DXILD...`......
	0x00, 0x44, 0x58, 0x49, 0x4c, 0x00, 0x01, 0x00, 0x00, 0x10, 0x00, 0x00, 0x00, 0x2c, 0x07, 0x00, // .DXIL........,..
	0x00, 0x42, 0x43, 0xc0, 0xde, 0x21, 0x0c, 0x00, 0x00, 0xc8, 0x01, 0x00, 0x00, 0x0b, 0x82, 0x20, // .BC..!......... 
	0x00, 0x02, 0x00, 0x00, 0x00, 0x13, 0x00, 0x00, 0x00, 0x07, 0x81, 0x23, 0x91, 0x41, 0xc8, 0x04, // ...........#.A..
	0x49, 0x06, 0x10, 0x32, 0x39, 0x92, 0x01, 0x84, 0x0c, 0x25, 0x05, 0x08, 0x19, 0x1e, 0x04, 0x8b, // I..29....%......
	0x62, 0x80, 0x14, 0x45, 0x02, 0x42, 0x92, 0x0b, 0x42, 0xa4, 0x10, 0x32, 0x14, 0x38, 0x08, 0x18, // b..E.B..B..2.8..
	0x4b, 0x0a, 0x32, 0x52, 0x88, 0x48, 0x90, 0x14, 0x20, 0x43, 0x46, 0x88, 0xa5, 0x00, 0x19, 0x32, // K.2R.H.. CF....2
	0x42, 0xe4, 0x48, 0x0e, 0x90, 0x91, 0x22, 0xc4, 0x50, 0x41, 0x51, 0x81, 0x8c, 0xe1, 0x83, 0xe5, // B.H...".PAQ.....
	0x8a, 0x04, 0x29, 0x46, 0x06, 0x51, 0x18, 0x00, 0x00, 0x08, 0x00, 0x00, 0x00, 0x1b, 0x8c, 0xe0, // ..)F.Q..........
	0xff, 0xff, 0xff, 0xff, 0x07, 0x40, 0x02, 0xa8, 0x0d, 0x84, 0xf0, 0xff, 0xff, 0xff, 0xff, 0x03, // .....@..........
	0x20, 0x6d, 0x30, 0x86, 0xff, 0xff, 0xff, 0xff, 0x1f, 0x00, 0x09, 0xa8, 0x00, 0x49, 0x18, 0x00, //  m0..........I..
	0x00, 0x03, 0x00, 0x00, 0x00, 0x13, 0x82, 0x60, 0x42, 0x20, 0x4c, 0x08, 0x06, 0x00, 0x00, 0x00, // .......`B L.....
	0x00, 0x89, 0x20, 0x00, 0x00, 0x45, 0x00, 0x00, 0x00, 0x32, 0x22, 0x48, 0x09, 0x20, 0x64, 0x85, // .. ..E...2"H. d.
	0x04, 0x93, 0x22, 0xa4, 0x84, 0x04, 0x93, 0x22, 0xe3, 0x84, 0xa1, 0x90, 0x14, 0x12, 0x4c, 0x8a, // .."...."......L.
	0x8c, 0x0b, 0x84, 0xa4, 0x4c, 0x10, 0x78, 0x73, 0x04, 0x60, 0x90, 0x01, 0x80, 0xc2, 0x08, 0x40, // ....L.xs.`.....@
	0x09, 0x06, 0x91, 0x19, 0x80, 0x39, 0x02, 0xa4, 0x18, 0x06, 0x00, 0x70, 0x00, 0xa1, 0x62, 0x0c, // .....9.....p..b.
	0x00, 0xc0, 0x31, 0xa4, 0x6e, 0x1a, 0x2e, 0x7f, 0xc2, 0x1e, 0x42, 0xf2, 0x57, 0x42, 0x5a, 0x89, // ..1.n.....B.WBZ.
	0xc9, 0x2f, 0x6e, 0x1b, 0x15, 0xc6, 0x18, 0x03, 0xe8, 0xdc, 0x33, 0x5c, 0xfe, 0x84, 0x3d, 0x84, // ./n.......3...=.
	0xe4, 0x87, 0x40, 0x33, 0x2c, 0x04, 0x0a, 0x5a, 0x61, 0x18, 0x70, 0xce, 0x18, 0x63, 0x00, 0x00, // ..@3,..Za.p..c..
	0x86, 0xde, 0x1c, 0x41, 0x50, 0x0c, 0x07, 0x0e, 0x00, 0x91, 0xe4, 0x40, 0xc0, 0x30, 0x02, 0x61, // ...AP......@.0.a
	0xcc, 0xd4, 0x06, 0xe3, 0xc0, 0x0e, 0xe1, 0x30, 0x0f, 0xf3, 0xe0, 0x06, 0xb4, 0x50, 0x0e, 0xf8, // .......0.....P..
	0x40, 0x0f, 0xf5, 0x20, 0x0f, 0xe5, 0x20, 0x07, 0xa4, 0xc0, 0x07, 0xf6, 0x50, 0x0e, 0xe3, 0x40, // @.. .. .....P..@
	0x0f, 0xef, 0x20, 0x0f, 0x7c, 0x60, 0x0e, 0xec, 0xf0, 0x0e, 0xe1, 0x40, 0x0f, 0x6c, 0x00, 0x06, // .. .|`.....@.l..
	0x74, 0xe0, 0x07, 0x60, 0xe0, 0x07, 0x7a, 0xa0, 0x07, 0xed, 0x90, 0x0e, 0xf0, 0x30, 0x0f, 0xbf, // t..`..z......0..
	0x40, 0x0f, 0xf9, 0x00, 0x0f, 0xe5, 0x80, 0x02, 0x30, 0x93, 0x18, 0x8c, 0x03, 0x3b, 0x84, 0xc3, // @.......0....;..
	0x3c, 0xcc, 0x83, 0x1b, 0xd0, 0x42, 0x39, 0xe0, 0x03, 0x3d, 0xd4, 0x83, 0x3c, 0x94, 0x83, 0x1c, // <....B9..=..<...
	0x90, 0x02, 0x1f, 0xd8, 0x43, 0x39, 0x8c, 0x03, 0x3d, 0xbc, 0x83, 0x3c, 0xf0, 0x81, 0x39, 0xb0, // ....C9..=..<..9.
	0xc3, 0x3b, 0x84, 0x03, 0x3d, 0xb0, 0x01, 0x18, 0xd0, 0x81, 0x1f, 0x80, 0x81, 0x1f, 0x20, 0xa1, // .;..=......... .
	0x5a, 0xba, 0x37, 0x49, 0x53, 0x44, 0x09, 0x93, 0xcf, 0x02, 0xcc, 0xb3, 0x10, 0x11, 0x3b, 0x01, // Z.7ISD........;.
	0x13, 0x81, 0x02, 0x40, 0x39, 0x19, 0xc0, 0x1c, 0x01, 0x28, 0x10, 0x00, 0x00, 0x13, 0x14, 0x72, // ...@9....(.....r
	0xc0, 0x87, 0x74, 0x60, 0x87, 0x36, 0x68, 0x87, 0x79, 0x68, 0x03, 0x72, 0xc0, 0x87, 0x0d, 0xaf, // ..t`.6h.yh.r....
	0x50, 0x0e, 0x6d, 0xd0, 0x0e, 0x7a, 0x50, 0x0e, 0x6d, 0x00, 0x0f, 0x7a, 0x30, 0x07, 0x72, 0xa0, // P.m..zP.m..z0.r.
	0x07, 0x73, 0x20, 0x07, 0x6d, 0x90, 0x0e, 0x71, 0xa0, 0x07, 0x73, 0x20, 0x07, 0x6d, 0x90, 0x0e, // .s .m..q..s .m..
	0x78, 0xa0, 0x07, 0x73, 0x20, 0x07, 0x6d, 0x90, 0x0e, 0x71, 0x60, 0x07, 0x7a, 0x30, 0x07, 0x72, // x..s .m..q`.z0.r
	0xd0, 0x06, 0xe9, 0x30, 0x07, 0x72, 0xa0, 0x07, 0x73, 0x20, 0x07, 0x6d, 0x90, 0x0e, 0x76, 0x40, // ...0.r..s .m..v@
	0x07, 0x7a, 0x60, 0x07, 0x74, 0xd0, 0x06, 0xe6, 0x10, 0x07, 0x76, 0xa0, 0x07, 0x73, 0x20, 0x07, // .z`.t.....v..s .
	0x6d, 0x60, 0x0e, 0x73, 0x20, 0x07, 0x7a, 0x30, 0x07, 0x72, 0xd0, 0x06, 0xe6, 0x60, 0x07, 0x74, // m`.s .z0.r...`.t
	0xa0, 0x07, 0x76, 0x40, 0x07, 0x6d, 0xe0, 0x0e, 0x78, 0xa0, 0x07, 0x71, 0x60, 0x07, 0x7a, 0x30, // ..v@.m..x..q`.z0
	0x07, 0x72, 0xa0, 0x07, 0x76, 0x40, 0x07, 0x3a, 0x0f, 0x24, 0x90, 0x21, 0x23, 0x25, 0x40, 0x00, // .r..v@.:.$.!#%@.
	0x1e, 0xb0, 0x31, 0xe4, 0x21, 0x00, 0x00, 0x00, 0x00, 0x00, 0x00, 0x00, 0x00, 0x00, 0x00, 0x60, // ..1.!..........`
	0xc8, 0x83, 0x00, 0x01, 0x10, 0x00, 0x00, 0x00, 0x00, 0x00, 0x00, 0x00, 0xc0, 0x90, 0x47, 0x01, // ..............G.
	0x02, 0x40, 0x00, 0x00, 0x00, 0x00, 0x00, 0x00, 0x00, 0x80, 0x21, 0xcf, 0x03, 0x04, 0xc0, 0x00, // .@........!.....
	0x00, 0x00, 0x00, 0x00, 0x00, 0x00, 0x00, 0x43, 0x1e, 0x09, 0x08, 0x80, 0x01, 0x00, 0x00, 0x00, // .......C........
	0x00, 0x00, 0x00, 0x00, 0xb2, 0x40, 0x00, 0x00, 0x00, 0x10, 0x00, 0x00, 0x00, 0x32, 0x1e, 0x98, // .....@.......2..
	0x14, 0x19, 0x11, 0x4c, 0x90, 0x8c, 0x09, 0x26, 0x47, 0xc6, 0x04, 0x43, 0x02, 0x25, 0x30, 0x02, // ...L...&G..C.%0.
	0x50, 0x12, 0xc5, 0x50, 0x04, 0x65, 0x50, 0x1e, 0xc4, 0x4b, 0x80, 0x4e, 0x49, 0x94, 0x41, 0x21, // P..P.eP..K.NI.A!
	0x8c, 0x00, 0x14, 0x41, 0x81, 0x10, 0x9e, 0x01, 0x20, 0x3d, 0x03, 0x40, 0x7b, 0x2c, 0x46, 0x21, // ...A.... =.@{,F!
	0x00, 0x00, 0x00, 0x02, 0x81, 0x40, 0x9e, 0x87, 0xc2, 0x08, 0x00, 0x00, 0x00, 0x79, 0x18, 0x00, // .....@.......y..
	0x00, 0x63, 0x00, 0x00, 0x00, 0x1a, 0x03, 0x4c, 0x90, 0x46, 0x02, 0x13, 0xc4, 0x31, 0x20, 0xc3, // .c.....L.F...1 .
	0x1b, 0x43, 0x81, 0x93, 0x4b, 0xb3, 0x0b, 0xa3, 0x2b, 0x4b, 0x01, 0x89, 0x71, 0xc1, 0x71, 0x81, // .C..K...+K..q.q.
	0x71, 0xa1, 0xc1, 0x81, 0xb1, 0x01, 0x41, 0xb9, 0xa9, 0x09, 0x83, 0x91, 0xc9, 0x21, 0xcb, 0xa9, // q.....A......!..
	0x49, 0xd9, 0x10, 0x04, 0x13, 0x04, 0xc0, 0x98, 0x20, 0x00, 0xc7, 0x06, 0x61, 0x20, 0x26, 0x08, // I....... ...a &.
	0x00, 0xb2, 0x41, 0x18, 0x0c, 0x0a, 0x70, 0x73, 0x13, 0x04, 0x20, 0xd9, 0x30, 0x20, 0x09, 0x31, // ..A...ps.. .0 .1
	0x41, 0xc0, 0x28, 0x02, 0x13, 0x04, 0x40, 0xd9, 0x20, 0x10, 0xc6, 0x86, 0x84, 0x58, 0x18, 0x82, // A.(...@. ....X..
	0x18, 0x1a, 0xc2, 0xd9, 0x10, 0x3c, 0x13, 0x04, 0xad, 0xda, 0x80, 0x10, 0x11, 0x43, 0x10, 0x03, // .....<.......C..
	0x01, 0x6c, 0x08, 0xa4, 0x0d, 0x04, 0x04, 0x00, 0xd3, 0x04, 0x61, 0xb3, 0x36, 0x04, 0xd5, 0x04, // .l........a.6...
	0xa1, 0x08, 0x48, 0xb4, 0x85, 0xa5, 0xb9, 0x71, 0x99, 0xb2, 0xfa, 0x82, 0x7a, 0x9b, 0x4b, 0xa3, // ..H....q....z.K.
	0x4b, 0x7b, 0x73, 0x9b, 0x20, 0x1c, 0xce, 0x04, 0xe1, 0x78, 0x36, 0x04, 0xc4, 0x04, 0xe1, 0x80, // K{s. ....x6.....
	0x26, 0x08, 0x47, 0xb4, 0x61, 0x21, 0x32, 0x6d, 0xe3, 0xba, 0xa1, 0x23, 0x3c, 0x80, 0xc5, 0xd0, // &.G.a!2m...#<...
	0x13, 0xd3, 0x93, 0xd4, 0x04, 0xe1, 0x90, 0x26, 0x08, 0xc0, 0x32, 0x41, 0x00, 0x98, 0x0d, 0x82, // .......&..2A....
	0x18, 0x8c, 0xc1, 0x86, 0x65, 0x00, 0x03, 0xcd, 0xe3, 0xc2, 0x60, 0xe8, 0x06, 0x8f, 0x0c, 0x88, // ....e.....`.....
	0x50, 0x15, 0x61, 0x0d, 0x3d, 0x3d, 0x49, 0x11, 0x6d, 0x10, 0xc4, 0x40, 0x0c, 0x36, 0x2c, 0x8d, // P.a.==I.m..@.6,.
	0x19, 0x68, 0x1e, 0x17, 0x06, 0x43, 0x18, 0x34, 0xde, 0x19, 0x6c, 0x18, 0xbe, 0x32, 0x40, 0x03, // .h...C.4..l..2@.
	0x26, 0x53, 0x56, 0x5f, 0x54, 0x61, 0x72, 0x67, 0x65, 0x74, 0x13, 0x84, 0x63, 0xda, 0xb0, 0x10, // &SV_Target..c...
	0x6a, 0xa0, 0xad, 0x01, 0xe7, 0x0d, 0x1d, 0xe1, 0x91, 0xc1, 0x86, 0x80, 0x0d, 0x36, 0x0c, 0x69, // j............6.i
	0xd0, 0x06, 0xc0, 0x04, 0x81, 0x6b, 0x36, 0x08, 0xc4, 0x1b, 0x6c, 0x28, 0x2e, 0xcc, 0x0d, 0x28, // .....k6...l(...(
	0x38, 0xa8, 0xc2, 0xc6, 0x66, 0xd7, 0xe6, 0x92, 0x46, 0x56, 0xe6, 0x46, 0x37, 0x25, 0x08, 0xaa, // 8...f...FV.F7%..
	0x90, 0xe1, 0xb9, 0xd8, 0x95, 0xc9, 0xcd, 0xa5, 0xbd, 0xb9, 0x4d, 0x09, 0x88, 0x26, 0x64, 0x78, // ..........M..&dx
	0x2e, 0x76, 0x61, 0x6c, 0x76, 0x65, 0x72, 0x53, 0x02, 0xa3, 0x0e, 0x19, 0x9e, 0xcb, 0x1c, 0x5a, // .valverS.......Z
	0x18, 0x59, 0x99, 0x5c, 0xd3, 0x1b, 0x59, 0x19, 0xdb, 0x94, 0x20, 0x29, 0x43, 0x86, 0xe7, 0x22, // .Y....Y... )C.."
	0x57, 0x36, 0xf7, 0x56, 0x27, 0x37, 0x56, 0x36, 0x37, 0x25, 0x98, 0xea, 0x90, 0xe1, 0xb9, 0xd8, // W6.V'7V67%......
	0xa5, 0x95, 0xdd, 0x25, 0x91, 0x4d, 0xd1, 0x85, 0xd1, 0x95, 0x4d, 0x09, 0xaa, 0x3a, 0x64, 0x78, // ...%.M....M..:dx
	0x2e, 0x65, 0x6e, 0x74, 0x72, 0x79, 0x50, 0x6f, 0x69, 0x6e, 0x74, 0x73, 0x53, 0x02, 0x38, 0x00, // .entryPointsS.8.
	0x00, 0x79, 0x18, 0x00, 0x00, 0x4c, 0x00, 0x00, 0x00, 0x33, 0x08, 0x80, 0x1c, 0xc4, 0xe1, 0x1c, // .y...L...3......
	0x66, 0x14, 0x01, 0x3d, 0x88, 0x43, 0x38, 0x84, 0xc3, 0x8c, 0x42, 0x80, 0x07, 0x79, 0x78, 0x07, // f..=.C8...B..yx.
	0x73, 0x98, 0x71, 0x0c, 0xe6, 0x00, 0x0f, 0xed, 0x10, 0x0e, 0xf4, 0x80, 0x0e, 0x33, 0x0c, 0x42, // s.q..........3.B
	0x1e, 0xc2, 0xc1, 0x1d, 0xce, 0xa1, 0x1c, 0x66, 0x30, 0x05, 0x3d, 0x88, 0x43, 0x38, 0x84, 0x83, // .......f0.=.C8..
	0x1b, 0xcc, 0x03, 0x3d, 0xc8, 0x43, 0x3d, 0x8c, 0x03, 0x3d, 0xcc, 0x78, 0x8c, 0x74, 0x70, 0x07, // ...=.C=..=.x.tp.
	0x7b, 0x08, 0x07, 0x79, 0x48, 0x87, 0x70, 0x70, 0x07, 0x7a, 0x70, 0x03, 0x76, 0x78, 0x87, 0x70, // {..yH.pp.zp.vx.p
	0x20, 0x87, 0x19, 0xcc, 0x11, 0x0e, 0xec, 0x90, 0x0e, 0xe1, 0x30, 0x0f, 0x6e, 0x30, 0x0f, 0xe3, //  .........0.n0..
	0xf0, 0x0e, 0xf0, 0x50, 0x0e, 0x33, 0x10, 0xc4, 0x1d, 0xde, 0x21, 0x1c, 0xd8, 0x21, 0x1d, 0xc2, // ...P.3....!..!..
	0x61, 0x1e, 0x66, 0x30, 0x89, 0x3b, 0xbc, 0x83, 0x3b, 0xd0, 0x43, 0x39, 0xb4, 0x03, 0x3c, 0xbc, // a.f0.;..;.C9..<.
	0x83, 0x3c, 0x84, 0x03, 0x3b, 0xcc, 0xf0, 0x14, 0x76, 0x60, 0x07, 0x7b, 0x68, 0x07, 0x37, 0x68, // .<..;...v`.{h.7h
	0x87, 0x72, 0x68, 0x07, 0x37, 0x80, 0x87, 0x70, 0x90, 0x87, 0x70, 0x60, 0x07, 0x76, 0x28, 0x07, // .rh.7..p..p`.v(.
	0x76, 0xf8, 0x05, 0x76, 0x78, 0x87, 0x77, 0x80, 0x87, 0x5f, 0x08, 0x87, 0x71, 0x18, 0x87, 0x72, // v..vx.w.._..q..r
	0x98, 0x87, 0x79, 0x98, 0x81, 0x2c, 0xee, 0xf0, 0x0e, 0xee, 0xe0, 0x0e, 0xf5, 0xc0, 0x0e, 0xec, // ..y..,..........
	0x30, 0x03, 0x62, 0xc8, 0xa1, 0x1c, 0xe4, 0xa1, 0x1c, 0xcc, 0xa1, 0x1c, 0xe4, 0xa1, 0x1c, 0xdc, // 0.b.............
	0x61, 0x1c, 0xca, 0x21, 0x1c, 0xc4, 0x81, 0x1d, 0xca, 0x61, 0x06, 0xd6, 0x90, 0x43, 0x39, 0xc8, // a..!.....a...C9.
	0x43, 0x39, 0x98, 0x43, 0x39, 0xc8, 0x43, 0x39, 0xb8, 0xc3, 0x38, 0x94, 0x43, 0x38, 0x88, 0x03, // C9.C9.C9..8.C8..
	0x3b, 0x94, 0xc3, 0x2f, 0xbc, 0x83, 0x3c, 0xfc, 0x82, 0x3b, 0xd4, 0x03, 0x3b, 0xb0, 0xc3, 0x0c, // ;../..<..;..;...
	0xc4, 0x21, 0x07, 0x7c, 0x70, 0x03, 0x7a, 0x28, 0x87, 0x76, 0x80, 0x87, 0x19, 0xd1, 0x43, 0x0e, // .!.|p.z(.v....C.
	0xf8, 0xe0, 0x06, 0xe4, 0x20, 0x0e, 0xe7, 0xe0, 0x06, 0xf6, 0x10, 0x0e, 0xf2, 0xc0, 0x0e, 0xe1, // .... ...........
	0x90, 0x0f, 0xef, 0x50, 0x0f, 0xf4, 0x00, 0x00, 0x00, 0x71, 0x20, 0x00, 0x00, 0x15, 0x00, 0x00, // ...P.....q .....
	0x00, 0x06, 0xc0, 0x0c, 0x97, 0xdf, 0x38, 0xd3, 0x81, 0x34, 0x86, 0x0f, 0x58, 0x81, 0x34, 0x5c, // ......8..4..X.4.
	0xbe, 0xf3, 0xf8, 0x42, 0x44, 0x00, 0x13, 0x11, 0x02, 0xcd, 0xb0, 0x10, 0x26, 0x30, 0x0d, 0x97, // ...BD.......&0..
	0xef, 0x3c, 0xfe, 0xe2, 0x00, 0x83, 0xd8, 0x3c, 0xd4, 0xe4, 0x17, 0xb7, 0x6d, 0x04, 0xd0, 0x70, // .<.....<....m..p
	0xf9, 0xce, 0xe3, 0x4b, 0x00, 0xf3, 0x2c, 0x84, 0x5f, 0xdc, 0xb6, 0x0d, 0x54, 0xc3, 0xe5, 0x3b, // ...K..,._...T..;
	0x8f, 0x2f, 0x4d, 0x4e, 0x44, 0xa0, 0xd4, 0xf4, 0x50, 0x93, 0x5f, 0xdc, 0xb6, 0x05, 0x10, 0x0c, // ./MND...P._.....
	0x80, 0x34, 0x00, 0x00, 0x00, 0x61, 0x20, 0x00, 0x00, 0x47, 0x00, 0x00, 0x00, 0x13, 0x04, 0x41, // .4...a ..G.....A
	0x2c, 0x10, 0x00, 0x00, 0x00, 0x07, 0x00, 0x00, 0x00, 0x04, 0x66, 0x00, 0x0a, 0xa1, 0x14, 0x4a, // ,.........f....J
	0xae, 0xf0, 0x28, 0x8e, 0x00, 0xd0, 0x29, 0x01, 0x32, 0x33, 0x00, 0xd4, 0x87, 0x3a, 0x02, 0x01, // ..(...).23...:..
	0x00, 0x0e, 0xe0, 0x00, 0x00, 0x23, 0x06, 0x09, 0x00, 0x82, 0x60, 0x20, 0x71, 0x06, 0xa4, 0x69, // .....#....` q..i
	0xc4, 0x88, 0x41, 0x02, 0x80, 0x20, 0x18, 0x48, 0xdd, 0x31, 0x6d, 0x5b, 0x31, 0x62, 0x90, 0x00, // ..A.. .H.1m[1b..
	0x20, 0x08, 0x06, 0x48, 0x18, 0x28, 0x19, 0x27, 0x2d, 0x23, 0x06, 0x09, 0x00, 0x82, 0x60, 0x80, //  ..H.(.'-#....`.
	0x88, 0xc1, 0xa2, 0x75, 0x06, 0x33, 0x62, 0x90, 0x00, 0x20, 0x08, 0x06, 0xc8, 0x18, 0x30, 0x9f, // ...u.3b.. ....0.
	0x47, 0x35, 0x23, 0x06, 0x09, 0x00, 0x82, 0x60, 0x80, 0x90, 0x41, 0x03, 0x06, 0x1f, 0xe2, 0x8c, // G5#....`..A.....
	0x18, 0x24, 0x00, 0x08, 0x82, 0x01, 0x52, 0x06, 0x4e, 0x18, 0x80, 0x41, 0xf5, 0x8c, 0x18, 0x24, // .$....R.N..A...$
	0x00, 0x08, 0x82, 0x01, 0x62, 0x06, 0x8f, 0x18, 0x84, 0x41, 0x06, 0x51, 0x02, 0x00, 0x29, 0x00, // ....b....A.Q..).
	0xd0, 0x02, 0x00, 0x31, 0x00, 0x50, 0x03, 0x00, 0x39, 0x00, 0xd0, 0x03, 0x00, 0x41, 0x00, 0x50, // ...1.P..9....A.P
	0x04, 0xc0, 0x88, 0xc1, 0x03, 0x80, 0x20, 0x18, 0x3c, 0x6e, 0x60, 0x45, 0xd0, 0xe3, 0x4c, 0xd3, // ...... .<n`E..L.
	0x1a, 0xac, 0x81, 0x36, 0x8d, 0x26, 0x04, 0xc0, 0x68, 0x82, 0x10, 0x8c, 0x26, 0x0c, 0xc2, 0x68, // ...6.&..h...&..h
	0x02, 0x31, 0xd0, 0x05, 0x80, 0x15, 0x93, 0x7c, 0xac, 0x98, 0xe4, 0x63, 0xc5, 0x24, 0x1f, 0x2b, // .1.....|...c.$.+
	0x26, 0xf9, 0x10, 0x07, 0xc0, 0x88, 0x41, 0x02, 0x80, 0x20, 0x18, 0x28, 0x7a, 0x30, 0x06, 0x76, // &.....A.. .(z0.v
	0x60, 0x07, 0x6c, 0x50, 0x8c, 0x18, 0x24, 0x00, 0x08, 0x82, 0x81, 0xa2, 0x07, 0x63, 0x60, 0x07, // `.lP..$......c`.
	0x76, 0xf0, 0x11, 0x23, 0x06, 0x09, 0x00, 0x82, 0x60, 0xa0, 0xe8, 0xc1, 0x18, 0xd8, 0x81, 0x1d, // v..#....`.......
	0xac, 0xc1, 0x30, 0x62, 0x90, 0x00, 0x20, 0x08, 0x06, 0x8a, 0x1e, 0x8c, 0x81, 0x1d, 0xd8, 0x81, // ..0b.. .........
	0x1b, 0x08, 0xd4, 0x01, 0x80, 0x00, 0x00, 0x00, 0x00, 0x00, 0x00, 0x00, 0x00, 0x00, 0x00, 0x00, // ................
	0x00,                                                                                           // .
};

static const uint8_t quad_image_fs_spv[885] =
{
	0x46, 0x53, 0x48, 0x0b, 0x01, 0x83, 0xf2, 0xe1, 0x00, 0x00, 0x00, 0x00, 0x01, 0x00, 0x10, 0x73, // FSH............s
	0x5f, 0x64, 0x69, 0x66, 0x66, 0x75, 0x73, 0x65, 0x54, 0x65, 0x78, 0x74, 0x75, 0x72, 0x65, 0x30, // _diffuseTexture0
	0x00, 0x02, 0x00, 0x00, 0x00, 0x00, 0x02, 0x26, 0x00, 0x44, 0x03, 0x00, 0x00, 0x03, 0x02, 0x23, // .......&.D.....#
	0x07, 0x00, 0x06, 0x01, 0x00, 0x0b, 0x00, 0x08, 0x00, 0x8e, 0x00, 0x00, 0x00, 0x00, 0x00, 0x00, // ................
	0x00, 0x11, 0x00, 0x02, 0x00, 0x01, 0x00, 0x00, 0x00, 0x0b, 0x00, 0x06, 0x00, 0x01, 0x00, 0x00, // ................
	0x00, 0x47, 0x4c, 0x53, 0x4c, 0x2e, 0x73, 0x74, 0x64, 0x2e, 0x34, 0x35, 0x30, 0x00, 0x00, 0x00, // .GLSL.std.450...
	0x00, 0x0e, 0x00, 0x03, 0x00, 0x00, 0x00, 0x00, 0x00, 0x01, 0x00, 0x00, 0x00, 0x0f, 0x00, 0x0a, // ................
	0x00, 0x04, 0x00, 0x00, 0x00, 0x04, 0x00, 0x00, 0x00, 0x6d, 0x61, 0x69, 0x6e, 0x00, 0x00, 0x00, // .........main...
	0x00, 0x23, 0x00, 0x00, 0x00, 0x26, 0x00, 0x00, 0x00, 0x4c, 0x00, 0x00, 0x00, 0x50, 0x00, 0x00, // .#...&...L...P..
	0x00, 0x5d, 0x00, 0x00, 0x00, 0x10, 0x00, 0x03, 0x00, 0x04, 0x00, 0x00, 0x00, 0x07, 0x00, 0x00, // .]..............
	0x00, 0x03, 0x00, 0x03, 0x00, 0x05, 0x00, 0x00, 0x00, 0xf4, 0x01, 0x00, 0x00, 0x05, 0x00, 0x04, // ................
	0x00, 0x04, 0x00, 0x00, 0x00, 0x6d, 0x61, 0x69, 0x6e, 0x00, 0x00, 0x00, 0x00, 0x05, 0x00, 0x08, // .....main.......
	0x00, 0x23, 0x00, 0x00, 0x00, 0x73, 0x5f, 0x64, 0x69, 0x66, 0x66, 0x75, 0x73, 0x65, 0x54, 0x65, // .#...s_diffuseTe
	0x78, 0x74, 0x75, 0x72, 0x65, 0x53, 0x61, 0x6d, 0x70, 0x6c, 0x65, 0x72, 0x00, 0x05, 0x00, 0x08, // xtureSampler....
	0x00, 0x26, 0x00, 0x00, 0x00, 0x73, 0x5f, 0x64, 0x69, 0x66, 0x66, 0x75, 0x73, 0x65, 0x54, 0x65, // .&...s_diffuseTe
	0x78, 0x74, 0x75, 0x72, 0x65, 0x54, 0x65, 0x78, 0x74, 0x75, 0x72, 0x65, 0x00, 0x05, 0x00, 0x05, // xtureTexture....
	0x00, 0x4c, 0x00, 0x00, 0x00, 0x76, 0x5f, 0x63, 0x6f, 0x6c, 0x6f, 0x72, 0x30, 0x00, 0x00, 0x00, // .L...v_color0...
	0x00, 0x05, 0x00, 0x05, 0x00, 0x50, 0x00, 0x00, 0x00, 0x76, 0x5f, 0x74, 0x65, 0x78, 0x63, 0x6f, // .....P...v_texco
	0x6f, 0x72, 0x64, 0x30, 0x00, 0x05, 0x00, 0x06, 0x00, 0x5d, 0x00, 0x00, 0x00, 0x62, 0x67, 0x66, // ord0.....]...bgf
	0x78, 0x5f, 0x46, 0x72, 0x61, 0x67, 0x44, 0x61, 0x74, 0x61, 0x30, 0x00, 0x00, 0x47, 0x00, 0x04, // x_FragData0..G..
	0x00, 0x23, 0x00, 0x00, 0x00, 0x21, 0x00, 0x00, 0x00, 0x12, 0x00, 0x00, 0x00, 0x47, 0x00, 0x04, // .#...!.......G..
	0x00, 0x23, 0x00, 0x00, 0x00, 0x22, 0x00, 0x00, 0x00, 0x00, 0x00, 0x00, 0x00, 0x47, 0x00, 0x04, // .#...".......G..
	0x00, 0x26, 0x00, 0x00, 0x00, 0x21, 0x00, 0x00, 0x00, 0x02, 0x00, 0x00, 0x00, 0x47, 0x00, 0x04, // .&...!.......G..
	0x00, 0x26, 0x00, 0x00, 0x00, 0x22, 0x00, 0x00, 0x00, 0x00, 0x00, 0x00, 0x00, 0x47, 0x00, 0x04, // .&...".......G..
	0x00, 0x4c, 0x00, 0x00, 0x00, 0x1e, 0x00, 0x00, 0x00, 0x00, 0x00, 0x00, 0x00, 0x47, 0x00, 0x04, // .L...........G..
	0x00, 0x50, 0x00, 0x00, 0x00, 0x1e, 0x00, 0x00, 0x00, 0x01, 0x00, 0x00, 0x00, 0x47, 0x00, 0x04, // .P...........G..
	0x00, 0x5d, 0x00, 0x00, 0x00, 0x1e, 0x00, 0x00, 0x00, 0x00, 0x00, 0x00, 0x00, 0x13, 0x00, 0x02, // .]..............
	0x00, 0x02, 0x00, 0x00, 0x00, 0x21, 0x00, 0x03, 0x00, 0x03, 0x00, 0x00, 0x00, 0x02, 0x00, 0x00, // .....!..........
	0x00, 0x1a, 0x00, 0x02, 0x00, 0x06, 0x00, 0x00, 0x00, 0x16, 0x00, 0x03, 0x00, 0x07, 0x00, 0x00, // ................
	0x00, 0x20, 0x00, 0x00, 0x00, 0x19, 0x00, 0x09, 0x00, 0x08, 0x00, 0x00, 0x00, 0x07, 0x00, 0x00, // . ..............
	0x00, 0x01, 0x00, 0x00, 0x00, 0x00, 0x00, 0x00, 0x00, 0x00, 0x00, 0x00, 0x00, 0x00, 0x00, 0x00, // ................
	0x00, 0x01, 0x00, 0x00, 0x00, 0x00, 0x00, 0x00, 0x00, 0x17, 0x00, 0x04, 0x00, 0x0b, 0x00, 0x00, // ................
	0x00, 0x07, 0x00, 0x00, 0x00, 0x02, 0x00, 0x00, 0x00, 0x17, 0x00, 0x04, 0x00, 0x0d, 0x00, 0x00, // ................
	0x00, 0x07, 0x00, 0x00, 0x00, 0x04, 0x00, 0x00, 0x00, 0x20, 0x00, 0x04, 0x00, 0x22, 0x00, 0x00, // ......... ..."..
	0x00, 0x00, 0x00, 0x00, 0x00, 0x06, 0x00, 0x00, 0x00, 0x3b, 0x00, 0x04, 0x00, 0x22, 0x00, 0x00, // .........;..."..
	0x00, 0x23, 0x00, 0x00, 0x00, 0x00, 0x00, 0x00, 0x00, 0x20, 0x00, 0x04, 0x00, 0x25, 0x00, 0x00, // .#....... ...%..
	0x00, 0x00, 0x00, 0x00, 0x00, 0x08, 0x00, 0x00, 0x00, 0x3b, 0x00, 0x04, 0x00, 0x25, 0x00, 0x00, // .........;...%..
	0x00, 0x26, 0x00, 0x00, 0x00, 0x00, 0x00, 0x00, 0x00, 0x1b, 0x00, 0x03, 0x00, 0x32, 0x00, 0x00, // .&...........2..
	0x00, 0x08, 0x00, 0x00, 0x00, 0x20, 0x00, 0x04, 0x00, 0x48, 0x00, 0x00, 0x00, 0x01, 0x00, 0x00, // ..... ...H......
	0x00, 0x0d, 0x00, 0x00, 0x00, 0x3b, 0x00, 0x04, 0x00, 0x48, 0x00, 0x00, 0x00, 0x4c, 0x00, 0x00, // .....;...H...L..
	0x00, 0x01, 0x00, 0x00, 0x00, 0x20, 0x00, 0x04, 0x00, 0x4f, 0x00, 0x00, 0x00, 0x01, 0x00, 0x00, // ..... ...O......
	0x00, 0x0b, 0x00, 0x00, 0x00, 0x3b, 0x00, 0x04, 0x00, 0x4f, 0x00, 0x00, 0x00, 0x50, 0x00, 0x00, // .....;...O...P..
	0x00, 0x01, 0x00, 0x00, 0x00, 0x20, 0x00, 0x04, 0x00, 0x5c, 0x00, 0x00, 0x00, 0x03, 0x00, 0x00, // ..... ..........
	0x00, 0x0d, 0x00, 0x00, 0x00, 0x3b, 0x00, 0x04, 0x00, 0x5c, 0x00, 0x00, 0x00, 0x5d, 0x00, 0x00, // .....;.......]..
	0x00, 0x03, 0x00, 0x00, 0x00, 0x36, 0x00, 0x05, 0x00, 0x02, 0x00, 0x00, 0x00, 0x04, 0x00, 0x00, // .....6..........
	0x00, 0x00, 0x00, 0x00, 0x00, 0x03, 0x00, 0x00, 0x00, 0xf8, 0x00, 0x02, 0x00, 0x05, 0x00, 0x00, // ................
	0x00, 0x3d, 0x00, 0x04, 0x00, 0x06, 0x00, 0x00, 0x00, 0x24, 0x00, 0x00, 0x00, 0x23, 0x00, 0x00, // .=.......$...#..
	0x00, 0x3d, 0x00, 0x04, 0x00, 0x08, 0x00, 0x00, 0x00, 0x27, 0x00, 0x00, 0x00, 0x26, 0x00, 0x00, // .=.......'...&..
	0x00, 0x3d, 0x00, 0x04, 0x00, 0x0d, 0x00, 0x00, 0x00, 0x4d, 0x00, 0x00, 0x00, 0x4c, 0x00, 0x00, // .=.......M...L..
	0x00, 0x3d, 0x00, 0x04, 0x00, 0x0b, 0x00, 0x00, 0x00, 0x51, 0x00, 0x00, 0x00, 0x50, 0x00, 0x00, // .=.......Q...P..
	0x00, 0x56, 0x00, 0x05, 0x00, 0x32, 0x00, 0x00, 0x00, 0x8b, 0x00, 0x00, 0x00, 0x27, 0x00, 0x00, // .V...2.......'..
	0x00, 0x24, 0x00, 0x00, 0x00, 0x57, 0x00, 0x05, 0x00, 0x0d, 0x00, 0x00, 0x00, 0x8d, 0x00, 0x00, // .$...W..........
	0x00, 0x8b, 0x00, 0x00, 0x00, 0x51, 0x00, 0x00, 0x00, 0x85, 0x00, 0x05, 0x00, 0x0d, 0x00, 0x00, // .....Q..........
	0x00, 0x80, 0x00, 0x00, 0x00, 0x8d, 0x00, 0x00, 0x00, 0x4d, 0x00, 0x00, 0x00, 0x3e, 0x00, 0x03, // .........M...>..
	0x00, 0x5d, 0x00, 0x00, 0x00, 0x80, 0x00, 0x00, 0x00, 0xfd, 0x00, 0x01, 0x00, 0x38, 0x00, 0x01, // .]...........8..
	0x00, 0x00, 0x00, 0x00, 0x00,                                                                   // .....
};

static const uint8_t quad_image_fs_glsl[4899] =
{
	0x46, 0x53, 0x48, 0x0b, 0x01, 0x83, 0xf2, 0xe1, 0x00, 0x00, 0x00, 0x00, 0x00, 0x00, 0x10, 0x13, // FSH.............
	0x00, 0x00, 0x23, 0x76, 0x65, 0x72, 0x73, 0x69, 0x6f, 0x6e, 0x20, 0x34, 0x34, 0x30, 0x0a, 0x6f, // ..#version 440.o
	0x75, 0x74, 0x20, 0x76, 0x65, 0x63, 0x34, 0x20, 0x62, 0x67, 0x66, 0x78, 0x5f, 0x46, 0x72, 0x61, // ut vec4 bgfx_Fra
	0x67, 0x43, 0x6f, 0x6c, 0x6f, 0x72, 0x3b, 0x0a, 0x23, 0x64, 0x65, 0x66, 0x69, 0x6e, 0x65, 0x20, // gColor;.#define 
	0x67, 0x6c, 0x5f, 0x46, 0x72, 0x61, 0x67, 0x43, 0x6f, 0x6c, 0x6f, 0x72, 0x20, 0x62, 0x67, 0x66, // gl_FragColor bgf
	0x78, 0x5f, 0x46, 0x72, 0x61, 0x67, 0x43, 0x6f, 0x6c, 0x6f, 0x72, 0x0a, 0x23, 0x64, 0x65, 0x66, // x_FragColor.#def
	0x69, 0x6e, 0x65, 0x20, 0x74, 0x65, 0x78, 0x74, 0x75, 0x72, 0x65, 0x32, 0x44, 0x20, 0x20, 0x20, // ine texture2D   
	0x20, 0x20, 0x20, 0x20, 0x20, 0x20, 0x20, 0x74, 0x65, 0x78, 0x74, 0x75, 0x72, 0x65, 0x0a, 0x23, //        texture.#
	0x64, 0x65, 0x66, 0x69, 0x6e, 0x65, 0x20, 0x74, 0x65, 0x78, 0x74, 0x75, 0x72, 0x65, 0x32, 0x44, // define texture2D
	0x4c, 0x6f, 0x64, 0x20, 0x20, 0x20, 0x20, 0x20, 0x20, 0x20, 0x74, 0x65, 0x78, 0x74, 0x75, 0x72, // Lod       textur
	0x65, 0x4c, 0x6f, 0x64, 0x0a, 0x23, 0x64, 0x65, 0x66, 0x69, 0x6e, 0x65, 0x20, 0x74, 0x65, 0x78, // eLod.#define tex
	0x74, 0x75, 0x72, 0x65, 0x32, 0x44, 0x47, 0x72, 0x61, 0x64, 0x20, 0x20, 0x20, 0x20, 0x20, 0x20, // ture2DGrad      
	0x74, 0x65, 0x78, 0x74, 0x75, 0x72, 0x65, 0x47, 0x72, 0x61, 0x64, 0x0a, 0x23, 0x64, 0x65, 0x66, // textureGrad.#def
	0x69, 0x6e, 0x65, 0x20, 0x74, 0x65, 0x78, 0x74, 0x75, 0x72, 0x65, 0x32, 0x44, 0x50, 0x72, 0x6f, // ine texture2DPro
	0x6a, 0x4c, 0x6f, 0x64, 0x20, 0x20, 0x20, 0x74, 0x65, 0x78, 0x74, 0x75, 0x72, 0x65, 0x50, 0x72, // jLod   texturePr
	0x6f, 0x6a, 0x4c, 0x6f, 0x64, 0x0a, 0x23, 0x64, 0x65, 0x66, 0x69, 0x6e, 0x65, 0x20, 0x74, 0x65, // ojLod.#define te
	0x78, 0x74, 0x75, 0x72, 0x65, 0x32, 0x44, 0x50, 0x72, 0x6f, 0x6a, 0x47, 0x72, 0x61, 0x64, 0x20, // xture2DProjGrad 
	0x20, 0x74, 0x65, 0x78, 0x74, 0x75, 0x72, 0x65, 0x50, 0x72, 0x6f, 0x6a, 0x47, 0x72, 0x61, 0x64, //  textureProjGrad
	0x0a, 0x23, 0x64, 0x65, 0x66, 0x69, 0x6e, 0x65, 0x20, 0x74, 0x65, 0x78, 0x74, 0x75, 0x72, 0x65, // .#define texture
	0x43, 0x75, 0x62, 0x65, 0x4c, 0x6f, 0x64, 0x20, 0x20, 0x20, 0x20, 0x20, 0x74, 0x65, 0x78, 0x74, // CubeLod     text
	0x75, 0x72, 0x65, 0x4c, 0x6f, 0x64, 0x0a, 0x23, 0x64, 0x65, 0x66, 0x69, 0x6e, 0x65, 0x20, 0x74, // ureLod.#define t
	0x65, 0x78, 0x74, 0x75, 0x72, 0x65, 0x43, 0x75, 0x62, 0x65, 0x47, 0x72, 0x61, 0x64, 0x20, 0x20, // extureCubeGrad  
	0x20, 0x20, 0x74, 0x65, 0x78, 0x74, 0x75, 0x72, 0x65, 0x47, 0x72, 0x61, 0x64, 0x0a, 0x23, 0x64, //   textureGrad.#d
	0x65, 0x66, 0x69, 0x6e, 0x65, 0x20, 0x74, 0x65, 0x78, 0x74, 0x75, 0x72, 0x65, 0x33, 0x44, 0x20, // efine texture3D 
	0x20, 0x20, 0x20, 0x20, 0x20, 0x20, 0x20, 0x20, 0x20, 0x74, 0x65, 0x78, 0x74, 0x75, 0x72, 0x65, //          texture
	0x0a, 0x23, 0x64, 0x65, 0x66, 0x69, 0x6e, 0x65, 0x20, 0x74, 0x65, 0x78, 0x74, 0x75, 0x72, 0x65, // .#define texture
	0x32, 0x44, 0x4c, 0x6f, 0x64, 0x4f, 0x66, 0x66, 0x73, 0x65, 0x74, 0x20, 0x74, 0x65, 0x78, 0x74, // 2DLodOffset text
	0x75, 0x72, 0x65, 0x4c, 0x6f, 0x64, 0x4f, 0x66, 0x66, 0x73, 0x65, 0x74, 0x0a, 0x23, 0x64, 0x65, // ureLodOffset.#de
	0x66, 0x69, 0x6e, 0x65, 0x20, 0x61, 0x74, 0x74, 0x72, 0x69, 0x62, 0x75, 0x74, 0x65, 0x20, 0x69, // fine attribute i
	0x6e, 0x0a, 0x23, 0x64, 0x65, 0x66, 0x69, 0x6e, 0x65, 0x20, 0x76, 0x61, 0x72, 0x79, 0x69, 0x6e, // n.#define varyin
	0x67, 0x20, 0x69, 0x6e, 0x0a, 0x23, 0x64, 0x65, 0x66, 0x69, 0x6e, 0x65, 0x20, 0x62, 0x67, 0x66, // g in.#define bgf
	0x78, 0x53, 0x68, 0x61, 0x64, 0x6f, 0x77, 0x32, 0x44, 0x28, 0x5f, 0x73, 0x61, 0x6d, 0x70, 0x6c, // xShadow2D(_sampl
	0x65, 0x72, 0x2c, 0x20, 0x5f, 0x63, 0x6f, 0x6f, 0x72, 0x64, 0x29, 0x20, 0x20, 0x20, 0x20, 0x20, // er, _coord)     
	0x76, 0x65, 0x63, 0x34, 0x5f, 0x73, 0x70, 0x6c, 0x61, 0x74, 0x28, 0x74, 0x65, 0x78, 0x74, 0x75, // vec4_splat(textu
	0x72, 0x65, 0x28, 0x5f, 0x73, 0x61, 0x6d, 0x70, 0x6c, 0x65, 0x72, 0x2c, 0x20, 0x5f, 0x63, 0x6f, // re(_sampler, _co
	0x6f, 0x72, 0x64, 0x29, 0x20, 0x29, 0x0a, 0x23, 0x64, 0x65, 0x66, 0x69, 0x6e, 0x65, 0x20, 0x62, // ord) ).#define b
	0x67, 0x66, 0x78, 0x53, 0x68, 0x61, 0x64, 0x6f, 0x77, 0x32, 0x44, 0x50, 0x72, 0x6f, 0x6a, 0x28, // gfxShadow2DProj(
	0x5f, 0x73, 0x61, 0x6d, 0x70, 0x6c, 0x65, 0x72, 0x2c, 0x20, 0x5f, 0x63, 0x6f, 0x6f, 0x72, 0x64, // _sampler, _coord
	0x29, 0x20, 0x76, 0x65, 0x63, 0x34, 0x5f, 0x73, 0x70, 0x6c, 0x61, 0x74, 0x28, 0x74, 0x65, 0x78, // ) vec4_splat(tex
	0x74, 0x75, 0x72, 0x65, 0x50, 0x72, 0x6f, 0x6a, 0x28, 0x5f, 0x73, 0x61, 0x6d, 0x70, 0x6c, 0x65, // tureProj(_sample
	0x72, 0x2c, 0x20, 0x5f, 0x63, 0x6f, 0x6f, 0x72, 0x64, 0x29, 0x20, 0x29, 0x0a, 0x76, 0x61, 0x72, // r, _coord) ).var
	0x79, 0x69, 0x6e, 0x67, 0x20, 0x76, 0x65, 0x63, 0x34, 0x20, 0x76, 0x5f, 0x63, 0x6f, 0x6c, 0x6f, // ying vec4 v_colo
	0x72, 0x30, 0x3b, 0x0a, 0x76, 0x61, 0x72, 0x79, 0x69, 0x6e, 0x67, 0x20, 0x76, 0x65, 0x63, 0x32, // r0;.varying vec2
	0x20, 0x76, 0x5f, 0x74, 0x65, 0x78, 0x63, 0x6f, 0x6f, 0x72, 0x64, 0x30, 0x3b, 0x0a, 0x66, 0x6c, //  v_texcoord0;.fl
	0x6f, 0x61, 0x74, 0x20, 0x72, 0x63, 0x70, 0x28, 0x66, 0x6c, 0x6f, 0x61, 0x74, 0x20, 0x5f, 0x61, // oat rcp(float _a
	0x29, 0x20, 0x7b, 0x20, 0x72, 0x65, 0x74, 0x75, 0x72, 0x6e, 0x20, 0x31, 0x2e, 0x30, 0x2f, 0x5f, // ) { return 1.0/_
	0x61, 0x3b, 0x20, 0x7d, 0x0a, 0x76, 0x65, 0x63, 0x32, 0x20, 0x72, 0x63, 0x70, 0x28, 0x76, 0x65, // a; }.vec2 rcp(ve
	0x63, 0x32, 0x20, 0x5f, 0x61, 0x29, 0x20, 0x7b, 0x20, 0x72, 0x65, 0x74, 0x75, 0x72, 0x6e, 0x20, // c2 _a) { return 
	0x76, 0x65, 0x63, 0x32, 0x28, 0x31, 0x2e, 0x30, 0x29, 0x2f, 0x5f, 0x61, 0x3b, 0x20, 0x7d, 0x0a, // vec2(1.0)/_a; }.
	0x76, 0x65, 0x63, 0x33, 0x20, 0x72, 0x63, 0x70, 0x28, 0x76, 0x65, 0x63, 0x33, 0x20, 0x5f, 0x61, // vec3 rcp(vec3 _a
	0x29, 0x20, 0x7b, 0x20, 0x72, 0x65, 0x74, 0x75, 0x72, 0x6e, 0x20, 0x76, 0x65, 0x63, 0x33, 0x28, // ) { return vec3(
	0x31, 0x2e, 0x30, 0x29, 0x2f, 0x5f, 0x61, 0x3b, 0x20, 0x7d, 0x0a, 0x76, 0x65, 0x63, 0x34, 0x20, // 1.0)/_a; }.vec4 
	0x72, 0x63, 0x70, 0x28, 0x76, 0x65, 0x63, 0x34, 0x20, 0x5f, 0x61, 0x29, 0x20, 0x7b, 0x20, 0x72, // rcp(vec4 _a) { r
	0x65, 0x74, 0x75, 0x72, 0x6e, 0x20, 0x76, 0x65, 0x63, 0x34, 0x28, 0x31, 0x2e, 0x30, 0x29, 0x2f, // eturn vec4(1.0)/
	0x5f, 0x61, 0x3b, 0x20, 0x7d, 0x0a, 0x76, 0x65, 0x63, 0x32, 0x20, 0x76, 0x65, 0x63, 0x32, 0x5f, // _a; }.vec2 vec2_
	0x73, 0x70, 0x6c, 0x61, 0x74, 0x28, 0x66, 0x6c, 0x6f, 0x61, 0x74, 0x20, 0x5f, 0x78, 0x29, 0x20, // splat(float _x) 
	0x7b, 0x20, 0x72, 0x65, 0x74, 0x75, 0x72, 0x6e, 0x20, 0x76, 0x65, 0x63, 0x32, 0x28, 0x5f, 0x78, // { return vec2(_x
	0x2c, 0x20, 0x5f, 0x78, 0x29, 0x3b, 0x20, 0x7d, 0x0a, 0x76, 0x65, 0x63, 0x33, 0x20, 0x76, 0x65, // , _x); }.vec3 ve
	0x63, 0x33, 0x5f, 0x73, 0x70, 0x6c, 0x61, 0x74, 0x28, 0x66, 0x6c, 0x6f, 0x61, 0x74, 0x20, 0x5f, // c3_splat(float _
	0x78, 0x29, 0x20, 0x7b, 0x20, 0x72, 0x65, 0x74, 0x75, 0x72, 0x6e, 0x20, 0x76, 0x65, 0x63, 0x33, // x) { return vec3
	0x28, 0x5f, 0x78, 0x2c, 0x20, 0x5f, 0x78, 0x2c, 0x20, 0x5f, 0x78, 0x29, 0x3b, 0x20, 0x7d, 0x0a, // (_x, _x, _x); }.
	0x76, 0x65, 0x63, 0x34, 0x20, 0x76, 0x65, 0x63, 0x34, 0x5f, 0x73, 0x70, 0x6c, 0x61, 0x74, 0x28, // vec4 vec4_splat(
	0x66, 0x6c, 0x6f, 0x61, 0x74, 0x20, 0x5f, 0x78, 0x29, 0x20, 0x7b, 0x20, 0x72, 0x65, 0x74, 0x75, // float _x) { retu
	0x72, 0x6e, 0x20, 0x76, 0x65, 0x63, 0x34, 0x28, 0x5f, 0x78, 0x2c, 0x20, 0x5f, 0x78, 0x2c, 0x20, // rn vec4(_x, _x, 
	0x5f, 0x78, 0x2c, 0x20, 0x5f, 0x78, 0x29, 0x3b, 0x20, 0x7d, 0x0a, 0x75, 0x76, 0x65, 0x63, 0x32, // _x, _x); }.uvec2
	0x20, 0x75, 0x76, 0x65, 0x63, 0x32, 0x5f, 0x73, 0x70, 0x6c, 0x61, 0x74, 0x28, 0x75, 0x69, 0x6e, //  uvec2_splat(uin
	0x74, 0x20, 0x5f, 0x78, 0x29, 0x20, 0x7b, 0x20, 0x72, 0x65, 0x74, 0x75, 0x72, 0x6e, 0x20, 0x75, // t _x) { return u
	0x76, 0x65, 0x63, 0x32, 0x28, 0x5f, 0x78, 0x2c, 0x20, 0x5f, 0x78, 0x29, 0x3b, 0x20, 0x7d, 0x0a, // vec2(_x, _x); }.
	0x75, 0x76, 0x65, 0x63, 0x33, 0x20, 0x75, 0x76, 0x65, 0x63, 0x33, 0x5f, 0x73, 0x70, 0x6c, 0x61, // uvec3 uvec3_spla
	0x74, 0x28, 0x75, 0x69, 0x6e, 0x74, 0x20, 0x5f, 0x78, 0x29, 0x20, 0x7b, 0x20, 0x72, 0x65, 0x74, // t(uint _x) { ret
	0x75, 0x72, 0x6e, 0x20, 0x75, 0x76, 0x65, 0x63, 0x33, 0x28, 0x5f, 0x78, 0x2c, 0x20, 0x5f, 0x78, // urn uvec3(_x, _x
	0x2c, 0x20, 0x5f, 0x78, 0x29, 0x3b, 0x20, 0x7d, 0x0a, 0x75, 0x76, 0x65, 0x63, 0x34, 0x20, 0x75, // , _x); }.uvec4 u
	0x76, 0x65, 0x63, 0x34, 0x5f, 0x73, 0x70, 0x6c, 0x61, 0x74, 0x28, 0x75, 0x69, 0x6e, 0x74, 0x20, // vec4_splat(uint 
	0x5f, 0x78, 0x29, 0x20, 0x7b, 0x20, 0x72, 0x65, 0x74, 0x75, 0x72, 0x6e, 0x20, 0x75, 0x76, 0x65, // _x) { return uve
	0x63, 0x34, 0x28, 0x5f, 0x78, 0x2c, 0x20, 0x5f, 0x78, 0x2c, 0x20, 0x5f, 0x78, 0x2c, 0x20, 0x5f, // c4(_x, _x, _x, _
	0x78, 0x29, 0x3b, 0x20, 0x7d, 0x0a, 0x6d, 0x61, 0x74, 0x34, 0x20, 0x6d, 0x74, 0x78, 0x46, 0x72, // x); }.mat4 mtxFr
	0x6f, 0x6d, 0x52, 0x6f, 0x77, 0x73, 0x28, 0x76, 0x65, 0x63, 0x34, 0x20, 0x5f, 0x30, 0x2c, 0x20, // omRows(vec4 _0, 
	0x76, 0x65, 0x63, 0x34, 0x20, 0x5f, 0x31, 0x2c, 0x20, 0x76, 0x65, 0x63, 0x34, 0x20, 0x5f, 0x32, // vec4 _1, vec4 _2
	0x2c, 0x20, 0x76, 0x65, 0x63, 0x34, 0x20, 0x5f, 0x33, 0x29, 0x0a, 0x7b, 0x0a, 0x72, 0x65, 0x74, // , vec4 _3).{.ret
	0x75, 0x72, 0x6e, 0x20, 0x74, 0x72, 0x61, 0x6e, 0x73, 0x70, 0x6f, 0x73, 0x65, 0x28, 0x6d, 0x61, // urn transpose(ma
	0x74, 0x34, 0x28, 0x5f, 0x30, 0x2c, 0x20, 0x5f, 0x31, 0x2c, 0x20, 0x5f, 0x32, 0x2c, 0x20, 0x5f, // t4(_0, _1, _2, _
	0x33, 0x29, 0x20, 0x29, 0x3b, 0x0a, 0x7d, 0x0a, 0x6d, 0x61, 0x74, 0x34, 0x20, 0x6d, 0x74, 0x78, // 3) );.}.mat4 mtx
	0x46, 0x72, 0x6f, 0x6d, 0x43, 0x6f, 0x6c, 0x73, 0x28, 0x76, 0x65, 0x63, 0x34, 0x20, 0x5f, 0x30, // FromCols(vec4 _0
	0x2c, 0x20, 0x76, 0x65, 0x63, 0x34, 0x20, 0x5f, 0x31, 0x2c, 0x20, 0x76, 0x65, 0x63, 0x34, 0x20, // , vec4 _1, vec4 
	0x5f, 0x32, 0x2c, 0x20, 0x76, 0x65, 0x63, 0x34, 0x20, 0x5f, 0x33, 0x29, 0x0a, 0x7b, 0x0a, 0x72, // _2, vec4 _3).{.r
	0x65, 0x74, 0x75, 0x72, 0x6e, 0x20, 0x6d, 0x61, 0x74, 0x34, 0x28, 0x5f, 0x30, 0x2c, 0x20, 0x5f, // eturn mat4(_0, _
	0x31, 0x2c, 0x20, 0x5f, 0x32, 0x2c, 0x20, 0x5f, 0x33, 0x29, 0x3b, 0x0a, 0x7d, 0x0a, 0x6d, 0x61, // 1, _2, _3);.}.ma
	0x74, 0x33, 0x20, 0x6d, 0x74, 0x78, 0x46, 0x72, 0x6f, 0x6d, 0x52, 0x6f, 0x77, 0x73, 0x28, 0x76, // t3 mtxFromRows(v
	0x65, 0x63, 0x33, 0x20, 0x5f, 0x30, 0x2c, 0x20, 0x76, 0x65, 0x63, 0x33, 0x20, 0x5f, 0x31, 0x2c, // ec3 _0, vec3 _1,
	0x20, 0x76, 0x65, 0x63, 0x33, 0x20, 0x5f, 0x32, 0x29, 0x0a, 0x7b, 0x0a, 0x72, 0x65, 0x74, 0x75, //  vec3 _2).{.retu
	0x72, 0x6e, 0x20, 0x74, 0x72, 0x61, 0x6e, 0x73, 0x70, 0x6f, 0x73, 0x65, 0x28, 0x6d, 0x61, 0x74, // rn transpose(mat
	0x33, 0x28, 0x5f, 0x30, 0x2c, 0x20, 0x5f, 0x31, 0x2c, 0x20, 0x5f, 0x32, 0x29, 0x20, 0x29, 0x3b, // 3(_0, _1, _2) );
	0x0a, 0x7d, 0x0a, 0x6d, 0x61, 0x74, 0x33, 0x20, 0x6d, 0x74, 0x78, 0x46, 0x72, 0x6f, 0x6d, 0x43, // .}.mat3 mtxFromC
	0x6f, 0x6c, 0x73, 0x28, 0x76, 0x65, 0x63, 0x33, 0x20, 0x5f, 0x30, 0x2c, 0x20, 0x76, 0x65, 0x63, // ols(vec3 _0, vec
	0x33, 0x20, 0x5f, 0x31, 0x2c, 0x20, 0x76, 0x65, 0x63, 0x33, 0x20, 0x5f, 0x32, 0x29, 0x0a, 0x7b, // 3 _1, vec3 _2).{
	0x0a, 0x72, 0x65, 0x74, 0x75, 0x72, 0x6e, 0x20, 0x6d, 0x61, 0x74, 0x33, 0x28, 0x5f, 0x30, 0x2c, // .return mat3(_0,
	0x20, 0x5f, 0x31, 0x2c, 0x20, 0x5f, 0x32, 0x29, 0x3b, 0x0a, 0x7d, 0x0a, 0x6d, 0x61, 0x74, 0x34, //  _1, _2);.}.mat4
	0x78, 0x33, 0x20, 0x6d, 0x74, 0x78, 0x46, 0x72, 0x6f, 0x6d, 0x52, 0x6f, 0x77, 0x73, 0x28, 0x76, // x3 mtxFromRows(v
	0x65, 0x63, 0x34, 0x20, 0x5f, 0x30, 0x2c, 0x20, 0x76, 0x65, 0x63, 0x34, 0x20, 0x5f, 0x31, 0x2c, // ec4 _0, vec4 _1,
	0x20, 0x76, 0x65, 0x63, 0x34, 0x20, 0x5f, 0x32, 0x29, 0x0a, 0x7b, 0x0a, 0x72, 0x65, 0x74, 0x75, //  vec4 _2).{.retu
	0x72, 0x6e, 0x20, 0x74, 0x72, 0x61, 0x6e, 0x73, 0x70, 0x6f, 0x73, 0x65, 0x28, 0x6d, 0x61, 0x74, // rn transpose(mat
	0x33, 0x78, 0x34, 0x28, 0x5f, 0x30, 0x2c, 0x20, 0x5f, 0x31, 0x2c, 0x20, 0x5f, 0x32, 0x29, 0x20, // 3x4(_0, _1, _2) 
	0x29, 0x3b, 0x0a, 0x7d, 0x0a, 0x76, 0x65, 0x63, 0x33, 0x20, 0x6d, 0x74, 0x78, 0x47, 0x65, 0x74, // );.}.vec3 mtxGet
	0x52, 0x6f, 0x77, 0x28, 0x6d, 0x61, 0x74, 0x33, 0x20, 0x5f, 0x6d, 0x74, 0x78, 0x2c, 0x20, 0x69, // Row(mat3 _mtx, i
	0x6e, 0x74, 0x20, 0x5f, 0x72, 0x6f, 0x77, 0x29, 0x0a, 0x7b, 0x0a, 0x72, 0x65, 0x74, 0x75, 0x72, // nt _row).{.retur
	0x6e, 0x20, 0x76, 0x65, 0x63, 0x33, 0x28, 0x5f, 0x6d, 0x74, 0x78, 0x5b, 0x30, 0x5d, 0x5b, 0x5f, // n vec3(_mtx[0][_
	0x72, 0x6f, 0x77, 0x5d, 0x2c, 0x20, 0x5f, 0x6d, 0x74, 0x78, 0x5b, 0x31, 0x5d, 0x5b, 0x5f, 0x72, // row], _mtx[1][_r
	0x6f, 0x77, 0x5d, 0x2c, 0x20, 0x5f, 0x6d, 0x74, 0x78, 0x5b, 0x32, 0x5d, 0x5b, 0x5f, 0x72, 0x6f, // ow], _mtx[2][_ro
	0x77, 0x5d, 0x29, 0x3b, 0x0a, 0x7d, 0x0a, 0x76, 0x65, 0x63, 0x33, 0x20, 0x6d, 0x74, 0x78, 0x47, // w]);.}.vec3 mtxG
	0x65, 0x74, 0x43, 0x6f, 0x6c, 0x75, 0x6d, 0x6e, 0x28, 0x6d, 0x61, 0x74, 0x33, 0x20, 0x5f, 0x6d, // etColumn(mat3 _m
	0x74, 0x78, 0x2c, 0x20, 0x69, 0x6e, 0x74, 0x20, 0x5f, 0x63, 0x6f, 0x6c, 0x75, 0x6d, 0x6e, 0x29, // tx, int _column)
	0x0a, 0x7b, 0x0a, 0x72, 0x65, 0x74, 0x75, 0x72, 0x6e, 0x20, 0x76, 0x65, 0x63, 0x33, 0x28, 0x5f, // .{.return vec3(_
	0x6d, 0x74, 0x78, 0x5b, 0x5f, 0x63, 0x6f, 0x6c, 0x75, 0x6d, 0x6e, 0x5d, 0x29, 0x3b, 0x0a, 0x7d, // mtx[_column]);.}
	0x0a, 0x76, 0x65, 0x63, 0x34, 0x20, 0x6d, 0x74, 0x78, 0x47, 0x65, 0x74, 0x52, 0x6f, 0x77, 0x28, // .vec4 mtxGetRow(
	0x6d, 0x61, 0x74, 0x34, 0x78, 0x33, 0x20, 0x5f, 0x6d, 0x74, 0x78, 0x2c, 0x20, 0x69, 0x6e, 0x74, // mat4x3 _mtx, int
	0x20, 0x5f, 0x72, 0x6f, 0x77, 0x29, 0x0a, 0x7b, 0x0a, 0x72, 0x65, 0x74, 0x75, 0x72, 0x6e, 0x20, //  _row).{.return 
	0x76, 0x65, 0x63, 0x34, 0x28, 0x5f, 0x6d, 0x74, 0x78, 0x5b, 0x30, 0x5d, 0x5b, 0x5f, 0x72, 0x6f, // vec4(_mtx[0][_ro
	0x77, 0x5d, 0x2c, 0x20, 0x5f, 0x6d, 0x74, 0x78, 0x5b, 0x31, 0x5d, 0x5b, 0x5f, 0x72, 0x6f, 0x77, // w], _mtx[1][_row
	0x5d, 0x2c, 0x20, 0x5f, 0x6d, 0x74, 0x78, 0x5b, 0x32, 0x5d, 0x5b, 0x5f, 0x72, 0x6f, 0x77, 0x5d, // ], _mtx[2][_row]
	0x2c, 0x20, 0x5f, 0x6d, 0x74, 0x78, 0x5b, 0x33, 0x5d, 0x5b, 0x5f, 0x72, 0x6f, 0x77, 0x5d, 0x29, // , _mtx[3][_row])
	0x3b, 0x0a, 0x7d, 0x0a, 0x76, 0x65, 0x63, 0x33, 0x20, 0x6d, 0x74, 0x78, 0x47, 0x65, 0x74, 0x43, // ;.}.vec3 mtxGetC
	0x6f, 0x6c, 0x75, 0x6d, 0x6e, 0x28, 0x6d, 0x61, 0x74, 0x34, 0x78, 0x33, 0x20, 0x5f, 0x6d, 0x74, // olumn(mat4x3 _mt
	0x78, 0x2c, 0x20, 0x69, 0x6e, 0x74, 0x20, 0x5f, 0x63, 0x6f, 0x6c, 0x75, 0x6d, 0x6e, 0x29, 0x0a, // x, int _column).
	0x7b, 0x0a, 0x72, 0x65, 0x74, 0x75, 0x72, 0x6e, 0x20, 0x76, 0x65, 0x63, 0x33, 0x28, 0x5f, 0x6d, // {.return vec3(_m
	0x74, 0x78, 0x5b, 0x5f, 0x63, 0x6f, 0x6c, 0x75, 0x6d, 0x6e, 0x5d, 0x29, 0x3b, 0x0a, 0x7d, 0x0a, // tx[_column]);.}.
	0x76, 0x65, 0x63, 0x34, 0x20, 0x6d, 0x74, 0x78, 0x47, 0x65, 0x74, 0x52, 0x6f, 0x77, 0x28, 0x6d, // vec4 mtxGetRow(m
	0x61, 0x74, 0x34, 0x20, 0x5f, 0x6d, 0x74, 0x78, 0x2c, 0x20, 0x69, 0x6e, 0x74, 0x20, 0x5f, 0x72, // at4 _mtx, int _r
	0x6f, 0x77, 0x29, 0x0a, 0x7b, 0x0a, 0x72, 0x65, 0x74, 0x75, 0x72, 0x6e, 0x20, 0x76, 0x65, 0x63, // ow).{.return vec
	0x34, 0x28, 0x5f, 0x6d, 0x74, 0x78, 0x5b, 0x30, 0x5d, 0x5b, 0x5f, 0x72, 0x6f, 0x77, 0x5d, 0x2c, // 4(_mtx[0][_row],
	0x20, 0x5f, 0x6d, 0x74, 0x78, 0x5b, 0x31, 0x5d, 0x5b, 0x5f, 0x72, 0x6f, 0x77, 0x5d, 0x2c, 0x20, //  _mtx[1][_row], 
	0x5f, 0x6d, 0x74, 0x78, 0x5b, 0x32, 0x5d, 0x5b, 0x5f, 0x72, 0x6f, 0x77, 0x5d, 0x2c, 0x20, 0x5f, // _mtx[2][_row], _
	0x6d, 0x74, 0x78, 0x5b, 0x33, 0x5d, 0x5b, 0x5f, 0x72, 0x6f, 0x77, 0x5d, 0x29, 0x3b, 0x0a, 0x7d, // mtx[3][_row]);.}
	0x0a, 0x76, 0x65, 0x63, 0x34, 0x20, 0x6d, 0x74, 0x78, 0x47, 0x65, 0x74, 0x43, 0x6f, 0x6c, 0x75, // .vec4 mtxGetColu
	0x6d, 0x6e, 0x28, 0x6d, 0x61, 0x74, 0x34, 0x20, 0x5f, 0x6d, 0x74, 0x78, 0x2c, 0x20, 0x69, 0x6e, // mn(mat4 _mtx, in
	0x74, 0x20, 0x5f, 0x63, 0x6f, 0x6c, 0x75, 0x6d, 0x6e, 0x29, 0x0a, 0x7b, 0x0a, 0x72, 0x65, 0x74, // t _column).{.ret
	0x75, 0x72, 0x6e, 0x20, 0x76, 0x65, 0x63, 0x34, 0x28, 0x5f, 0x6d, 0x74, 0x78, 0x5b, 0x5f, 0x63, // urn vec4(_mtx[_c
	0x6f, 0x6c, 0x75, 0x6d, 0x6e, 0x5d, 0x29, 0x3b, 0x0a, 0x7d, 0x0a, 0x66, 0x6c, 0x6f, 0x61, 0x74, // olumn]);.}.float
	0x20, 0x6d, 0x74, 0x78, 0x47, 0x65, 0x74, 0x45, 0x6c, 0x65, 0x6d, 0x65, 0x6e, 0x74, 0x28, 0x6d, //  mtxGetElement(m
	0x61, 0x74, 0x33, 0x20, 0x5f, 0x6d, 0x74, 0x78, 0x2c, 0x20, 0x69, 0x6e, 0x74, 0x20, 0x5f, 0x63, // at3 _mtx, int _c
	0x6f, 0x6c, 0x75, 0x6d, 0x6e, 0x2c, 0x20, 0x69, 0x6e, 0x74, 0x20, 0x5f, 0x72, 0x6f, 0x77, 0x29, // olumn, int _row)
	0x0a, 0x7b, 0x0a, 0x72, 0x65, 0x74, 0x75, 0x72, 0x6e, 0x20, 0x5f, 0x6d, 0x74, 0x78, 0x5b, 0x5f, // .{.return _mtx[_
	0x63, 0x6f, 0x6c, 0x75, 0x6d, 0x6e, 0x5d, 0x5b, 0x5f, 0x72, 0x6f, 0x77, 0x5d, 0x3b, 0x0a, 0x7d, // column][_row];.}
	0x0a, 0x66, 0x6c, 0x6f, 0x61, 0x74, 0x20, 0x6d, 0x74, 0x78, 0x47, 0x65, 0x74, 0x45, 0x6c, 0x65, // .float mtxGetEle
	0x6d, 0x65, 0x6e, 0x74, 0x28, 0x6d, 0x61, 0x74, 0x34, 0x20, 0x5f, 0x6d, 0x74, 0x78, 0x2c, 0x20, // ment(mat4 _mtx, 
	0x69, 0x6e, 0x74, 0x20, 0x5f, 0x63, 0x6f, 0x6c, 0x75, 0x6d, 0x6e, 0x2c, 0x20, 0x69, 0x6e, 0x74, // int _column, int
	0x20, 0x5f, 0x72, 0x6f, 0x77, 0x29, 0x0a, 0x7b, 0x0a, 0x72, 0x65, 0x74, 0x75, 0x72, 0x6e, 0x20, //  _row).{.return 
	0x5f, 0x6d, 0x74, 0x78, 0x5b, 0x5f, 0x63, 0x6f, 0x6c, 0x75, 0x6d, 0x6e, 0x5d, 0x5b, 0x5f, 0x72, // _mtx[_column][_r
	0x6f, 0x77, 0x5d, 0x3b, 0x0a, 0x7d, 0x0a, 0x66, 0x6c, 0x6f, 0x61, 0x74, 0x20, 0x73, 0x65, 0x6c, // ow];.}.float sel
	0x65, 0x63, 0x74, 0x28, 0x62, 0x6f, 0x6f, 0x6c, 0x20, 0x5f, 0x63, 0x6f, 0x6e, 0x64, 0x2c, 0x20, // ect(bool _cond, 
	0x66, 0x6c, 0x6f, 0x61, 0x74, 0x20, 0x5f, 0x74, 0x72, 0x75, 0x65, 0x2c, 0x20, 0x66, 0x6c, 0x6f, // float _true, flo
	0x61, 0x74, 0x20, 0x5f, 0x66, 0x61, 0x6c, 0x73, 0x65, 0x29, 0x20, 0x7b, 0x20, 0x72, 0x65, 0x74, // at _false) { ret
	0x75, 0x72, 0x6e, 0x20, 0x5f, 0x63, 0x6f, 0x6e, 0x64, 0x20, 0x3f, 0x20, 0x5f, 0x74, 0x72, 0x75, // urn _cond ? _tru
	0x65, 0x20, 0x3a, 0x20, 0x5f, 0x66, 0x61, 0x6c, 0x73, 0x65, 0x3b, 0x20, 0x7d, 0x0a, 0x76, 0x65, // e : _false; }.ve
	0x63, 0x32, 0x20, 0x73, 0x65, 0x6c, 0x65, 0x63, 0x74, 0x28, 0x62, 0x6f, 0x6f, 0x6c, 0x20, 0x5f, // c2 select(bool _
	0x63, 0x6f, 0x6e, 0x64, 0x2c, 0x20, 0x76, 0x65, 0x63, 0x32, 0x20, 0x5f, 0x74, 0x72, 0x75, 0x65, // cond, vec2 _true
	0x2c, 0x20, 0x76, 0x65, 0x63, 0x32, 0x20, 0x5f, 0x66, 0x61, 0x6c, 0x73, 0x65, 0x29, 0x20, 0x7b, // , vec2 _false) {
	0x20, 0x72, 0x65, 0x74, 0x75, 0x72, 0x6e, 0x20, 0x5f, 0x63, 0x6f, 0x6e, 0x64, 0x20, 0x3f, 0x20, //  return _cond ? 
	0x5f, 0x74, 0x72, 0x75, 0x65, 0x20, 0x3a, 0x20, 0x5f, 0x66, 0x61, 0x6c, 0x73, 0x65, 0x3b, 0x20, // _true : _false; 
	0x7d, 0x0a, 0x76, 0x65, 0x63, 0x33, 0x20, 0x73, 0x65, 0x6c, 0x65, 0x63, 0x74, 0x28, 0x62, 0x6f, // }.vec3 select(bo
	0x6f, 0x6c, 0x20, 0x5f, 0x63, 0x6f, 0x6e, 0x64, 0x2c, 0x20, 0x76, 0x65, 0x63, 0x33, 0x20, 0x5f, // ol _cond, vec3 _
	0x74, 0x72, 0x75, 0x65, 0x2c, 0x20, 0x76, 0x65, 0x63, 0x33, 0x20, 0x5f, 0x66, 0x61, 0x6c, 0x73, // true, vec3 _fals
	0x65, 0x29, 0x20, 0x7b, 0x20, 0x72, 0x65, 0x74, 0x75, 0x72, 0x6e, 0x20, 0x5f, 0x63, 0x6f, 0x6e, // e) { return _con
	0x64, 0x20, 0x3f, 0x20, 0x5f, 0x74, 0x72, 0x75, 0x65, 0x20, 0x3a, 0x20, 0x5f, 0x66, 0x61, 0x6c, // d ? _true : _fal
	0x73, 0x65, 0x3b, 0x20, 0x7d, 0x0a, 0x76, 0x65, 0x63, 0x34, 0x20, 0x73, 0x65, 0x6c, 0x65, 0x63, // se; }.vec4 selec
	0x74, 0x28, 0x62, 0x6f, 0x6f, 0x6c, 0x20, 0x5f, 0x63, 0x6f, 0x6e, 0x64, 0x2c, 0x20, 0x76, 0x65, // t(bool _cond, ve
	0x63, 0x34, 0x20, 0x5f, 0x74, 0x72, 0x75, 0x65, 0x2c, 0x20, 0x76, 0x65, 0x63, 0x34, 0x20, 0x5f, // c4 _true, vec4 _
	0x66, 0x61, 0x6c, 0x73, 0x65, 0x29, 0x20, 0x7b, 0x20, 0x72, 0x65, 0x74, 0x75, 0x72, 0x6e, 0x20, // false) { return 
	0x5f, 0x63, 0x6f, 0x6e, 0x64, 0x20, 0x3f, 0x20, 0x5f, 0x74, 0x72, 0x75, 0x65, 0x20, 0x3a, 0x20, // _cond ? _true : 
	0x5f, 0x66, 0x61, 0x6c, 0x73, 0x65, 0x3b, 0x20, 0x7d, 0x0a, 0x76, 0x65, 0x63, 0x32, 0x20, 0x73, // _false; }.vec2 s
	0x65, 0x6c, 0x65, 0x63, 0x74, 0x28, 0x62, 0x76, 0x65, 0x63, 0x32, 0x20, 0x5f, 0x63, 0x6f, 0x6e, // elect(bvec2 _con
	0x64, 0x2c, 0x20, 0x76, 0x65, 0x63, 0x32, 0x20, 0x5f, 0x74, 0x72, 0x75, 0x65, 0x2c, 0x20, 0x76, // d, vec2 _true, v
	0x65, 0x63, 0x32, 0x20, 0x5f, 0x66, 0x61, 0x6c, 0x73, 0x65, 0x29, 0x20, 0x7b, 0x20, 0x72, 0x65, // ec2 _false) { re
	0x74, 0x75, 0x72, 0x6e, 0x20, 0x28, 0x76, 0x65, 0x63, 0x32, 0x28, 0x5f, 0x63, 0x6f, 0x6e, 0x64, // turn (vec2(_cond
	0x29, 0x20, 0x2a, 0x20, 0x5f, 0x74, 0x72, 0x75, 0x65, 0x29, 0x20, 0x2b, 0x20, 0x28, 0x76, 0x65, // ) * _true) + (ve
	0x63, 0x32, 0x28, 0x6e, 0x6f, 0x74, 0x28, 0x5f, 0x63, 0x6f, 0x6e, 0x64, 0x29, 0x20, 0x29, 0x20, // c2(not(_cond) ) 
	0x2a, 0x20, 0x5f, 0x66, 0x61, 0x6c, 0x73, 0x65, 0x29, 0x3b, 0x20, 0x7d, 0x0a, 0x76, 0x65, 0x63, // * _false); }.vec
	0x33, 0x20, 0x73, 0x65, 0x6c, 0x65, 0x63, 0x74, 0x28, 0x62, 0x76, 0x65, 0x63, 0x33, 0x20, 0x5f, // 3 select(bvec3 _
	0x63, 0x6f, 0x6e, 0x64, 0x2c, 0x20, 0x76, 0x65, 0x63, 0x33, 0x20, 0x5f, 0x74, 0x72, 0x75, 0x65, // cond, vec3 _true
	0x2c, 0x20, 0x76, 0x65, 0x63, 0x33, 0x20, 0x5f, 0x66, 0x61, 0x6c, 0x73, 0x65, 0x29, 0x20, 0x7b, // , vec3 _false) {
	0x20, 0x72, 0x65, 0x74, 0x75, 0x72, 0x6e, 0x20, 0x28, 0x76, 0x65, 0x63, 0x33, 0x28, 0x5f, 0x63, //  return (vec3(_c
	0x6f, 0x6e, 0x64, 0x29, 0x20, 0x2a, 0x20, 0x5f, 0x74, 0x72, 0x75, 0x65, 0x29, 0x20, 0x2b, 0x20, // ond) * _true) + 
	0x28, 0x76, 0x65, 0x63, 0x33, 0x28, 0x6e, 0x6f, 0x74, 0x28, 0x5f, 0x63, 0x6f, 0x6e, 0x64, 0x29, // (vec3(not(_cond)
	0x20, 0x29, 0x20, 0x2a, 0x20, 0x5f, 0x66, 0x61, 0x6c, 0x73, 0x65, 0x29, 0x3b, 0x20, 0x7d, 0x0a, //  ) * _false); }.
	0x76, 0x65, 0x63, 0x34, 0x20, 0x73, 0x65, 0x6c, 0x65, 0x63, 0x74, 0x28, 0x62, 0x76, 0x65, 0x63, // vec4 select(bvec
	0x34, 0x20, 0x5f, 0x63, 0x6f, 0x6e, 0x64, 0x2c, 0x20, 0x76, 0x65, 0x63, 0x34, 0x20, 0x5f, 0x74, // 4 _cond, vec4 _t
	0x72, 0x75, 0x65, 0x2c, 0x20, 0x76, 0x65, 0x63, 0x34, 0x20, 0x5f, 0x66, 0x61, 0x6c, 0x73, 0x65, // rue, vec4 _false
	0x29, 0x20, 0x7b, 0x20, 0x72, 0x65, 0x74, 0x75, 0x72, 0x6e, 0x20, 0x28, 0x76, 0x65, 0x63, 0x34, // ) { return (vec4
	0x28, 0x5f, 0x63, 0x6f, 0x6e, 0x64, 0x29, 0x20, 0x2a, 0x20, 0x5f, 0x74, 0x72, 0x75, 0x65, 0x29, // (_cond) * _true)
	0x20, 0x2b, 0x20, 0x28, 0x76, 0x65, 0x63, 0x34, 0x28, 0x6e, 0x6f, 0x74, 0x28, 0x5f, 0x63, 0x6f, //  + (vec4(not(_co
	0x6e, 0x64, 0x29, 0x20, 0x29, 0x20, 0x2a, 0x20, 0x5f, 0x66, 0x61, 0x6c, 0x73, 0x65, 0x29, 0x3b, // nd) ) * _false);
	0x20, 0x7d, 0x0a, 0x69, 0x6e, 0x74, 0x20, 0x73, 0x65, 0x6c, 0x65, 0x63, 0x74, 0x28, 0x62, 0x6f, //  }.int select(bo
	0x6f, 0x6c, 0x20, 0x5f, 0x63, 0x6f, 0x6e, 0x64, 0x2c, 0x20, 0x69, 0x6e, 0x74, 0x20, 0x5f, 0x74, // ol _cond, int _t
	0x72, 0x75, 0x65, 0x2c, 0x20, 0x69, 0x6e, 0x74, 0x20, 0x5f, 0x66, 0x61, 0x6c, 0x73, 0x65, 0x29, // rue, int _false)
	0x20, 0x7b, 0x20, 0x72, 0x65, 0x74, 0x75, 0x72, 0x6e, 0x20, 0x5f, 0x63, 0x6f, 0x6e, 0x64, 0x20, //  { return _cond 
	0x3f, 0x20, 0x5f, 0x74, 0x72, 0x75, 0x65, 0x20, 0x3a, 0x20, 0x5f, 0x66, 0x61, 0x6c, 0x73, 0x65, // ? _true : _false
	0x3b, 0x20, 0x7d, 0x0a, 0x69, 0x76, 0x65, 0x63, 0x32, 0x20, 0x73, 0x65, 0x6c, 0x65, 0x63, 0x74, // ; }.ivec2 select
	0x28, 0x62, 0x6f, 0x6f, 0x6c, 0x20, 0x5f, 0x63, 0x6f, 0x6e, 0x64, 0x2c, 0x20, 0x69, 0x76, 0x65, // (bool _cond, ive
	0x63, 0x32, 0x20, 0x5f, 0x74, 0x72, 0x75, 0x65, 0x2c, 0x20, 0x69, 0x76, 0x65, 0x63, 0x32, 0x20, // c2 _true, ivec2 
	0x5f, 0x66, 0x61, 0x6c, 0x73, 0x65, 0x29, 0x20, 0x7b, 0x20, 0x72, 0x65, 0x74, 0x75, 0x72, 0x6e, // _false) { return
	0x20, 0x5f, 0x63, 0x6f, 0x6e, 0x64, 0x20, 0x3f, 0x20, 0x5f, 0x74, 0x72, 0x75, 0x65, 0x20, 0x3a, //  _cond ? _true :
	0x20, 0x5f, 0x66, 0x61, 0x6c, 0x73, 0x65, 0x3b, 0x20, 0x7d, 0x0a, 0x69, 0x76, 0x65, 0x63, 0x33, //  _false; }.ivec3
	0x20, 0x73, 0x65, 0x6c, 0x65, 0x63, 0x74, 0x28, 0x62, 0x6f, 0x6f, 0x6c, 0x20, 0x5f, 0x63, 0x6f, //  select(bool _co
	0x6e, 0x64, 0x2c, 0x20, 0x69, 0x76, 0x65, 0x63, 0x33, 0x20, 0x5f, 0x74, 0x72, 0x75, 0x65, 0x2c, // nd, ivec3 _true,
	0x20, 0x69, 0x76, 0x65, 0x63, 0x33, 0x20, 0x5f, 0x66, 0x61, 0x6c, 0x73, 0x65, 0x29, 0x20, 0x7b, //  ivec3 _false) {
	0x20, 0x72, 0x65, 0x74, 0x75, 0x72, 0x6e, 0x20, 0x5f, 0x63, 0x6f, 0x6e, 0x64, 0x20, 0x3f, 0x20, //  return _cond ? 
	0x5f, 0x74, 0x72, 0x75, 0x65, 0x20, 0x3a, 0x20, 0x5f, 0x66, 0x61, 0x6c, 0x73, 0x65, 0x3b, 0x20, // _true : _false; 
	0x7d, 0x0a, 0x69, 0x76, 0x65, 0x63, 0x34, 0x20, 0x73, 0x65, 0x6c, 0x65, 0x63, 0x74, 0x28, 0x62, // }.ivec4 select(b
	0x6f, 0x6f, 0x6c, 0x20, 0x5f, 0x63, 0x6f, 0x6e, 0x64, 0x2c, 0x20, 0x69, 0x76, 0x65, 0x63, 0x34, // ool _cond, ivec4
	0x20, 0x5f, 0x74, 0x72, 0x75, 0x65, 0x2c, 0x20, 0x69, 0x76, 0x65, 0x63, 0x34, 0x20, 0x5f, 0x66, //  _true, ivec4 _f
	0x61, 0x6c, 0x73, 0x65, 0x29, 0x20, 0x7b, 0x20, 0x72, 0x65, 0x74, 0x75, 0x72, 0x6e, 0x20, 0x5f, // alse) { return _
	0x63, 0x6f, 0x6e, 0x64, 0x20, 0x3f, 0x20, 0x5f, 0x74, 0x72, 0x75, 0x65, 0x20, 0x3a, 0x20, 0x5f, // cond ? _true : _
	0x66, 0x61, 0x6c, 0x73, 0x65, 0x3b, 0x20, 0x7d, 0x0a, 0x69, 0x76, 0x65, 0x63, 0x32, 0x20, 0x73, // false; }.ivec2 s
	0x65, 0x6c, 0x65, 0x63, 0x74, 0x28, 0x62, 0x76, 0x65, 0x63, 0x32, 0x20, 0x5f, 0x63, 0x6f, 0x6e, // elect(bvec2 _con
	0x64, 0x2c, 0x20, 0x69, 0x76, 0x65, 0x63, 0x32, 0x20, 0x5f, 0x74, 0x72, 0x75, 0x65, 0x2c, 0x20, // d, ivec2 _true, 
	0x69, 0x76, 0x65, 0x63, 0x32, 0x20, 0x5f, 0x66, 0x61, 0x6c, 0x73, 0x65, 0x29, 0x20, 0x7b, 0x20, // ivec2 _false) { 
	0x72, 0x65, 0x74, 0x75, 0x72, 0x6e, 0x20, 0x28, 0x69, 0x76, 0x65, 0x63, 0x32, 0x28, 0x5f, 0x63, // return (ivec2(_c
	0x6f, 0x6e, 0x64, 0x29, 0x20, 0x2a, 0x20, 0x5f, 0x74, 0x72, 0x75, 0x65, 0x29, 0x20, 0x2b, 0x20, // ond) * _true) + 
	0x28, 0x69, 0x76, 0x65, 0x63, 0x32, 0x28, 0x6e, 0x6f, 0x74, 0x28, 0x5f, 0x63, 0x6f, 0x6e, 0x64, // (ivec2(not(_cond
	0x29, 0x20, 0x29, 0x20, 0x2a, 0x20, 0x5f, 0x66, 0x61, 0x6c, 0x73, 0x65, 0x29, 0x3b, 0x20, 0x7d, // ) ) * _false); }
	0x0a, 0x69, 0x76, 0x65, 0x63, 0x33, 0x20, 0x73, 0x65, 0x6c, 0x65, 0x63, 0x74, 0x28, 0x62, 0x76, // .ivec3 select(bv
	0x65, 0x63, 0x33, 0x20, 0x5f, 0x63, 0x6f, 0x6e, 0x64, 0x2c, 0x20, 0x69, 0x76, 0x65, 0x63, 0x33, // ec3 _cond, ivec3
	0x20, 0x5f, 0x74, 0x72, 0x75, 0x65, 0x2c, 0x20, 0x69, 0x76, 0x65, 0x63, 0x33, 0x20, 0x5f, 0x66, //  _true, ivec3 _f
	0x61, 0x6c, 0x73, 0x65, 0x29, 0x20, 0x7b, 0x20, 0x72, 0x65, 0x74, 0x75, 0x72, 0x6e, 0x20, 0x28, // alse) { return (
	0x69, 0x76, 0x65, 0x63, 0x33, 0x28, 0x5f, 0x63, 0x6f, 0x6e, 0x64, 0x29, 0x20, 0x2a, 0x20, 0x5f, // ivec3(_cond) * _
	0x74, 0x72, 0x75, 0x65, 0x29, 0x20, 0x2b, 0x20, 0x28, 0x69, 0x76, 0x65, 0x63, 0x33, 0x28, 0x6e, // true) + (ivec3(n
	0x6f, 0x74, 0x28, 0x5f, 0x63, 0x6f, 0x6e, 0x64, 0x29, 0x20, 0x29, 0x20, 0x2a, 0x20, 0x5f, 0x66, // ot(_cond) ) * _f
	0x61, 0x6c, 0x73, 0x65, 0x29, 0x3b, 0x20, 0x7d, 0x0a, 0x69, 0x76, 0x65, 0x63, 0x34, 0x20, 0x73, // alse); }.ivec4 s
	0x65, 0x6c, 0x65, 0x63, 0x74, 0x28, 0x62, 0x76, 0x65, 0x63, 0x34, 0x20, 0x5f, 0x63, 0x6f, 0x6e, // elect(bvec4 _con
	0x64, 0x2c, 0x20, 0x69, 0x76, 0x65, 0x63, 0x34, 0x20, 0x5f, 0x74, 0x72, 0x75, 0x65, 0x2c, 0x20, // d, ivec4 _true, 
	0x69, 0x76, 0x65, 0x63, 0x34, 0x20, 0x5f, 0x66, 0x61, 0x6c, 0x73, 0x65, 0x29, 0x20, 0x7b, 0x20, // ivec4 _false) { 
	0x72, 0x65, 0x74, 0x75, 0x72, 0x6e, 0x20, 0x28, 0x69, 0x76, 0x65, 0x63, 0x34, 0x28, 0x5f, 0x63, // return (ivec4(_c
	0x6f, 0x6e, 0x64, 0x29, 0x20, 0x2a, 0x20, 0x5f, 0x74, 0x72, 0x75, 0x65, 0x29, 0x20, 0x2b, 0x20, // ond) * _true) + 
	0x28, 0x69, 0x76, 0x65, 0x63, 0x34, 0x28, 0x6e, 0x6f, 0x74, 0x28, 0x5f, 0x63, 0x6f, 0x6e, 0x64, // (ivec4(not(_cond
	0x29, 0x20, 0x29, 0x20, 0x2a, 0x20, 0x5f, 0x66, 0x61, 0x6c, 0x73, 0x65, 0x29, 0x3b, 0x20, 0x7d, // ) ) * _false); }
	0x0a, 0x75, 0x69, 0x6e, 0x74, 0x20, 0x73, 0x65, 0x6c, 0x65, 0x63, 0x74, 0x28, 0x62, 0x6f, 0x6f, // .uint select(boo
	0x6c, 0x20, 0x5f, 0x63, 0x6f, 0x6e, 0x64, 0x2c, 0x20, 0x75, 0x69, 0x6e, 0x74, 0x20, 0x5f, 0x74, // l _cond, uint _t
	0x72, 0x75, 0x65, 0x2c, 0x20, 0x75, 0x69, 0x6e, 0x74, 0x20, 0x5f, 0x66, 0x61, 0x6c, 0x73, 0x65, // rue, uint _false
	0x29, 0x20, 0x7b, 0x20, 0x72, 0x65, 0x74, 0x75, 0x72, 0x6e, 0x20, 0x5f, 0x63, 0x6f, 0x6e, 0x64, // ) { return _cond
	0x20, 0x3f, 0x20, 0x5f, 0x74, 0x72, 0x75, 0x65, 0x20, 0x3a, 0x20, 0x5f, 0x66, 0x61, 0x6c, 0x73, //  ? _true : _fals
	0x65, 0x3b, 0x20, 0x7d, 0x0a, 0x75, 0x76, 0x65, 0x63, 0x32, 0x20, 0x73, 0x65, 0x6c, 0x65, 0x63, // e; }.uvec2 selec
	0x74, 0x28, 0x62, 0x6f, 0x6f, 0x6c, 0x20, 0x5f, 0x63, 0x6f, 0x6e, 0x64, 0x2c, 0x20, 0x75, 0x76, // t(bool _cond, uv
	0x65, 0x63, 0x32, 0x20, 0x5f, 0x74, 0x72, 0x75, 0x65, 0x2c, 0x20, 0x75, 0x76, 0x65, 0x63, 0x32, // ec2 _true, uvec2
	0x20, 0x5f, 0x66, 0x61, 0x6c, 0x73, 0x65, 0x29, 0x20, 0x7b, 0x20, 0x72, 0x65, 0x74, 0x75, 0x72, //  _false) { retur
	0x6e, 0x20, 0x5f, 0x63, 0x6f, 0x6e, 0x64, 0x20, 0x3f, 0x20, 0x5f, 0x74, 0x72, 0x75, 0x65, 0x20, // n _cond ? _true 
	0x3a, 0x20, 0x5f, 0x66, 0x61, 0x6c, 0x73, 0x65, 0x3b, 0x20, 0x7d, 0x0a, 0x75, 0x76, 0x65, 0x63, // : _false; }.uvec
	0x33, 0x20, 0x73, 0x65, 0x6c, 0x65, 0x63, 0x74, 0x28, 0x62, 0x6f, 0x6f, 0x6c, 0x20, 0x5f, 0x63, // 3 select(bool _c
	0x6f, 0x6e, 0x64, 0x2c, 0x20, 0x75, 0x76, 0x65, 0x63, 0x33, 0x20, 0x5f, 0x74, 0x72, 0x75, 0x65, // ond, uvec3 _true
	0x2c, 0x20, 0x75, 0x76, 0x65, 0x63, 0x33, 0x20, 0x5f, 0x66, 0x61, 0x6c, 0x73, 0x65, 0x29, 0x20, // , uvec3 _false) 
	0x7b, 0x20, 0x72, 0x65, 0x74, 0x75, 0x72, 0x6e, 0x20, 0x5f, 0x63, 0x6f, 0x6e, 0x64, 0x20, 0x3f, // { return _cond ?
	0x20, 0x5f, 0x74, 0x72, 0x75, 0x65, 0x20, 0x3a, 0x20, 0x5f, 0x66, 0x61, 0x6c, 0x73, 0x65, 0x3b, //  _true : _false;
	0x20, 0x7d, 0x0a, 0x75, 0x76, 0x65, 0x63, 0x34, 0x20, 0x73, 0x65, 0x6c, 0x65, 0x63, 0x74, 0x28, //  }.uvec4 select(
	0x62, 0x6f, 0x6f, 0x6c, 0x20, 0x5f, 0x63, 0x6f, 0x6e, 0x64, 0x2c, 0x20, 0x75, 0x76, 0x65, 0x63, // bool _cond, uvec
	0x34, 0x20, 0x5f, 0x74, 0x72, 0x75, 0x65, 0x2c, 0x20, 0x75, 0x76, 0x65, 0x63, 0x34, 0x20, 0x5f, // 4 _true, uvec4 _
	0x66, 0x61, 0x6c, 0x73, 0x65, 0x29, 0x20, 0x7b, 0x20, 0x72, 0x65, 0x74, 0x75, 0x72, 0x6e, 0x20, // false) { return 
	0x5f, 0x63, 0x6f, 0x6e, 0x64, 0x20, 0x3f, 0x20, 0x5f, 0x74, 0x72, 0x75, 0x65, 0x20, 0x3a, 0x20, // _cond ? _true : 
	0x5f, 0x66, 0x61, 0x6c, 0x73, 0x65, 0x3b, 0x20, 0x7d, 0x0a, 0x75, 0x76, 0x65, 0x63, 0x32, 0x20, // _false; }.uvec2 
	0x73, 0x65, 0x6c, 0x65, 0x63, 0x74, 0x28, 0x62, 0x76, 0x65, 0x63, 0x32, 0x20, 0x5f, 0x63, 0x6f, // select(bvec2 _co
	0x6e, 0x64, 0x2c, 0x20, 0x75, 0x76, 0x65, 0x63, 0x32, 0x20, 0x5f, 0x74, 0x72, 0x75, 0x65, 0x2c, // nd, uvec2 _true,
	0x20, 0x75, 0x76, 0x65, 0x63, 0x32, 0x20, 0x5f, 0x66, 0x61, 0x6c, 0x73, 0x65, 0x29, 0x20, 0x7b, //  uvec2 _false) {
	0x20, 0x72, 0x65, 0x74, 0x75, 0x72, 0x6e, 0x20, 0x28, 0x75, 0x76, 0x65, 0x63, 0x32, 0x28, 0x5f, //  return (uvec2(_
	0x63, 0x6f, 0x6e, 0x64, 0x29, 0x20, 0x2a, 0x20, 0x5f, 0x74, 0x72, 0x75, 0x65, 0x29, 0x20, 0x2b, // cond) * _true) +
	0x20, 0x28, 0x75, 0x76, 0x65, 0x63, 0x32, 0x28, 0x6e, 0x6f, 0x74, 0x28, 0x5f, 0x63, 0x6f, 0x6e, //  (uvec2(not(_con
	0x64, 0x29, 0x20, 0x29, 0x20, 0x2a, 0x20, 0x5f, 0x66, 0x61, 0x6c, 0x73, 0x65, 0x29, 0x3b, 0x20, // d) ) * _false); 
	0x7d, 0x0a, 0x75, 0x76, 0x65, 0x63, 0x33, 0x20, 0x73, 0x65, 0x6c, 0x65, 0x63, 0x74, 0x28, 0x62, // }.uvec3 select(b
	0x76, 0x65, 0x63, 0x33, 0x20, 0x5f, 0x63, 0x6f, 0x6e, 0x64, 0x2c, 0x20, 0x75, 0x76, 0x65, 0x63, // vec3 _cond, uvec
	0x33, 0x20, 0x5f, 0x74, 0x72, 0x75, 0x65, 0x2c, 0x20, 0x75, 0x76, 0x65, 0x63, 0x33, 0x20, 0x5f, // 3 _true, uvec3 _
	0x66, 0x61, 0x6c, 0x73, 0x65, 0x29, 0x20, 0x7b, 0x20, 0x72, 0x65, 0x74, 0x75, 0x72, 0x6e, 0x20, // false) { return 
	0x28, 0x75, 0x76, 0x65, 0x63, 0x33, 0x28, 0x5f, 0x63, 0x6f, 0x6e, 0x64, 0x29, 0x20, 0x2a, 0x20, // (uvec3(_cond) * 
	0x5f, 0x74, 0x72, 0x75, 0x65, 0x29, 0x20, 0x2b, 0x20, 0x28, 0x75, 0x76, 0x65, 0x63, 0x33, 0x28, // _true) + (uvec3(
	0x6e, 0x6f, 0x74, 0x28, 0x5f, 0x63, 0x6f, 0x6e, 0x64, 0x29, 0x20, 0x29, 0x20, 0x2a, 0x20, 0x5f, // not(_cond) ) * _
	0x66, 0x61, 0x6c, 0x73, 0x65, 0x29, 0x3b, 0x20, 0x7d, 0x0a, 0x75, 0x76, 0x65, 0x63, 0x34, 0x20, // false); }.uvec4 
	0x73, 0x65, 0x6c, 0x65, 0x63, 0x74, 0x28, 0x62, 0x76, 0x65, 0x63, 0x34, 0x20, 0x5f, 0x63, 0x6f, // select(bvec4 _co
	0x6e, 0x64, 0x2c, 0x20, 0x75, 0x76, 0x65, 0x63, 0x34, 0x20, 0x5f, 0x74, 0x72, 0x75, 0x65, 0x2c, // nd, uvec4 _true,
	0x20, 0x75, 0x76, 0x65, 0x63, 0x34, 0x20, 0x5f, 0x66, 0x61, 0x6c, 0x73, 0x65, 0x29, 0x20, 0x7b, //  uvec4 _false) {
	0x20, 0x72, 0x65, 0x74, 0x75, 0x72, 0x6e, 0x20, 0x28, 0x75, 0x76, 0x65, 0x63, 0x34, 0x28, 0x5f, //  return (uvec4(_
	0x63, 0x6f, 0x6e, 0x64, 0x29, 0x20, 0x2a, 0x20, 0x5f, 0x74, 0x72, 0x75, 0x65, 0x29, 0x20, 0x2b, // cond) * _true) +
	0x20, 0x28, 0x75, 0x76, 0x65, 0x63, 0x34, 0x28, 0x6e, 0x6f, 0x74, 0x28, 0x5f, 0x63, 0x6f, 0x6e, //  (uvec4(not(_con
	0x64, 0x29, 0x20, 0x29, 0x20, 0x2a, 0x20, 0x5f, 0x66, 0x61, 0x6c, 0x73, 0x65, 0x29, 0x3b, 0x20, // d) ) * _false); 
	0x7d, 0x0a, 0x75, 0x6e, 0x69, 0x66, 0x6f, 0x72, 0x6d, 0x20, 0x76, 0x65, 0x63, 0x34, 0x20, 0x75, // }.uniform vec4 u
	0x5f, 0x76, 0x69, 0x65, 0x77, 0x52, 0x65, 0x63, 0x74, 0x3b, 0x0a, 0x75, 0x6e, 0x69, 0x66, 0x6f, // _viewRect;.unifo
	0x72, 0x6d, 0x20, 0x76, 0x65, 0x63, 0x34, 0x20, 0x75, 0x5f, 0x76, 0x69, 0x65, 0x77, 0x54, 0x65, // rm vec4 u_viewTe
	0x78, 0x65, 0x6c, 0x3b, 0x0a, 0x75, 0x6e, 0x69, 0x66, 0x6f, 0x72, 0x6d, 0x20, 0x6d, 0x61, 0x74, // xel;.uniform mat
	0x34, 0x20, 0x75, 0x5f, 0x76, 0x69, 0x65, 0x77, 0x3b, 0x0a, 0x75, 0x6e, 0x69, 0x66, 0x6f, 0x72, // 4 u_view;.unifor
	0x6d, 0x20, 0x6d, 0x61, 0x74, 0x34, 0x20, 0x75, 0x5f, 0x69, 0x6e, 0x76, 0x56, 0x69, 0x65, 0x77, // m mat4 u_invView
	0x3b, 0x0a, 0x75, 0x6e, 0x69, 0x66, 0x6f, 0x72, 0x6d, 0x20, 0x6d, 0x61, 0x74, 0x34, 0x20, 0x75, // ;.uniform mat4 u
	0x5f, 0x70, 0x72, 0x6f, 0x6a, 0x3b, 0x0a, 0x75, 0x6e, 0x69, 0x66, 0x6f, 0x72, 0x6d, 0x20, 0x6d, // _proj;.uniform m
	0x61, 0x74, 0x34, 0x20, 0x75, 0x5f, 0x69, 0x6e, 0x76, 0x50, 0x72, 0x6f, 0x6a, 0x3b, 0x0a, 0x75, // at4 u_invProj;.u
	0x6e, 0x69, 0x66, 0x6f, 0x72, 0x6d, 0x20, 0x6d, 0x61, 0x74, 0x34, 0x20, 0x75, 0x5f, 0x76, 0x69, // niform mat4 u_vi
	0x65, 0x77, 0x50, 0x72, 0x6f, 0x6a, 0x3b, 0x0a, 0x75, 0x6e, 0x69, 0x66, 0x6f, 0x72, 0x6d, 0x20, // ewProj;.uniform 
	0x6d, 0x61, 0x74, 0x34, 0x20, 0x75, 0x5f, 0x69, 0x6e, 0x76, 0x56, 0x69, 0x65, 0x77, 0x50, 0x72, // mat4 u_invViewPr
	0x6f, 0x6a, 0x3b, 0x0a, 0x75, 0x6e, 0x69, 0x66, 0x6f, 0x72, 0x6d, 0x20, 0x6d, 0x61, 0x74, 0x34, // oj;.uniform mat4
	0x20, 0x75, 0x5f, 0x6d, 0x6f, 0x64, 0x65, 0x6c, 0x56, 0x69, 0x65, 0x77, 0x3b, 0x0a, 0x75, 0x6e, //  u_modelView;.un
	0x69, 0x66, 0x6f, 0x72, 0x6d, 0x20, 0x6d, 0x61, 0x74, 0x34, 0x20, 0x75, 0x5f, 0x69, 0x6e, 0x76, // iform mat4 u_inv
	0x4d, 0x6f, 0x64, 0x65, 0x6c, 0x56, 0x69, 0x65, 0x77, 0x3b, 0x0a, 0x75, 0x6e, 0x69, 0x66, 0x6f, // ModelView;.unifo
	0x72, 0x6d, 0x20, 0x6d, 0x61, 0x74, 0x34, 0x20, 0x75, 0x5f, 0x6d, 0x6f, 0x64, 0x65, 0x6c, 0x56, // rm mat4 u_modelV
	0x69, 0x65, 0x77, 0x50, 0x72, 0x6f, 0x6a, 0x3b, 0x0a, 0x75, 0x6e, 0x69, 0x66, 0x6f, 0x72, 0x6d, // iewProj;.uniform
	0x20, 0x76, 0x65, 0x63, 0x34, 0x20, 0x75, 0x5f, 0x61, 0x6c, 0x70, 0x68, 0x61, 0x52, 0x65, 0x66, //  vec4 u_alphaRef
	0x34, 0x3b, 0x0a, 0x75, 0x6e, 0x69, 0x66, 0x6f, 0x72, 0x6d, 0x20, 0x6d, 0x61, 0x74, 0x34, 0x20, // 4;.uniform mat4 
	0x75, 0x5f, 0x6d, 0x6f, 0x64, 0x65, 0x6c, 0x5b, 0x31, 0x5d, 0x3b, 0x0a, 0x75, 0x6e, 0x69, 0x66, // u_model[1];.unif
	0x6f, 0x72, 0x6d, 0x20, 0x73, 0x61, 0x6d, 0x70, 0x6c, 0x65, 0x72, 0x32, 0x44, 0x20, 0x73, 0x5f, // orm sampler2D s_
	0x64, 0x69, 0x66, 0x66, 0x75, 0x73, 0x65, 0x54, 0x65, 0x78, 0x74, 0x75, 0x72, 0x65, 0x3b, 0x0a, // diffuseTexture;.
	0x76, 0x6f, 0x69, 0x64, 0x20, 0x6d, 0x61, 0x69, 0x6e, 0x28, 0x29, 0x0a, 0x7b, 0x0a, 0x67, 0x6c, // void main().{.gl
	0x5f, 0x46, 0x72, 0x61, 0x67, 0x43, 0x6f, 0x6c, 0x6f, 0x72, 0x20, 0x3d, 0x20, 0x74, 0x65, 0x78, // _FragColor = tex
	0x74, 0x75, 0x72, 0x65, 0x28, 0x73, 0x5f, 0x64, 0x69, 0x66, 0x66, 0x75, 0x73, 0x65, 0x54, 0x65, // ture(s_diffuseTe
	0x78, 0x74, 0x75, 0x72, 0x65, 0x2c, 0x20, 0x76, 0x5f, 0x74, 0x65, 0x78, 0x63, 0x6f, 0x6f, 0x72, // xture, v_texcoor
	0x64, 0x30, 0x29, 0x20, 0x2a, 0x20, 0x76, 0x5f, 0x63, 0x6f, 0x6c, 0x6f, 0x72, 0x30, 0x3b, 0x0a, // d0) * v_color0;.
	0x7d, 0x0a, 0x00,                                                                               // }..
};

static const uint8_t quad_image_fs_essl[4249] =
{
	0x46, 0x53, 0x48, 0x0b, 0x01, 0x83, 0xf2, 0xe1, 0x00, 0x00, 0x00, 0x00, 0x00, 0x00, 0x86, 0x10, // FSH.............
	0x00, 0x00, 0x23, 0x76, 0x65, 0x72, 0x73, 0x69, 0x6f, 0x6e, 0x20, 0x33, 0x32, 0x30, 0x20, 0x65, // ..#version 320 e
	0x73, 0x0a, 0x23, 0x64, 0x65, 0x66, 0x69, 0x6e, 0x65, 0x20, 0x61, 0x74, 0x74, 0x72, 0x69, 0x62, // s.#define attrib
	0x75, 0x74, 0x65, 0x20, 0x69, 0x6e, 0x0a, 0x23, 0x64, 0x65, 0x66, 0x69, 0x6e, 0x65, 0x20, 0x76, // ute in.#define v
	0x61, 0x72, 0x79, 0x69, 0x6e, 0x67, 0x20, 0x69, 0x6e, 0x0a, 0x70, 0x72, 0x65, 0x63, 0x69, 0x73, // arying in.precis
	0x69, 0x6f, 0x6e, 0x20, 0x68, 0x69, 0x67, 0x68, 0x70, 0x20, 0x66, 0x6c, 0x6f, 0x61, 0x74, 0x3b, // ion highp float;
	0x0a, 0x70, 0x72, 0x65, 0x63, 0x69, 0x73, 0x69, 0x6f, 0x6e, 0x20, 0x68, 0x69, 0x67, 0x68, 0x70, // .precision highp
	0x20, 0x69, 0x6e, 0x74, 0x3b, 0x0a, 0x23, 0x64, 0x65, 0x66, 0x69, 0x6e, 0x65, 0x20, 0x73, 0x68, //  int;.#define sh
	0x61, 0x64, 0x6f, 0x77, 0x32, 0x44, 0x28, 0x5f, 0x73, 0x61, 0x6d, 0x70, 0x6c, 0x65, 0x72, 0x2c, // adow2D(_sampler,
	0x20, 0x5f, 0x63, 0x6f, 0x6f, 0x72, 0x64, 0x29, 0x20, 0x74, 0x65, 0x78, 0x74, 0x75, 0x72, 0x65, //  _coord) texture
	0x28, 0x5f, 0x73, 0x61, 0x6d, 0x70, 0x6c, 0x65, 0x72, 0x2c, 0x20, 0x5f, 0x63, 0x6f, 0x6f, 0x72, // (_sampler, _coor
	0x64, 0x29, 0x0a, 0x23, 0x64, 0x65, 0x66, 0x69, 0x6e, 0x65, 0x20, 0x73, 0x68, 0x61, 0x64, 0x6f, // d).#define shado
	0x77, 0x32, 0x44, 0x50, 0x72, 0x6f, 0x6a, 0x28, 0x5f, 0x73, 0x61, 0x6d, 0x70, 0x6c, 0x65, 0x72, // w2DProj(_sampler
	0x2c, 0x20, 0x5f, 0x63, 0x6f, 0x6f, 0x72, 0x64, 0x29, 0x20, 0x74, 0x65, 0x78, 0x74, 0x75, 0x72, // , _coord) textur
	0x65, 0x50, 0x72, 0x6f, 0x6a, 0x28, 0x5f, 0x73, 0x61, 0x6d, 0x70, 0x6c, 0x65, 0x72, 0x2c, 0x20, // eProj(_sampler, 
	0x5f, 0x63, 0x6f, 0x6f, 0x72, 0x64, 0x29, 0x0a, 0x6f, 0x75, 0x74, 0x20, 0x6d, 0x65, 0x64, 0x69, // _coord).out medi
	0x75, 0x6d, 0x70, 0x20, 0x76, 0x65, 0x63, 0x34, 0x20, 0x62, 0x67, 0x66, 0x78, 0x5f, 0x46, 0x72, // ump vec4 bgfx_Fr
	0x61, 0x67, 0x43, 0x6f, 0x6c, 0x6f, 0x72, 0x3b, 0x0a, 0x76, 0x61, 0x72, 0x79, 0x69, 0x6e, 0x67, // agColor;.varying
	0x20, 0x76, 0x65, 0x63, 0x34, 0x20, 0x76, 0x5f, 0x63, 0x6f, 0x6c, 0x6f, 0x72, 0x30, 0x3b, 0x0a, //  vec4 v_color0;.
	0x76, 0x61, 0x72, 0x79, 0x69, 0x6e, 0x67, 0x20, 0x76, 0x65, 0x63, 0x32, 0x20, 0x76, 0x5f, 0x74, // varying vec2 v_t
	0x65, 0x78, 0x63, 0x6f, 0x6f, 0x72, 0x64, 0x30, 0x3b, 0x0a, 0x66, 0x6c, 0x6f, 0x61, 0x74, 0x20, // excoord0;.float 
	0x72, 0x63, 0x70, 0x28, 0x66, 0x6c, 0x6f, 0x61, 0x74, 0x20, 0x5f, 0x61, 0x29, 0x20, 0x7b, 0x20, // rcp(float _a) { 
	0x72, 0x65, 0x74, 0x75, 0x72, 0x6e, 0x20, 0x31, 0x2e, 0x30, 0x2f, 0x5f, 0x61, 0x3b, 0x20, 0x7d, // return 1.0/_a; }
	0x0a, 0x76, 0x65, 0x63, 0x32, 0x20, 0x72, 0x63, 0x70, 0x28, 0x76, 0x65, 0x63, 0x32, 0x20, 0x5f, // .vec2 rcp(vec2 _
	0x61, 0x29, 0x20, 0x7b, 0x20, 0x72, 0x65, 0x74, 0x75, 0x72, 0x6e, 0x20, 0x76, 0x65, 0x63, 0x32, // a) { return vec2
	0x28, 0x31, 0x2e, 0x30, 0x29, 0x2f, 0x5f, 0x61, 0x3b, 0x20, 0x7d, 0x0a, 0x76, 0x65, 0x63, 0x33, // (1.0)/_a; }.vec3
	0x20, 0x72, 0x63, 0x70, 0x28, 0x76, 0x65, 0x63, 0x33, 0x20, 0x5f, 0x61, 0x29, 0x20, 0x7b, 0x20, //  rcp(vec3 _a) { 
	0x72, 0x65, 0x74, 0x75, 0x72, 0x6e, 0x20, 0x76, 0x65, 0x63, 0x33, 0x28, 0x31, 0x2e, 0x30, 0x29, // return vec3(1.0)
	0x2f, 0x5f, 0x61, 0x3b, 0x20, 0x7d, 0x0a, 0x76, 0x65, 0x63, 0x34, 0x20, 0x72, 0x63, 0x70, 0x28, // /_a; }.vec4 rcp(
	0x76, 0x65, 0x63, 0x34, 0x20, 0x5f, 0x61, 0x29, 0x20, 0x7b, 0x20, 0x72, 0x65, 0x74, 0x75, 0x72, // vec4 _a) { retur
	0x6e, 0x20, 0x76, 0x65, 0x63, 0x34, 0x28, 0x31, 0x2e, 0x30, 0x29, 0x2f, 0x5f, 0x61, 0x3b, 0x20, // n vec4(1.0)/_a; 
	0x7d, 0x0a, 0x76, 0x65, 0x63, 0x32, 0x20, 0x76, 0x65, 0x63, 0x32, 0x5f, 0x73, 0x70, 0x6c, 0x61, // }.vec2 vec2_spla
	0x74, 0x28, 0x66, 0x6c, 0x6f, 0x61, 0x74, 0x20, 0x5f, 0x78, 0x29, 0x20, 0x7b, 0x20, 0x72, 0x65, // t(float _x) { re
	0x74, 0x75, 0x72, 0x6e, 0x20, 0x76, 0x65, 0x63, 0x32, 0x28, 0x5f, 0x78, 0x2c, 0x20, 0x5f, 0x78, // turn vec2(_x, _x
	0x29, 0x3b, 0x20, 0x7d, 0x0a, 0x76, 0x65, 0x63, 0x33, 0x20, 0x76, 0x65, 0x63, 0x33, 0x5f, 0x73, // ); }.vec3 vec3_s
	0x70, 0x6c, 0x61, 0x74, 0x28, 0x66, 0x6c, 0x6f, 0x61, 0x74, 0x20, 0x5f, 0x78, 0x29, 0x20, 0x7b, // plat(float _x) {
	0x20, 0x72, 0x65, 0x74, 0x75, 0x72, 0x6e, 0x20, 0x76, 0x65, 0x63, 0x33, 0x28, 0x5f, 0x78, 0x2c, //  return vec3(_x,
	0x20, 0x5f, 0x78, 0x2c, 0x20, 0x5f, 0x78, 0x29, 0x3b, 0x20, 0x7d, 0x0a, 0x76, 0x65, 0x63, 0x34, //  _x, _x); }.vec4
	0x20, 0x76, 0x65, 0x63, 0x34, 0x5f, 0x73, 0x70, 0x6c, 0x61, 0x74, 0x28, 0x66, 0x6c, 0x6f, 0x61, //  vec4_splat(floa
	0x74, 0x20, 0x5f, 0x78, 0x29, 0x20, 0x7b, 0x20, 0x72, 0x65, 0x74, 0x75, 0x72, 0x6e, 0x20, 0x76, // t _x) { return v
	0x65, 0x63, 0x34, 0x28, 0x5f, 0x78, 0x2c, 0x20, 0x5f, 0x78, 0x2c, 0x20, 0x5f, 0x78, 0x2c, 0x20, // ec4(_x, _x, _x, 
	0x5f, 0x78, 0x29, 0x3b, 0x20, 0x7d, 0x0a, 0x75, 0x76, 0x65, 0x63, 0x32, 0x20, 0x75, 0x76, 0x65, // _x); }.uvec2 uve
	0x63, 0x32, 0x5f, 0x73, 0x70, 0x6c, 0x61, 0x74, 0x28, 0x75, 0x69, 0x6e, 0x74, 0x20, 0x5f, 0x78, // c2_splat(uint _x
	0x29, 0x20, 0x7b, 0x20, 0x72, 0x65, 0x74, 0x75, 0x72, 0x6e, 0x20, 0x75, 0x76, 0x65, 0x63, 0x32, // ) { return uvec2
	0x28, 0x5f, 0x78, 0x2c, 0x20, 0x5f, 0x78, 0x29, 0x3b, 0x20, 0x7d, 0x0a, 0x75, 0x76, 0x65, 0x63, // (_x, _x); }.uvec
	0x33, 0x20, 0x75, 0x76, 0x65, 0x63, 0x33, 0x5f, 0x73, 0x70, 0x6c, 0x61, 0x74, 0x28, 0x75, 0x69, // 3 uvec3_splat(ui
	0x6e, 0x74, 0x20, 0x5f, 0x78, 0x29, 0x20, 0x7b, 0x20, 0x72, 0x65, 0x74, 0x75, 0x72, 0x6e, 0x20, // nt _x) { return 
	0x75, 0x76, 0x65, 0x63, 0x33, 0x28, 0x5f, 0x78, 0x2c, 0x20, 0x5f, 0x78, 0x2c, 0x20, 0x5f, 0x78, // uvec3(_x, _x, _x
	0x29, 0x3b, 0x20, 0x7d, 0x0a, 0x75, 0x76, 0x65, 0x63, 0x34, 0x20, 0x75, 0x76, 0x65, 0x63, 0x34, // ); }.uvec4 uvec4
	0x5f, 0x73, 0x70, 0x6c, 0x61, 0x74, 0x28, 0x75, 0x69, 0x6e, 0x74, 0x20, 0x5f, 0x78, 0x29, 0x20, // _splat(uint _x) 
	0x7b, 0x20, 0x72, 0x65, 0x74, 0x75, 0x72, 0x6e, 0x20, 0x75, 0x76, 0x65, 0x63, 0x34, 0x28, 0x5f, // { return uvec4(_
	0x78, 0x2c, 0x20, 0x5f, 0x78, 0x2c, 0x20, 0x5f, 0x78, 0x2c, 0x20, 0x5f, 0x78, 0x29, 0x3b, 0x20, // x, _x, _x, _x); 
	0x7d, 0x0a, 0x6d, 0x61, 0x74, 0x34, 0x20, 0x6d, 0x74, 0x78, 0x46, 0x72, 0x6f, 0x6d, 0x52, 0x6f, // }.mat4 mtxFromRo
	0x77, 0x73, 0x28, 0x76, 0x65, 0x63, 0x34, 0x20, 0x5f, 0x30, 0x2c, 0x20, 0x76, 0x65, 0x63, 0x34, // ws(vec4 _0, vec4
	0x20, 0x5f, 0x31, 0x2c, 0x20, 0x76, 0x65, 0x63, 0x34, 0x20, 0x5f, 0x32, 0x2c, 0x20, 0x76, 0x65, //  _1, vec4 _2, ve
	0x63, 0x34, 0x20, 0x5f, 0x33, 0x29, 0x0a, 0x7b, 0x0a, 0x72, 0x65, 0x74, 0x75, 0x72, 0x6e, 0x20, // c4 _3).{.return 
	0x74, 0x72, 0x61, 0x6e, 0x73, 0x70, 0x6f, 0x73, 0x65, 0x28, 0x6d, 0x61, 0x74, 0x34, 0x28, 0x5f, // transpose(mat4(_
	0x30, 0x2c, 0x20, 0x5f, 0x31, 0x2c, 0x20, 0x5f, 0x32, 0x2c, 0x20, 0x5f, 0x33, 0x29, 0x20, 0x29, // 0, _1, _2, _3) )
	0x3b, 0x0a, 0x7d, 0x0a, 0x6d, 0x61, 0x74, 0x34, 0x20, 0x6d, 0x74, 0x78, 0x46, 0x72, 0x6f, 0x6d, // ;.}.mat4 mtxFrom
	0x43, 0x6f, 0x6c, 0x73, 0x28, 0x76, 0x65, 0x63, 0x34, 0x20, 0x5f, 0x30, 0x2c, 0x20, 0x76, 0x65, // Cols(vec4 _0, ve
	0x63, 0x34, 0x20, 0x5f, 0x31, 0x2c, 0x20, 0x76, 0x65, 0x63, 0x34, 0x20, 0x5f, 0x32, 0x2c, 0x20, // c4 _1, vec4 _2, 
	0x76, 0x65, 0x63, 0x34, 0x20, 0x5f, 0x33, 0x29, 0x0a, 0x7b, 0x0a, 0x72, 0x65, 0x74, 0x75, 0x72, // vec4 _3).{.retur
	0x6e, 0x20, 0x6d, 0x61, 0x74, 0x34, 0x28, 0x5f, 0x30, 0x2c, 0x20, 0x5f, 0x31, 0x2c, 0x20, 0x5f, // n mat4(_0, _1, _
	0x32, 0x2c, 0x20, 0x5f, 0x33, 0x29, 0x3b, 0x0a, 0x7d, 0x0a, 0x6d, 0x61, 0x74, 0x33, 0x20, 0x6d, // 2, _3);.}.mat3 m
	0x74, 0x78, 0x46, 0x72, 0x6f, 0x6d, 0x52, 0x6f, 0x77, 0x73, 0x28, 0x76, 0x65, 0x63, 0x33, 0x20, // txFromRows(vec3 
	0x5f, 0x30, 0x2c, 0x20, 0x76, 0x65, 0x63, 0x33, 0x20, 0x5f, 0x31, 0x2c, 0x20, 0x76, 0x65, 0x63, // _0, vec3 _1, vec
	0x33, 0x20, 0x5f, 0x32, 0x29, 0x0a, 0x7b, 0x0a, 0x72, 0x65, 0x74, 0x75, 0x72, 0x6e, 0x20, 0x74, // 3 _2).{.return t
	0x72, 0x61, 0x6e, 0x73, 0x70, 0x6f, 0x73, 0x65, 0x28, 0x6d, 0x61, 0x74, 0x33, 0x28, 0x5f, 0x30, // ranspose(mat3(_0
	0x2c, 0x20, 0x5f, 0x31, 0x2c, 0x20, 0x5f, 0x32, 0x29, 0x20, 0x29, 0x3b, 0x0a, 0x7d, 0x0a, 0x6d, // , _1, _2) );.}.m
	0x61, 0x74, 0x33, 0x20, 0x6d, 0x74, 0x78, 0x46, 0x72, 0x6f, 0x6d, 0x43, 0x6f, 0x6c, 0x73, 0x28, // at3 mtxFromCols(
	0x76, 0x65, 0x63, 0x33, 0x20, 0x5f, 0x30, 0x2c, 0x20, 0x76, 0x65, 0x63, 0x33, 0x20, 0x5f, 0x31, // vec3 _0, vec3 _1
	0x2c, 0x20, 0x76, 0x65, 0x63, 0x33, 0x20, 0x5f, 0x32, 0x29, 0x0a, 0x7b, 0x0a, 0x72, 0x65, 0x74, // , vec3 _2).{.ret
	0x75, 0x72, 0x6e, 0x20, 0x6d, 0x61, 0x74, 0x33, 0x28, 0x5f, 0x30, 0x2c, 0x20, 0x5f, 0x31, 0x2c, // urn mat3(_0, _1,
	0x20, 0x5f, 0x32, 0x29, 0x3b, 0x0a, 0x7d, 0x0a, 0x76, 0x65, 0x63, 0x33, 0x20, 0x6d, 0x74, 0x78, //  _2);.}.vec3 mtx
	0x47, 0x65, 0x74, 0x52, 0x6f, 0x77, 0x28, 0x6d, 0x61, 0x74, 0x33, 0x20, 0x5f, 0x6d, 0x74, 0x78, // GetRow(mat3 _mtx
	0x2c, 0x20, 0x69, 0x6e, 0x74, 0x20, 0x5f, 0x72, 0x6f, 0x77, 0x29, 0x0a, 0x7b, 0x0a, 0x72, 0x65, // , int _row).{.re
	0x74, 0x75, 0x72, 0x6e, 0x20, 0x76, 0x65, 0x63, 0x33, 0x28, 0x5f, 0x6d, 0x74, 0x78, 0x5b, 0x30, // turn vec3(_mtx[0
	0x5d, 0x5b, 0x5f, 0x72, 0x6f, 0x77, 0x5d, 0x2c, 0x20, 0x5f, 0x6d, 0x74, 0x78, 0x5b, 0x31, 0x5d, // ][_row], _mtx[1]
	0x5b, 0x5f, 0x72, 0x6f, 0x77, 0x5d, 0x2c, 0x20, 0x5f, 0x6d, 0x74, 0x78, 0x5b, 0x32, 0x5d, 0x5b, // [_row], _mtx[2][
	0x5f, 0x72, 0x6f, 0x77, 0x5d, 0x29, 0x3b, 0x0a, 0x7d, 0x0a, 0x76, 0x65, 0x63, 0x33, 0x20, 0x6d, // _row]);.}.vec3 m
	0x74, 0x78, 0x47, 0x65, 0x74, 0x43, 0x6f, 0x6c, 0x75, 0x6d, 0x6e, 0x28, 0x6d, 0x61, 0x74, 0x33, // txGetColumn(mat3
	0x20, 0x5f, 0x6d, 0x74, 0x78, 0x2c, 0x20, 0x69, 0x6e, 0x74, 0x20, 0x5f, 0x63, 0x6f, 0x6c, 0x75, //  _mtx, int _colu
	0x6d, 0x6e, 0x29, 0x0a, 0x7b, 0x0a, 0x72, 0x65, 0x74, 0x75, 0x72, 0x6e, 0x20, 0x76, 0x65, 0x63, // mn).{.return vec
	0x33, 0x28, 0x5f, 0x6d, 0x74, 0x78, 0x5b, 0x5f, 0x63, 0x6f, 0x6c, 0x75, 0x6d, 0x6e, 0x5d, 0x29, // 3(_mtx[_column])
	0x3b, 0x0a, 0x7d, 0x0a, 0x76, 0x65, 0x63, 0x34, 0x20, 0x6d, 0x74, 0x78, 0x47, 0x65, 0x74, 0x52, // ;.}.vec4 mtxGetR
	0x6f, 0x77, 0x28, 0x6d, 0x61, 0x74, 0x34, 0x20, 0x5f, 0x6d, 0x74, 0x78, 0x2c, 0x20, 0x69, 0x6e, // ow(mat4 _mtx, in
	0x74, 0x20, 0x5f, 0x72, 0x6f, 0x77, 0x29, 0x0a, 0x7b, 0x0a, 0x72, 0x65, 0x74, 0x75, 0x72, 0x6e, // t _row).{.return
	0x20, 0x76, 0x65, 0x63, 0x34, 0x28, 0x5f, 0x6d, 0x74, 0x78, 0x5b, 0x30, 0x5d, 0x5b, 0x5f, 0x72, //  vec4(_mtx[0][_r
	0x6f, 0x77, 0x5d, 0x2c, 0x20, 0x5f, 0x6d, 0x74, 0x78, 0x5b, 0x31, 0x5d, 0x5b, 0x5f, 0x72, 0x6f, // ow], _mtx[1][_ro
	0x77, 0x5d, 0x2c, 0x20, 0x5f, 0x6d, 0x74, 0x78, 0x5b, 0x32, 0x5d, 0x5b, 0x5f, 0x72, 0x6f, 0x77, // w], _mtx[2][_row
	0x5d, 0x2c, 0x20, 0x5f, 0x6d, 0x74, 0x78, 0x5b, 0x33, 0x5d, 0x5b, 0x5f, 0x72, 0x6f, 0x77, 0x5d, // ], _mtx[3][_row]
	0x29, 0x3b, 0x0a, 0x7d, 0x0a, 0x76, 0x65, 0x63, 0x34, 0x20, 0x6d, 0x74, 0x78, 0x47, 0x65, 0x74, // );.}.vec4 mtxGet
	0x43, 0x6f, 0x6c, 0x75, 0x6d, 0x6e, 0x28, 0x6d, 0x61, 0x74, 0x34, 0x20, 0x5f, 0x6d, 0x74, 0x78, // Column(mat4 _mtx
	0x2c, 0x20, 0x69, 0x6e, 0x74, 0x20, 0x5f, 0x63, 0x6f, 0x6c, 0x75, 0x6d, 0x6e, 0x29, 0x0a, 0x7b, // , int _column).{
	0x0a, 0x72, 0x65, 0x74, 0x75, 0x72, 0x6e, 0x20, 0x76, 0x65, 0x63, 0x34, 0x28, 0x5f, 0x6d, 0x74, // .return vec4(_mt
	0x78, 0x5b, 0x5f, 0x63, 0x6f, 0x6c, 0x75, 0x6d, 0x6e, 0x5d, 0x29, 0x3b, 0x0a, 0x7d, 0x0a, 0x66, // x[_column]);.}.f
	0x6c, 0x6f, 0x61, 0x74, 0x20, 0x6d, 0x74, 0x78, 0x47, 0x65, 0x74, 0x45, 0x6c, 0x65, 0x6d, 0x65, // loat mtxGetEleme
	0x6e, 0x74, 0x28, 0x6d, 0x61, 0x74, 0x33, 0x20, 0x5f, 0x6d, 0x74, 0x78, 0x2c, 0x20, 0x69, 0x6e, // nt(mat3 _mtx, in
	0x74, 0x20, 0x5f, 0x63, 0x6f, 0x6c, 0x75, 0x6d, 0x6e, 0x2c, 0x20, 0x69, 0x6e, 0x74, 0x20, 0x5f, // t _column, int _
	0x72, 0x6f, 0x77, 0x29, 0x0a, 0x7b, 0x0a, 0x72, 0x65, 0x74, 0x75, 0x72, 0x6e, 0x20, 0x5f, 0x6d, // row).{.return _m
	0x74, 0x78, 0x5b, 0x5f, 0x63, 0x6f, 0x6c, 0x75, 0x6d, 0x6e, 0x5d, 0x5b, 0x5f, 0x72, 0x6f, 0x77, // tx[_column][_row
	0x5d, 0x3b, 0x0a, 0x7d, 0x0a, 0x66, 0x6c, 0x6f, 0x61, 0x74, 0x20, 0x6d, 0x74, 0x78, 0x47, 0x65, // ];.}.float mtxGe
	0x74, 0x45, 0x6c, 0x65, 0x6d, 0x65, 0x6e, 0x74, 0x28, 0x6d, 0x61, 0x74, 0x34, 0x20, 0x5f, 0x6d, // tElement(mat4 _m
	0x74, 0x78, 0x2c, 0x20, 0x69, 0x6e, 0x74, 0x20, 0x5f, 0x63, 0x6f, 0x6c, 0x75, 0x6d, 0x6e, 0x2c, // tx, int _column,
	0x20, 0x69, 0x6e, 0x74, 0x20, 0x5f, 0x72, 0x6f, 0x77, 0x29, 0x0a, 0x7b, 0x0a, 0x72, 0x65, 0x74, //  int _row).{.ret
	0x75, 0x72, 0x6e, 0x20, 0x5f, 0x6d, 0x74, 0x78, 0x5b, 0x5f, 0x63, 0x6f, 0x6c, 0x75, 0x6d, 0x6e, // urn _mtx[_column
	0x5d, 0x5b, 0x5f, 0x72, 0x6f, 0x77, 0x5d, 0x3b, 0x0a, 0x7d, 0x0a, 0x66, 0x6c, 0x6f, 0x61, 0x74, // ][_row];.}.float
	0x20, 0x73, 0x65, 0x6c, 0x65, 0x63, 0x74, 0x28, 0x62, 0x6f, 0x6f, 0x6c, 0x20, 0x5f, 0x63, 0x6f, //  select(bool _co
	0x6e, 0x64, 0x2c, 0x20, 0x66, 0x6c, 0x6f, 0x61, 0x74, 0x20, 0x5f, 0x74, 0x72, 0x75, 0x65, 0x2c, // nd, float _true,
	0x20, 0x66, 0x6c, 0x6f, 0x61, 0x74, 0x20, 0x5f, 0x66, 0x61, 0x6c, 0x73, 0x65, 0x29, 0x20, 0x7b, //  float _false) {
	0x20, 0x72, 0x65, 0x74, 0x75, 0x72, 0x6e, 0x20, 0x5f, 0x63, 0x6f, 0x6e, 0x64, 0x20, 0x3f, 0x20, //  return _cond ? 
	0x5f, 0x74, 0x72, 0x75, 0x65, 0x20, 0x3a, 0x20, 0x5f, 0x66, 0x61, 0x6c, 0x73, 0x65, 0x3b, 0x20, // _true : _false; 
	0x7d, 0x0a, 0x76, 0x65, 0x63, 0x32, 0x20, 0x73, 0x65, 0x6c, 0x65, 0x63, 0x74, 0x28, 0x62, 0x6f, // }.vec2 select(bo
	0x6f, 0x6c, 0x20, 0x5f, 0x63, 0x6f, 0x6e, 0x64, 0x2c, 0x20, 0x76, 0x65, 0x63, 0x32, 0x20, 0x5f, // ol _cond, vec2 _
	0x74, 0x72, 0x75, 0x65, 0x2c, 0x20, 0x76, 0x65, 0x63, 0x32, 0x20, 0x5f, 0x66, 0x61, 0x6c, 0x73, // true, vec2 _fals
	0x65, 0x29, 0x20, 0x7b, 0x20, 0x72, 0x65, 0x74, 0x75, 0x72, 0x6e, 0x20, 0x5f, 0x63, 0x6f, 0x6e, // e) { return _con
	0x64, 0x20, 0x3f, 0x20, 0x5f, 0x74, 0x72, 0x75, 0x65, 0x20, 0x3a, 0x20, 0x5f, 0x66, 0x61, 0x6c, // d ? _true : _fal
	0x73, 0x65, 0x3b, 0x20, 0x7d, 0x0a, 0x76, 0x65, 0x63, 0x33, 0x20, 0x73, 0x65, 0x6c, 0x65, 0x63, // se; }.vec3 selec
	0x74, 0x28, 0x62, 0x6f, 0x6f, 0x6c, 0x20, 0x5f, 0x63, 0x6f, 0x6e, 0x64, 0x2c, 0x20, 0x76, 0x65, // t(bool _cond, ve
	0x63, 0x33, 0x20, 0x5f, 0x74, 0x72, 0x75, 0x65, 0x2c, 0x20, 0x76, 0x65, 0x63, 0x33, 0x20, 0x5f, // c3 _true, vec3 _
	0x66, 0x61, 0x6c, 0x73, 0x65, 0x29, 0x20, 0x7b, 0x20, 0x72, 0x65, 0x74, 0x75, 0x72, 0x6e, 0x20, // false) { return 
	0x5f, 0x63, 0x6f, 0x6e, 0x64, 0x20, 0x3f, 0x20, 0x5f, 0x74, 0x72, 0x75, 0x65, 0x20, 0x3a, 0x20, // _cond ? _true : 
	0x5f, 0x66, 0x61, 0x6c, 0x73, 0x65, 0x3b, 0x20, 0x7d, 0x0a, 0x76, 0x65, 0x63, 0x34, 0x20, 0x73, // _false; }.vec4 s
	0x65, 0x6c, 0x65, 0x63, 0x74, 0x28, 0x62, 0x6f, 0x6f, 0x6c, 0x20, 0x5f, 0x63, 0x6f, 0x6e, 0x64, // elect(bool _cond
	0x2c, 0x20, 0x76, 0x65, 0x63, 0x34, 0x20, 0x5f, 0x74, 0x72, 0x75, 0x65, 0x2c, 0x20, 0x76, 0x65, // , vec4 _true, ve
	0x63, 0x34, 0x20, 0x5f, 0x66, 0x61, 0x6c, 0x73, 0x65, 0x29, 0x20, 0x7b, 0x20, 0x72, 0x65, 0x74, // c4 _false) { ret
	0x75, 0x72, 0x6e, 0x20, 0x5f, 0x63, 0x6f, 0x6e, 0x64, 0x20, 0x3f, 0x20, 0x5f, 0x74, 0x72, 0x75, // urn _cond ? _tru
	0x65, 0x20, 0x3a, 0x20, 0x5f, 0x66, 0x61, 0x6c, 0x73, 0x65, 0x3b, 0x20, 0x7d, 0x0a, 0x76, 0x65, // e : _false; }.ve
	0x63, 0x32, 0x20, 0x73, 0x65, 0x6c, 0x65, 0x63, 0x74, 0x28, 0x62, 0x76, 0x65, 0x63, 0x32, 0x20, // c2 select(bvec2 
	0x5f, 0x63, 0x6f, 0x6e, 0x64, 0x2c, 0x20, 0x76, 0x65, 0x63, 0x32, 0x20, 0x5f, 0x74, 0x72, 0x75, // _cond, vec2 _tru
	0x65, 0x2c, 0x20, 0x76, 0x65, 0x63, 0x32, 0x20, 0x5f, 0x66, 0x61, 0x6c, 0x73, 0x65, 0x29, 0x20, // e, vec2 _false) 
	0x7b, 0x20, 0x72, 0x65, 0x74, 0x75, 0x72, 0x6e, 0x20, 0x28, 0x76, 0x65, 0x63, 0x32, 0x28, 0x5f, // { return (vec2(_
	0x63, 0x6f, 0x6e, 0x64, 0x29, 0x20, 0x2a, 0x20, 0x5f, 0x74, 0x72, 0x75, 0x65, 0x29, 0x20, 0x2b, // cond) * _true) +
	0x20, 0x28, 0x76, 0x65, 0x63, 0x32, 0x28, 0x6e, 0x6f, 0x74, 0x28, 0x5f, 0x63, 0x6f, 0x6e, 0x64, //  (vec2(not(_cond
	0x29, 0x20, 0x29, 0x20, 0x2a, 0x20, 0x5f, 0x66, 0x61, 0x6c, 0x73, 0x65, 0x29, 0x3b, 0x20, 0x7d, // ) ) * _false); }
	0x0a, 0x76, 0x65, 0x63, 0x33, 0x20, 0x73, 0x65, 0x6c, 0x65, 0x63, 0x74, 0x28, 0x62, 0x76, 0x65, // .vec3 select(bve
	0x63, 0x33, 0x20, 0x5f, 0x63, 0x6f, 0x6e, 0x64, 0x2c, 0x20, 0x76, 0x65, 0x63, 0x33, 0x20, 0x5f, // c3 _cond, vec3 _
	0x74, 0x72, 0x75, 0x65, 0x2c, 0x20, 0x76, 0x65, 0x63, 0x33, 0x20, 0x5f, 0x66, 0x61, 0x6c, 0x73, // true, vec3 _fals
	0x65, 0x29, 0x20, 0x7b, 0x20, 0x72, 0x65, 0x74, 0x75, 0x72, 0x6e, 0x20, 0x28, 0x76, 0x65, 0x63, // e) { return (vec
	0x33, 0x28, 0x5f, 0x63, 0x6f, 0x6e, 0x64, 0x29, 0x20, 0x2a, 0x20, 0x5f, 0x74, 0x72, 0x75, 0x65, // 3(_cond) * _true
	0x29, 0x20, 0x2b, 0x20, 0x28, 0x76, 0x65, 0x63, 0x33, 0x28, 0x6e, 0x6f, 0x74, 0x28, 0x5f, 0x63, // ) + (vec3(not(_c
	0x6f, 0x6e, 0x64, 0x29, 0x20, 0x29, 0x20, 0x2a, 0x20, 0x5f, 0x66, 0x61, 0x6c, 0x73, 0x65, 0x29, // ond) ) * _false)
	0x3b, 0x20, 0x7d, 0x0a, 0x76, 0x65, 0x63, 0x34, 0x20, 0x73, 0x65, 0x6c, 0x65, 0x63, 0x74, 0x28, // ; }.vec4 select(
	0x62, 0x76, 0x65, 0x63, 0x34, 0x20, 0x5f, 0x63, 0x6f, 0x6e, 0x64, 0x2c, 0x20, 0x76, 0x65, 0x63, // bvec4 _cond, vec
	0x34, 0x20, 0x5f, 0x74, 0x72, 0x75, 0x65, 0x2c, 0x20, 0x76, 0x65, 0x63, 0x34, 0x20, 0x5f, 0x66, // 4 _true, vec4 _f
	0x61, 0x6c, 0x73, 0x65, 0x29, 0x20, 0x7b, 0x20, 0x72, 0x65, 0x74, 0x75, 0x72, 0x6e, 0x20, 0x28, // alse) { return (
	0x76, 0x65, 0x63, 0x34, 0x28, 0x5f, 0x63, 0x6f, 0x6e, 0x64, 0x29, 0x20, 0x2a, 0x20, 0x5f, 0x74, // vec4(_cond) * _t
	0x72, 0x75, 0x65, 0x29, 0x20, 0x2b, 0x20, 0x28, 0x76, 0x65, 0x63, 0x34, 0x28, 0x6e, 0x6f, 0x74, // rue) + (vec4(not
	0x28, 0x5f, 0x63, 0x6f, 0x6e, 0x64, 0x29, 0x20, 0x29, 0x20, 0x2a, 0x20, 0x5f, 0x66, 0x61, 0x6c, // (_cond) ) * _fal
	0x73, 0x65, 0x29, 0x3b, 0x20, 0x7d, 0x0a, 0x69, 0x6e, 0x74, 0x20, 0x73, 0x65, 0x6c, 0x65, 0x63, // se); }.int selec
	0x74, 0x28, 0x62, 0x6f, 0x6f, 0x6c, 0x20, 0x5f, 0x63, 0x6f, 0x6e, 0x64, 0x2c, 0x20, 0x69, 0x6e, // t(bool _cond, in
	0x74, 0x20, 0x5f, 0x74, 0x72, 0x75, 0x65, 0x2c, 0x20, 0x69, 0x6e, 0x74, 0x20, 0x5f, 0x66, 0x61, // t _true, int _fa
	0x6c, 0x73, 0x65, 0x29, 0x20, 0x7b, 0x20, 0x72, 0x65, 0x74, 0x75, 0x72, 0x6e, 0x20, 0x5f, 0x63, // lse) { return _c
	0x6f, 0x6e, 0x64, 0x20, 0x3f, 0x20, 0x5f, 0x74, 0x72, 0x75, 0x65, 0x20, 0x3a, 0x20, 0x5f, 0x66, // ond ? _true : _f
	0x61, 0x6c, 0x73, 0x65, 0x3b, 0x20, 0x7d, 0x0a, 0x69, 0x76, 0x65, 0x63, 0x32, 0x20, 0x73, 0x65, // alse; }.ivec2 se
	0x6c, 0x65, 0x63, 0x74, 0x28, 0x62, 0x6f, 0x6f, 0x6c, 0x20, 0x5f, 0x63, 0x6f, 0x6e, 0x64, 0x2c, // lect(bool _cond,
	0x20, 0x69, 0x76, 0x65, 0x63, 0x32, 0x20, 0x5f, 0x74, 0x72, 0x75, 0x65, 0x2c, 0x20, 0x69, 0x76, //  ivec2 _true, iv
	0x65, 0x63, 0x32, 0x20, 0x5f, 0x66, 0x61, 0x6c, 0x73, 0x65, 0x29, 0x20, 0x7b, 0x20, 0x72, 0x65, // ec2 _false) { re
	0x74, 0x75, 0x72, 0x6e, 0x20, 0x5f, 0x63, 0x6f, 0x6e, 0x64, 0x20, 0x3f, 0x20, 0x5f, 0x74, 0x72, // turn _cond ? _tr
	0x75, 0x65, 0x20, 0x3a, 0x20, 0x5f, 0x66, 0x61, 0x6c, 0x73, 0x65, 0x3b, 0x20, 0x7d, 0x0a, 0x69, // ue : _false; }.i
	0x76, 0x65, 0x63, 0x33, 0x20, 0x73, 0x65, 0x6c, 0x65, 0x63, 0x74, 0x28, 0x62, 0x6f, 0x6f, 0x6c, // vec3 select(bool
	0x20, 0x5f, 0x63, 0x6f, 0x6e, 0x64, 0x2c, 0x20, 0x69, 0x76, 0x65, 0x63, 0x33, 0x20, 0x5f, 0x74, //  _cond, ivec3 _t
	0x72, 0x75, 0x65, 0x2c, 0x20, 0x69, 0x76, 0x65, 0x63, 0x33, 0x20, 0x5f, 0x66, 0x61, 0x6c, 0x73, // rue, ivec3 _fals
	0x65, 0x29, 0x20, 0x7b, 0x20, 0x72, 0x65, 0x74, 0x75, 0x72, 0x6e, 0x20, 0x5f, 0x63, 0x6f, 0x6e, // e) { return _con
	0x64, 0x20, 0x3f, 0x20, 0x5f, 0x74, 0x72, 0x75, 0x65, 0x20, 0x3a, 0x20, 0x5f, 0x66, 0x61, 0x6c, // d ? _true : _fal
	0x73, 0x65, 0x3b, 0x20, 0x7d, 0x0a, 0x69, 0x76, 0x65, 0x63, 0x34, 0x20, 0x73, 0x65, 0x6c, 0x65, // se; }.ivec4 sele
	0x63, 0x74, 0x28, 0x62, 0x6f, 0x6f, 0x6c, 0x20, 0x5f, 0x63, 0x6f, 0x6e, 0x64, 0x2c, 0x20, 0x69, // ct(bool _cond, i
	0x76, 0x65, 0x63, 0x34, 0x20, 0x5f, 0x74, 0x72, 0x75, 0x65, 0x2c, 0x20, 0x69, 0x76, 0x65, 0x63, // vec4 _true, ivec
	0x34, 0x20, 0x5f, 0x66, 0x61, 0x6c, 0x73, 0x65, 0x29, 0x20, 0x7b, 0x20, 0x72, 0x65, 0x74, 0x75, // 4 _false) { retu
	0x72, 0x6e, 0x20, 0x5f, 0x63, 0x6f, 0x6e, 0x64, 0x20, 0x3f, 0x20, 0x5f, 0x74, 0x72, 0x75, 0x65, // rn _cond ? _true
	0x20, 0x3a, 0x20, 0x5f, 0x66, 0x61, 0x6c, 0x73, 0x65, 0x3b, 0x20, 0x7d, 0x0a, 0x69, 0x76, 0x65, //  : _false; }.ive
	0x63, 0x32, 0x20, 0x73, 0x65, 0x6c, 0x65, 0x63, 0x74, 0x28, 0x62, 0x76, 0x65, 0x63, 0x32, 0x20, // c2 select(bvec2 
	0x5f, 0x63, 0x6f, 0x6e, 0x64, 0x2c, 0x20, 0x69, 0x76, 0x65, 0x63, 0x32, 0x20, 0x5f, 0x74, 0x72, // _cond, ivec2 _tr
	0x75, 0x65, 0x2c, 0x20, 0x69, 0x76, 0x65, 0x63, 0x32, 0x20, 0x5f, 0x66, 0x61, 0x6c, 0x73, 0x65, // ue, ivec2 _false
	0x29, 0x20, 0x7b, 0x20, 0x72, 0x65, 0x74, 0x75, 0x72, 0x6e, 0x20, 0x28, 0x69, 0x76, 0x65, 0x63, // ) { return (ivec
	0x32, 0x28, 0x5f, 0x63, 0x6f, 0x6e, 0x64, 0x29, 0x20, 0x2a, 0x20, 0x5f, 0x74, 0x72, 0x75, 0x65, // 2(_cond) * _true
	0x29, 0x20, 0x2b, 0x20, 0x28, 0x69, 0x76, 0x65, 0x63, 0x32, 0x28, 0x6e, 0x6f, 0x74, 0x28, 0x5f, // ) + (ivec2(not(_
	0x63, 0x6f, 0x6e, 0x64, 0x29, 0x20, 0x29, 0x20, 0x2a, 0x20, 0x5f, 0x66, 0x61, 0x6c, 0x73, 0x65, // cond) ) * _false
	0x29, 0x3b, 0x20, 0x7d, 0x0a, 0x69, 0x76, 0x65, 0x63, 0x33, 0x20, 0x73, 0x65, 0x6c, 0x65, 0x63, // ); }.ivec3 selec
	0x74, 0x28, 0x62, 0x76, 0x65, 0x63, 0x33, 0x20, 0x5f, 0x63, 0x6f, 0x6e, 0x64, 0x2c, 0x20, 0x69, // t(bvec3 _cond, i
	0x76, 0x65, 0x63, 0x33, 0x20, 0x5f, 0x74, 0x72, 0x75, 0x65, 0x2c, 0x20, 0x69, 0x76, 0x65, 0x63, // vec3 _true, ivec
	0x33, 0x20, 0x5f, 0x66, 0x61, 0x6c, 0x73, 0x65, 0x29, 0x20, 0x7b, 0x20, 0x72, 0x65, 0x74, 0x75, // 3 _false) { retu
	0x72, 0x6e, 0x20, 0x28, 0x69, 0x76, 0x65, 0x63, 0x33, 0x28, 0x5f, 0x63, 0x6f, 0x6e, 0x64, 0x29, // rn (ivec3(_cond)
	0x20, 0x2a, 0x20, 0x5f, 0x74, 0x72, 0x75, 0x65, 0x29, 0x20, 0x2b, 0x20, 0x28, 0x69, 0x76, 0x65, //  * _true) + (ive
	0x63, 0x33, 0x28, 0x6e, 0x6f, 0x74, 0x28, 0x5f, 0x63, 0x6f, 0x6e, 0x64, 0x29, 0x20, 0x29, 0x20, // c3(not(_cond) ) 
	0x2a, 0x20, 0x5f, 0x66, 0x61, 0x6c, 0x73, 0x65, 0x29, 0x3b, 0x20, 0x7d, 0x0a, 0x69, 0x76, 0x65, // * _false); }.ive
	0x63, 0x34, 0x20, 0x73, 0x65, 0x6c, 0x65, 0x63, 0x74, 0x28, 0x62, 0x76, 0x65, 0x63, 0x34, 0x20, // c4 select(bvec4 
	0x5f, 0x63, 0x6f, 0x6e, 0x64, 0x2c, 0x20, 0x69, 0x76, 0x65, 0x63, 0x34, 0x20, 0x5f, 0x74, 0x72, // _cond, ivec4 _tr
	0x75, 0x65, 0x2c, 0x20, 0x69, 0x76, 0x65, 0x63, 0x34, 0x20, 0x5f, 0x66, 0x61, 0x6c, 0x73, 0x65, // ue, ivec4 _false
	0x29, 0x20, 0x7b, 0x20, 0x72, 0x65, 0x74, 0x75, 0x72, 0x6e, 0x20, 0x28, 0x69, 0x76, 0x65, 0x63, // ) { return (ivec
	0x34, 0x28, 0x5f, 0x63, 0x6f, 0x6e, 0x64, 0x29, 0x20, 0x2a, 0x20, 0x5f, 0x74, 0x72, 0x75, 0x65, // 4(_cond) * _true
	0x29, 0x20, 0x2b, 0x20, 0x28, 0x69, 0x76, 0x65, 0x63, 0x34, 0x28, 0x6e, 0x6f, 0x74, 0x28, 0x5f, // ) + (ivec4(not(_
	0x63, 0x6f, 0x6e, 0x64, 0x29, 0x20, 0x29, 0x20, 0x2a, 0x20, 0x5f, 0x66, 0x61, 0x6c, 0x73, 0x65, // cond) ) * _false
	0x29, 0x3b, 0x20, 0x7d, 0x0a, 0x75, 0x69, 0x6e, 0x74, 0x20, 0x73, 0x65, 0x6c, 0x65, 0x63, 0x74, // ); }.uint select
	0x28, 0x62, 0x6f, 0x6f, 0x6c, 0x20, 0x5f, 0x63, 0x6f, 0x6e, 0x64, 0x2c, 0x20, 0x75, 0x69, 0x6e, // (bool _cond, uin
	0x74, 0x20, 0x5f, 0x74, 0x72, 0x75, 0x65, 0x2c, 0x20, 0x75, 0x69, 0x6e, 0x74, 0x20, 0x5f, 0x66, // t _true, uint _f
	0x61, 0x6c, 0x73, 0x65, 0x29, 0x20, 0x7b, 0x20, 0x72, 0x65, 0x74, 0x75, 0x72, 0x6e, 0x20, 0x5f, // alse) { return _
	0x63, 0x6f, 0x6e, 0x64, 0x20, 0x3f, 0x20, 0x5f, 0x74, 0x72, 0x75, 0x65, 0x20, 0x3a, 0x20, 0x5f, // cond ? _true : _
	0x66, 0x61, 0x6c, 0x73, 0x65, 0x3b, 0x20, 0x7d, 0x0a, 0x75, 0x76, 0x65, 0x63, 0x32, 0x20, 0x73, // false; }.uvec2 s
	0x65, 0x6c, 0x65, 0x63, 0x74, 0x28, 0x62, 0x6f, 0x6f, 0x6c, 0x20, 0x5f, 0x63, 0x6f, 0x6e, 0x64, // elect(bool _cond
	0x2c, 0x20, 0x75, 0x76, 0x65, 0x63, 0x32, 0x20, 0x5f, 0x74, 0x72, 0x75, 0x65, 0x2c, 0x20, 0x75, // , uvec2 _true, u
	0x76, 0x65, 0x63, 0x32, 0x20, 0x5f, 0x66, 0x61, 0x6c, 0x73, 0x65, 0x29, 0x20, 0x7b, 0x20, 0x72, // vec2 _false) { r
	0x65, 0x74, 0x75, 0x72, 0x6e, 0x20, 0x5f, 0x63, 0x6f, 0x6e, 0x64, 0x20, 0x3f, 0x20, 0x5f, 0x74, // eturn _cond ? _t
	0x72, 0x75, 0x65, 0x20, 0x3a, 0x20, 0x5f, 0x66, 0x61, 0x6c, 0x73, 0x65, 0x3b, 0x20, 0x7d, 0x0a, // rue : _false; }.
	0x75, 0x76, 0x65, 0x63, 0x33, 0x20, 0x73, 0x65, 0x6c, 0x65, 0x63, 0x74, 0x28, 0x62, 0x6f, 0x6f, // uvec3 select(boo
	0x6c, 0x20, 0x5f, 0x63, 0x6f, 0x6e, 0x64, 0x2c, 0x20, 0x75, 0x76, 0x65, 0x63, 0x33, 0x20, 0x5f, // l _cond, uvec3 _
	0x74, 0x72, 0x75, 0x65, 0x2c, 0x20, 0x75, 0x76, 0x65, 0x63, 0x33, 0x20, 0x5f, 0x66, 0x61, 0x6c, // true, uvec3 _fal
	0x73, 0x65, 0x29, 0x20, 0x7b, 0x20, 0x72, 0x65, 0x74, 0x75, 0x72, 0x6e, 0x20, 0x5f, 0x63, 0x6f, // se) { return _co
	0x6e, 0x64, 0x20, 0x3f, 0x20, 0x5f, 0x74, 0x72, 0x75, 0x65, 0x20, 0x3a, 0x20, 0x5f, 0x66, 0x61, // nd ? _true : _fa
	0x6c, 0x73, 0x65, 0x3b, 0x20, 0x7d, 0x0a, 0x75, 0x76, 0x65, 0x63, 0x34, 0x20, 0x73, 0x65, 0x6c, // lse; }.uvec4 sel
	0x65, 0x63, 0x74, 0x28, 0x62, 0x6f, 0x6f, 0x6c, 0x20, 0x5f, 0x63, 0x6f, 0x6e, 0x64, 0x2c, 0x20, // ect(bool _cond, 
	0x75, 0x76, 0x65, 0x63, 0x34, 0x20, 0x5f, 0x74, 0x72, 0x75, 0x65, 0x2c, 0x20, 0x75, 0x76, 0x65, // uvec4 _true, uve
	0x63, 0x34, 0x20, 0x5f, 0x66, 0x61, 0x6c, 0x73, 0x65, 0x29, 0x20, 0x7b, 0x20, 0x72, 0x65, 0x74, // c4 _false) { ret
	0x75, 0x72, 0x6e, 0x20, 0x5f, 0x63, 0x6f, 0x6e, 0x64, 0x20, 0x3f, 0x20, 0x5f, 0x74, 0x72, 0x75, // urn _cond ? _tru
	0x65, 0x20, 0x3a, 0x20, 0x5f, 0x66, 0x61, 0x6c, 0x73, 0x65, 0x3b, 0x20, 0x7d, 0x0a, 0x75, 0x76, // e : _false; }.uv
	0x65, 0x63, 0x32, 0x20, 0x73, 0x65, 0x6c, 0x65, 0x63, 0x74, 0x28, 0x62, 0x76, 0x65, 0x63, 0x32, // ec2 select(bvec2
	0x20, 0x5f, 0x63, 0x6f, 0x6e, 0x64, 0x2c, 0x20, 0x75, 0x76, 0x65, 0x63, 0x32, 0x20, 0x5f, 0x74, //  _cond, uvec2 _t
	0x72, 0x75, 0x65, 0x2c, 0x20, 0x75, 0x76, 0x65, 0x63, 0x32, 0x20, 0x5f, 0x66, 0x61, 0x6c, 0x73, // rue, uvec2 _fals
	0x65, 0x29, 0x20, 0x7b, 0x20, 0x72, 0x65, 0x74, 0x75, 0x72, 0x6e, 0x20, 0x28, 0x75, 0x76, 0x65, // e) { return (uve
	0x63, 0x32, 0x28, 0x5f, 0x63, 0x6f, 0x6e, 0x64, 0x29, 0x20, 0x2a, 0x20, 0x5f, 0x74, 0x72, 0x75, // c2(_cond) * _tru
	0x65, 0x29, 0x20, 0x2b, 0x20, 0x28, 0x75, 0x76, 0x65, 0x63, 0x32, 0x28, 0x6e, 0x6f, 0x74, 0x28, // e) + (uvec2(not(
	0x5f, 0x63, 0x6f, 0x6e, 0x64, 0x29, 0x20, 0x29, 0x20, 0x2a, 0x20, 0x5f, 0x66, 0x61, 0x6c, 0x73, // _cond) ) * _fals
	0x65, 0x29, 0x3b, 0x20, 0x7d, 0x0a, 0x75, 0x76, 0x65, 0x63, 0x33, 0x20, 0x73, 0x65, 0x6c, 0x65, // e); }.uvec3 sele
	0x63, 0x74, 0x28, 0x62, 0x76, 0x65, 0x63, 0x33, 0x20, 0x5f, 0x63, 0x6f, 0x6e, 0x64, 0x2c, 0x20, // ct(bvec3 _cond, 
	0x75, 0x76, 0x65, 0x63, 0x33, 0x20, 0x5f, 0x74, 0x72, 0x75, 0x65, 0x2c, 0x20, 0x75, 0x76, 0x65, // uvec3 _true, uve
	0x63, 0x33, 0x20, 0x5f, 0x66, 0x61, 0x6c, 0x73, 0x65, 0x29, 0x20, 0x7b, 0x20, 0x72, 0x65, 0x74, // c3 _false) { ret
	0x75, 0x72, 0x6e, 0x20, 0x28, 0x75, 0x76, 0x65, 0x63, 0x33, 0x28, 0x5f, 0x63, 0x6f, 0x6e, 0x64, // urn (uvec3(_cond
	0x29, 0x20, 0x2a, 0x20, 0x5f, 0x74, 0x72, 0x75, 0x65, 0x29, 0x20, 0x2b, 0x20, 0x28, 0x75, 0x76, // ) * _true) + (uv
	0x65, 0x63, 0x33, 0x28, 0x6e, 0x6f, 0x74, 0x28, 0x5f, 0x63, 0x6f, 0x6e, 0x64, 0x29, 0x20, 0x29, // ec3(not(_cond) )
	0x20, 0x2a, 0x20, 0x5f, 0x66, 0x61, 0x6c, 0x73, 0x65, 0x29, 0x3b, 0x20, 0x7d, 0x0a, 0x75, 0x76, //  * _false); }.uv
	0x65, 0x63, 0x34, 0x20, 0x73, 0x65, 0x6c, 0x65, 0x63, 0x74, 0x28, 0x62, 0x76, 0x65, 0x63, 0x34, // ec4 select(bvec4
	0x20, 0x5f, 0x63, 0x6f, 0x6e, 0x64, 0x2c, 0x20, 0x75, 0x76, 0x65, 0x63, 0x34, 0x20, 0x5f, 0x74, //  _cond, uvec4 _t
	0x72, 0x75, 0x65, 0x2c, 0x20, 0x75, 0x76, 0x65, 0x63, 0x34, 0x20, 0x5f, 0x66, 0x61, 0x6c, 0x73, // rue, uvec4 _fals
	0x65, 0x29, 0x20, 0x7b, 0x20, 0x72, 0x65, 0x74, 0x75, 0x72, 0x6e, 0x20, 0x28, 0x75, 0x76, 0x65, // e) { return (uve
	0x63, 0x34, 0x28, 0x5f, 0x63, 0x6f, 0x6e, 0x64, 0x29, 0x20, 0x2a, 0x20, 0x5f, 0x74, 0x72, 0x75, // c4(_cond) * _tru
	0x65, 0x29, 0x20, 0x2b, 0x20, 0x28, 0x75, 0x76, 0x65, 0x63, 0x34, 0x28, 0x6e, 0x6f, 0x74, 0x28, // e) + (uvec4(not(
	0x5f, 0x63, 0x6f, 0x6e, 0x64, 0x29, 0x20, 0x29, 0x20, 0x2a, 0x20, 0x5f, 0x66, 0x61, 0x6c, 0x73, // _cond) ) * _fals
	0x65, 0x29, 0x3b, 0x20, 0x7d, 0x0a, 0x75, 0x6e, 0x69, 0x66, 0x6f, 0x72, 0x6d, 0x20, 0x76, 0x65, // e); }.uniform ve
	0x63, 0x34, 0x20, 0x75, 0x5f, 0x76, 0x69, 0x65, 0x77, 0x52, 0x65, 0x63, 0x74, 0x3b, 0x0a, 0x75, // c4 u_viewRect;.u
	0x6e, 0x69, 0x66, 0x6f, 0x72, 0x6d, 0x20, 0x76, 0x65, 0x63, 0x34, 0x20, 0x75, 0x5f, 0x76, 0x69, // niform vec4 u_vi
	0x65, 0x77, 0x54, 0x65, 0x78, 0x65, 0x6c, 0x3b, 0x0a, 0x75, 0x6e, 0x69, 0x66, 0x6f, 0x72, 0x6d, // ewTexel;.uniform
	0x20, 0x6d, 0x61, 0x74, 0x34, 0x20, 0x75, 0x5f, 0x76, 0x69, 0x65, 0x77, 0x3b, 0x0a, 0x75, 0x6e, //  mat4 u_view;.un
	0x69, 0x66, 0x6f, 0x72, 0x6d, 0x20, 0x6d, 0x61, 0x74, 0x34, 0x20, 0x75, 0x5f, 0x69, 0x6e, 0x76, // iform mat4 u_inv
	0x56, 0x69, 0x65, 0x77, 0x3b, 0x0a, 0x75, 0x6e, 0x69, 0x66, 0x6f, 0x72, 0x6d, 0x20, 0x6d, 0x61, // View;.uniform ma
	0x74, 0x34, 0x20, 0x75, 0x5f, 0x70, 0x72, 0x6f, 0x6a, 0x3b, 0x0a, 0x75, 0x6e, 0x69, 0x66, 0x6f, // t4 u_proj;.unifo
	0x72, 0x6d, 0x20, 0x6d, 0x61, 0x74, 0x34, 0x20, 0x75, 0x5f, 0x69, 0x6e, 0x76, 0x50, 0x72, 0x6f, // rm mat4 u_invPro
	0x6a, 0x3b, 0x0a, 0x75, 0x6e, 0x69, 0x66, 0x6f, 0x72, 0x6d, 0x20, 0x6d, 0x61, 0x74, 0x34, 0x20, // j;.uniform mat4 
	0x75, 0x5f, 0x76, 0x69, 0x65, 0x77, 0x50, 0x72, 0x6f, 0x6a, 0x3b, 0x0a, 0x75, 0x6e, 0x69, 0x66, // u_viewProj;.unif
	0x6f, 0x72, 0x6d, 0x20, 0x6d, 0x61, 0x74, 0x34, 0x20, 0x75, 0x5f, 0x69, 0x6e, 0x76, 0x56, 0x69, // orm mat4 u_invVi
	0x65, 0x77, 0x50, 0x72, 0x6f, 0x6a, 0x3b, 0x0a, 0x75, 0x6e, 0x69, 0x66, 0x6f, 0x72, 0x6d, 0x20, // ewProj;.uniform 
	0x6d, 0x61, 0x74, 0x34, 0x20, 0x75, 0x5f, 0x6d, 0x6f, 0x64, 0x65, 0x6c, 0x56, 0x69, 0x65, 0x77, // mat4 u_modelView
	0x3b, 0x0a, 0x75, 0x6e, 0x69, 0x66, 0x6f, 0x72, 0x6d, 0x20, 0x6d, 0x61, 0x74, 0x34, 0x20, 0x75, // ;.uniform mat4 u
	0x5f, 0x69, 0x6e, 0x76, 0x4d, 0x6f, 0x64, 0x65, 0x6c, 0x56, 0x69, 0x65, 0x77, 0x3b, 0x0a, 0x75, // _invModelView;.u
	0x6e, 0x69, 0x66, 0x6f, 0x72, 0x6d, 0x20, 0x6d, 0x61, 0x74, 0x34, 0x20, 0x75, 0x5f, 0x6d, 0x6f, // niform mat4 u_mo
	0x64, 0x65, 0x6c, 0x56, 0x69, 0x65, 0x77, 0x50, 0x72, 0x6f, 0x6a, 0x3b, 0x0a, 0x75, 0x6e, 0x69, // delViewProj;.uni
	0x66, 0x6f, 0x72, 0x6d, 0x20, 0x76, 0x65, 0x63, 0x34, 0x20, 0x75, 0x5f, 0x61, 0x6c, 0x70, 0x68, // form vec4 u_alph
	0x61, 0x52, 0x65, 0x66, 0x34, 0x3b, 0x0a, 0x75, 0x6e, 0x69, 0x66, 0x6f, 0x72, 0x6d, 0x20, 0x6d, // aRef4;.uniform m
	0x61, 0x74, 0x34, 0x20, 0x75, 0x5f, 0x6d, 0x6f, 0x64, 0x65, 0x6c, 0x5b, 0x31, 0x5d, 0x3b, 0x0a, // at4 u_model[1];.
	0x75, 0x6e, 0x69, 0x66, 0x6f, 0x72, 0x6d, 0x20, 0x73, 0x61, 0x6d, 0x70, 0x6c, 0x65, 0x72, 0x32, // uniform sampler2
	0x44, 0x20, 0x73, 0x5f, 0x64, 0x69, 0x66, 0x66, 0x75, 0x73, 0x65, 0x54, 0x65, 0x78, 0x74, 0x75, // D s_diffuseTextu
	0x72, 0x65, 0x3b, 0x0a, 0x76, 0x6f, 0x69, 0x64, 0x20, 0x6d, 0x61, 0x69, 0x6e, 0x28, 0x29, 0x0a, // re;.void main().
	0x7b, 0x0a, 0x62, 0x67, 0x66, 0x78, 0x5f, 0x46, 0x72, 0x61, 0x67, 0x43, 0x6f, 0x6c, 0x6f, 0x72, // {.bgfx_FragColor
	0x20, 0x3d, 0x20, 0x74, 0x65, 0x78, 0x74, 0x75, 0x72, 0x65, 0x28, 0x73, 0x5f, 0x64, 0x69, 0x66, //  = texture(s_dif
	0x66, 0x75, 0x73, 0x65, 0x54, 0x65, 0x78, 0x74, 0x75, 0x72, 0x65, 0x2c, 0x20, 0x76, 0x5f, 0x74, // fuseTexture, v_t
	0x65, 0x78, 0x63, 0x6f, 0x6f, 0x72, 0x64, 0x30, 0x29, 0x20, 0x2a, 0x20, 0x76, 0x5f, 0x63, 0x6f, // excoord0) * v_co
	0x6c, 0x6f, 0x72, 0x30, 0x3b, 0x0a, 0x7d, 0x0a, 0x00,                                           // lor0;.}..
};

static const uint8_t quad_image_fs_wgsl[671] =
{
	0x46, 0x53, 0x48, 0x0b, 0x01, 0x83, 0xf2, 0xe1, 0x00, 0x00, 0x00, 0x00, 0x01, 0x00, 0x10, 0x73, // FSH............s
	0x5f, 0x64, 0x69, 0x66, 0x66, 0x75, 0x73, 0x65, 0x54, 0x65, 0x78, 0x74, 0x75, 0x72, 0x65, 0x30, // _diffuseTexture0
	0x00, 0x02, 0x00, 0x00, 0x00, 0x00, 0x02, 0x26, 0x00, 0x6c, 0x02, 0x00, 0x00, 0x64, 0x69, 0x61, // .......&.l...dia
	0x67, 0x6e, 0x6f, 0x73, 0x74, 0x69, 0x63, 0x28, 0x6f, 0x66, 0x66, 0x2c, 0x20, 0x64, 0x65, 0x72, // gnostic(off, der
	0x69, 0x76, 0x61, 0x74, 0x69, 0x76, 0x65, 0x5f, 0x75, 0x6e, 0x69, 0x66, 0x6f, 0x72, 0x6d, 0x69, // ivative_uniformi
	0x74, 0x79, 0x29, 0x3b, 0x0a, 0x64, 0x69, 0x61, 0x67, 0x6e, 0x6f, 0x73, 0x74, 0x69, 0x63, 0x28, // ty);.diagnostic(
	0x6f, 0x66, 0x66, 0x2c, 0x20, 0x73, 0x75, 0x62, 0x67, 0x72, 0x6f, 0x75, 0x70, 0x5f, 0x75, 0x6e, // off, subgroup_un
	0x69, 0x66, 0x6f, 0x72, 0x6d, 0x69, 0x74, 0x79, 0x29, 0x3b, 0x0a, 0x0a, 0x40, 0x67, 0x72, 0x6f, // iformity);..@gro
	0x75, 0x70, 0x28, 0x30, 0x75, 0x29, 0x20, 0x40, 0x62, 0x69, 0x6e, 0x64, 0x69, 0x6e, 0x67, 0x28, // up(0u) @binding(
	0x31, 0x38, 0x75, 0x29, 0x20, 0x76, 0x61, 0x72, 0x20, 0x73, 0x5f, 0x64, 0x69, 0x66, 0x66, 0x75, // 18u) var s_diffu
	0x73, 0x65, 0x54, 0x65, 0x78, 0x74, 0x75, 0x72, 0x65, 0x53, 0x61, 0x6d, 0x70, 0x6c, 0x65, 0x72, // seTextureSampler
	0x20, 0x3a, 0x20, 0x73, 0x61, 0x6d, 0x70, 0x6c, 0x65, 0x72, 0x3b, 0x0a, 0x0a, 0x40, 0x67, 0x72, //  : sampler;..@gr
	0x6f, 0x75, 0x70, 0x28, 0x30, 0x75, 0x29, 0x20, 0x40, 0x62, 0x69, 0x6e, 0x64, 0x69, 0x6e, 0x67, // oup(0u) @binding
	0x28, 0x32, 0x75, 0x29, 0x20, 0x76, 0x61, 0x72, 0x20, 0x73, 0x5f, 0x64, 0x69, 0x66, 0x66, 0x75, // (2u) var s_diffu
	0x73, 0x65, 0x54, 0x65, 0x78, 0x74, 0x75, 0x72, 0x65, 0x54, 0x65, 0x78, 0x74, 0x75, 0x72, 0x65, // seTextureTexture
	0x20, 0x3a, 0x20, 0x74, 0x65, 0x78, 0x74, 0x75, 0x72, 0x65, 0x5f, 0x32, 0x64, 0x3c, 0x66, 0x33, //  : texture_2d<f3
	0x32, 0x3e, 0x3b, 0x0a, 0x0a, 0x76, 0x61, 0x72, 0x3c, 0x70, 0x72, 0x69, 0x76, 0x61, 0x74, 0x65, // 2>;..var<private
	0x3e, 0x20, 0x62, 0x67, 0x66, 0x78, 0x5f, 0x46, 0x72, 0x61, 0x67, 0x44, 0x61, 0x74, 0x61, 0x30, // > bgfx_FragData0
	0x20, 0x3a, 0x20, 0x76, 0x65, 0x63, 0x34, 0x3c, 0x66, 0x33, 0x32, 0x3e, 0x3b, 0x0a, 0x0a, 0x66, //  : vec4<f32>;..f
	0x6e, 0x20, 0x6d, 0x61, 0x69, 0x6e, 0x5f, 0x69, 0x6e, 0x6e, 0x65, 0x72, 0x28, 0x76, 0x5f, 0x63, // n main_inner(v_c
	0x6f, 0x6c, 0x6f, 0x72, 0x30, 0x20, 0x3a, 0x20, 0x76, 0x65, 0x63, 0x34, 0x3c, 0x66, 0x33, 0x32, // olor0 : vec4<f32
	0x3e, 0x2c, 0x20, 0x76, 0x5f, 0x74, 0x65, 0x78, 0x63, 0x6f, 0x6f, 0x72, 0x64, 0x30, 0x20, 0x3a, // >, v_texcoord0 :
	0x20, 0x76, 0x65, 0x63, 0x32, 0x3c, 0x66, 0x33, 0x32, 0x3e, 0x29, 0x20, 0x7b, 0x0a, 0x20, 0x20, //  vec2<f32>) {.  
	0x62, 0x67, 0x66, 0x78, 0x5f, 0x46, 0x72, 0x61, 0x67, 0x44, 0x61, 0x74, 0x61, 0x30, 0x20, 0x3d, // bgfx_FragData0 =
	0x20, 0x28, 0x74, 0x65, 0x78, 0x74, 0x75, 0x72, 0x65, 0x53, 0x61, 0x6d, 0x70, 0x6c, 0x65, 0x28, //  (textureSample(
	0x73, 0x5f, 0x64, 0x69, 0x66, 0x66, 0x75, 0x73, 0x65, 0x54, 0x65, 0x78, 0x74, 0x75, 0x72, 0x65, // s_diffuseTexture
	0x54, 0x65, 0x78, 0x74, 0x75, 0x72, 0x65, 0x2c, 0x20, 0x73, 0x5f, 0x64, 0x69, 0x66, 0x66, 0x75, // Texture, s_diffu
	0x73, 0x65, 0x54, 0x65, 0x78, 0x74, 0x75, 0x72, 0x65, 0x53, 0x61, 0x6d, 0x70, 0x6c, 0x65, 0x72, // seTextureSampler
	0x2c, 0x20, 0x76, 0x5f, 0x74, 0x65, 0x78, 0x63, 0x6f, 0x6f, 0x72, 0x64, 0x30, 0x29, 0x20, 0x2a, // , v_texcoord0) *
	0x20, 0x76, 0x5f, 0x63, 0x6f, 0x6c, 0x6f, 0x72, 0x30, 0x29, 0x3b, 0x0a, 0x7d, 0x0a, 0x0a, 0x40, //  v_color0);.}..@
	0x66, 0x72, 0x61, 0x67, 0x6d, 0x65, 0x6e, 0x74, 0x0a, 0x66, 0x6e, 0x20, 0x6d, 0x61, 0x69, 0x6e, // fragment.fn main
	0x28, 0x40, 0x6c, 0x6f, 0x63, 0x61, 0x74, 0x69, 0x6f, 0x6e, 0x28, 0x30, 0x75, 0x29, 0x20, 0x76, // (@location(0u) v
	0x5f, 0x63, 0x6f, 0x6c, 0x6f, 0x72, 0x30, 0x20, 0x3a, 0x20, 0x76, 0x65, 0x63, 0x34, 0x3c, 0x66, // _color0 : vec4<f
	0x33, 0x32, 0x3e, 0x2c, 0x20, 0x40, 0x6c, 0x6f, 0x63, 0x61, 0x74, 0x69, 0x6f, 0x6e, 0x28, 0x31, // 32>, @location(1
	0x75, 0x29, 0x20, 0x76, 0x5f, 0x74, 0x65, 0x78, 0x63, 0x6f, 0x6f, 0x72, 0x64, 0x30, 0x20, 0x3a, // u) v_texcoord0 :
	0x20, 0x76, 0x65, 0x63, 0x32, 0x3c, 0x66, 0x33, 0x32, 0x3e, 0x29, 0x20, 0x2d, 0x3e, 0x20, 0x40, //  vec2<f32>) -> @
	0x6c, 0x6f, 0x63, 0x61, 0x74, 0x69, 0x6f, 0x6e, 0x28, 0x30, 0x75, 0x29, 0x20, 0x76, 0x65, 0x63, // location(0u) vec
	0x34, 0x3c, 0x66, 0x33, 0x32, 0x3e, 0x20, 0x7b, 0x0a, 0x20, 0x20, 0x6d, 0x61, 0x69, 0x6e, 0x5f, // 4<f32> {.  main_
	0x69, 0x6e, 0x6e, 0x65, 0x72, 0x28, 0x76, 0x5f, 0x63, 0x6f, 0x6c, 0x6f, 0x72, 0x30, 0x2c, 0x20, // inner(v_color0, 
	0x76, 0x5f, 0x74, 0x65, 0x78, 0x63, 0x6f, 0x6f, 0x72, 0x64, 0x30, 0x29, 0x3b, 0x0a, 0x20, 0x20, // v_texcoord0);.  
	0x72, 0x65, 0x74, 0x75, 0x72, 0x6e, 0x20, 0x62, 0x67, 0x66, 0x78, 0x5f, 0x46, 0x72, 0x61, 0x67, // return bgfx_Frag
	0x44, 0x61, 0x74, 0x61, 0x30, 0x3b, 0x0a, 0x7d, 0x0a, 0x00, 0x00, 0x00, 0x00, 0x00, 0x00,       // Data0;.}.......
};

static const uint8_t quad_image_fs_mtl[686] =
{
	0x46, 0x53, 0x48, 0x0b, 0x01, 0x83, 0xf2, 0xe1, 0x00, 0x00, 0x00, 0x00, 0x03, 0x00, 0x17, 0x73, // FSH............s
	0x5f, 0x64, 0x69, 0x66, 0x66, 0x75, 0x73, 0x65, 0x54, 0x65, 0x78, 0x74, 0x75, 0x72, 0x65, 0x53, // _diffuseTextureS
	0x61, 0x6d, 0x70, 0x6c, 0x65, 0x72, 0x11, 0x01, 0xff, 0xff, 0x01, 0x00, 0x00, 0x00, 0x00, 0x00, // ampler..........
	0x17, 0x73, 0x5f, 0x64, 0x69, 0x66, 0x66, 0x75, 0x73, 0x65, 0x54, 0x65, 0x78, 0x74, 0x75, 0x72, // .s_diffuseTextur
	0x65, 0x54, 0x65, 0x78, 0x74, 0x75, 0x72, 0x65, 0x11, 0x01, 0xff, 0xff, 0x01, 0x00, 0x00, 0x00, // eTexture........
	0x00, 0x00, 0x10, 0x73, 0x5f, 0x64, 0x69, 0x66, 0x66, 0x75, 0x73, 0x65, 0x54, 0x65, 0x78, 0x74, // ...s_diffuseText
	0x75, 0x72, 0x65, 0x10, 0x00, 0x00, 0x00, 0x00, 0x00, 0x00, 0x00, 0x00, 0x00, 0x39, 0x02, 0x00, // ure..........9..
	0x00, 0x23, 0x69, 0x6e, 0x63, 0x6c, 0x75, 0x64, 0x65, 0x20, 0x3c, 0x6d, 0x65, 0x74, 0x61, 0x6c, // .#include <metal
	0x5f, 0x73, 0x74, 0x64, 0x6c, 0x69, 0x62, 0x3e, 0x0a, 0x23, 0x69, 0x6e, 0x63, 0x6c, 0x75, 0x64, // _stdlib>.#includ
	0x65, 0x20, 0x3c, 0x73, 0x69, 0x6d, 0x64, 0x2f, 0x73, 0x69, 0x6d, 0x64, 0x2e, 0x68, 0x3e, 0x0a, // e <simd/simd.h>.
	0x0a, 0x75, 0x73, 0x69, 0x6e, 0x67, 0x20, 0x6e, 0x61, 0x6d, 0x65, 0x73, 0x70, 0x61, 0x63, 0x65, // .using namespace
	0x20, 0x6d, 0x65, 0x74, 0x61, 0x6c, 0x3b, 0x0a, 0x0a, 0x73, 0x74, 0x72, 0x75, 0x63, 0x74, 0x20, //  metal;..struct 
	0x78, 0x6c, 0x61, 0x74, 0x4d, 0x74, 0x6c, 0x4d, 0x61, 0x69, 0x6e, 0x5f, 0x6f, 0x75, 0x74, 0x0a, // xlatMtlMain_out.
	0x7b, 0x0a, 0x20, 0x20, 0x20, 0x20, 0x66, 0x6c, 0x6f, 0x61, 0x74, 0x34, 0x20, 0x62, 0x67, 0x66, // {.    float4 bgf
	0x78, 0x5f, 0x46, 0x72, 0x61, 0x67, 0x44, 0x61, 0x74, 0x61, 0x30, 0x20, 0x5b, 0x5b, 0x63, 0x6f, // x_FragData0 [[co
	0x6c, 0x6f, 0x72, 0x28, 0x30, 0x29, 0x5d, 0x5d, 0x3b, 0x0a, 0x7d, 0x3b, 0x0a, 0x0a, 0x73, 0x74, // lor(0)]];.};..st
	0x72, 0x75, 0x63, 0x74, 0x20, 0x78, 0x6c, 0x61, 0x74, 0x4d, 0x74, 0x6c, 0x4d, 0x61, 0x69, 0x6e, // ruct xlatMtlMain
	0x5f, 0x69, 0x6e, 0x0a, 0x7b, 0x0a, 0x20, 0x20, 0x20, 0x20, 0x66, 0x6c, 0x6f, 0x61, 0x74, 0x34, // _in.{.    float4
	0x20, 0x76, 0x5f, 0x63, 0x6f, 0x6c, 0x6f, 0x72, 0x30, 0x20, 0x5b, 0x5b, 0x75, 0x73, 0x65, 0x72, //  v_color0 [[user
	0x28, 0x6c, 0x6f, 0x63, 0x6e, 0x30, 0x29, 0x5d, 0x5d, 0x3b, 0x0a, 0x20, 0x20, 0x20, 0x20, 0x66, // (locn0)]];.    f
	0x6c, 0x6f, 0x61, 0x74, 0x32, 0x20, 0x76, 0x5f, 0x74, 0x65, 0x78, 0x63, 0x6f, 0x6f, 0x72, 0x64, // loat2 v_texcoord
	0x30, 0x20, 0x5b, 0x5b, 0x75, 0x73, 0x65, 0x72, 0x28, 0x6c, 0x6f, 0x63, 0x6e, 0x31, 0x29, 0x5d, // 0 [[user(locn1)]
	0x5d, 0x3b, 0x0a, 0x7d, 0x3b, 0x0a, 0x0a, 0x66, 0x72, 0x61, 0x67, 0x6d, 0x65, 0x6e, 0x74, 0x20, // ];.};..fragment 
	0x78, 0x6c, 0x61, 0x74, 0x4d, 0x74, 0x6c, 0x4d, 0x61, 0x69, 0x6e, 0x5f, 0x6f, 0x75, 0x74, 0x20, // xlatMtlMain_out 
	0x78, 0x6c, 0x61, 0x74, 0x4d, 0x74, 0x6c, 0x4d, 0x61, 0x69, 0x6e, 0x28, 0x78, 0x6c, 0x61, 0x74, // xlatMtlMain(xlat
	0x4d, 0x74, 0x6c, 0x4d, 0x61, 0x69, 0x6e, 0x5f, 0x69, 0x6e, 0x20, 0x69, 0x6e, 0x20, 0x5b, 0x5b, // MtlMain_in in [[
	0x73, 0x74, 0x61, 0x67, 0x65, 0x5f, 0x69, 0x6e, 0x5d, 0x5d, 0x2c, 0x20, 0x74, 0x65, 0x78, 0x74, // stage_in]], text
	0x75, 0x72, 0x65, 0x32, 0x64, 0x3c, 0x66, 0x6c, 0x6f, 0x61, 0x74, 0x3e, 0x20, 0x73, 0x5f, 0x64, // ure2d<float> s_d
	0x69, 0x66, 0x66, 0x75, 0x73, 0x65, 0x54, 0x65, 0x78, 0x74, 0x75, 0x72, 0x65, 0x20, 0x5b, 0x5b, // iffuseTexture [[
	0x74, 0x65, 0x78, 0x74, 0x75, 0x72, 0x65, 0x28, 0x30, 0x29, 0x5d, 0x5d, 0x2c, 0x20, 0x73, 0x61, // texture(0)]], sa
	0x6d, 0x70, 0x6c, 0x65, 0x72, 0x20, 0x73, 0x5f, 0x64, 0x69, 0x66, 0x66, 0x75, 0x73, 0x65, 0x54, // mpler s_diffuseT
	0x65, 0x78, 0x74, 0x75, 0x72, 0x65, 0x53, 0x61, 0x6d, 0x70, 0x6c, 0x65, 0x72, 0x20, 0x5b, 0x5b, // extureSampler [[
	0x73, 0x61, 0x6d, 0x70, 0x6c, 0x65, 0x72, 0x28, 0x30, 0x29, 0x5d, 0x5d, 0x29, 0x0a, 0x7b, 0x0a, // sampler(0)]]).{.
	0x20, 0x20, 0x20, 0x20, 0x78, 0x6c, 0x61, 0x74, 0x4d, 0x74, 0x6c, 0x4d, 0x61, 0x69, 0x6e, 0x5f, //     xlatMtlMain_
	0x6f, 0x75, 0x74, 0x20, 0x6f, 0x75, 0x74, 0x20, 0x3d, 0x20, 0x7b, 0x7d, 0x3b, 0x0a, 0x20, 0x20, // out out = {};.  
	0x20, 0x20, 0x6f, 0x75, 0x74, 0x2e, 0x62, 0x67, 0x66, 0x78, 0x5f, 0x46, 0x72, 0x61, 0x67, 0x44, //   out.bgfx_FragD
	0x61, 0x74, 0x61, 0x30, 0x20, 0x3d, 0x20, 0x73, 0x5f, 0x64, 0x69, 0x66, 0x66, 0x75, 0x73, 0x65, // ata0 = s_diffuse
	0x54, 0x65, 0x78, 0x74, 0x75, 0x72, 0x65, 0x2e, 0x73, 0x61, 0x6d, 0x70, 0x6c, 0x65, 0x28, 0x73, // Texture.sample(s
	0x5f, 0x64, 0x69, 0x66, 0x66, 0x75, 0x73, 0x65, 0x54, 0x65, 0x78, 0x74, 0x75, 0x72, 0x65, 0x53, // _diffuseTextureS
	0x61, 0x6d, 0x70, 0x6c, 0x65, 0x72, 0x2c, 0x20, 0x69, 0x6e, 0x2e, 0x76, 0x5f, 0x74, 0x65, 0x78, // ampler, in.v_tex
	0x63, 0x6f, 0x6f, 0x72, 0x64, 0x30, 0x29, 0x20, 0x2a, 0x20, 0x69, 0x6e, 0x2e, 0x76, 0x5f, 0x63, // coord0) * in.v_c
	0x6f, 0x6c, 0x6f, 0x72, 0x30, 0x3b, 0x0a, 0x20, 0x20, 0x20, 0x20, 0x72, 0x65, 0x74, 0x75, 0x72, // olor0;.    retur
	0x6e, 0x20, 0x6f, 0x75, 0x74, 0x3b, 0x0a, 0x7d, 0x0a, 0x0a, 0x00, 0x00, 0x20, 0x00,             // n out;.}.... .
};

