static const uint8_t quad_vs_dx11[651] =
{
	0x56, 0x53, 0x48, 0x0b, 0x00, 0x00, 0x00, 0x00, 0xa4, 0x8b, 0xef, 0x49, 0x01, 0x00, 0x0a, 0x75, // VSH........I...u
	0x5f, 0x76, 0x69, 0x65, 0x77, 0x50, 0x72, 0x6f, 0x6a, 0x04, 0x00, 0x00, 0x00, 0x04, 0x00, 0x00, // _viewProj.......
	0x00, 0x00, 0x00, 0x5c, 0x02, 0x00, 0x00, 0x44, 0x58, 0x42, 0x43, 0xf3, 0x70, 0x09, 0xa0, 0x70, // .......DXBC.p..p
	0xd6, 0xee, 0xc9, 0x0e, 0xb5, 0x98, 0x0d, 0x87, 0x6d, 0x5c, 0x35, 0x01, 0x00, 0x00, 0x00, 0x5c, // ........m.5.....
	0x02, 0x00, 0x00, 0x03, 0x00, 0x00, 0x00, 0x2c, 0x00, 0x00, 0x00, 0x7c, 0x00, 0x00, 0x00, 0xd0, // .......,...|....
	0x00, 0x00, 0x00, 0x49, 0x53, 0x47, 0x4e, 0x48, 0x00, 0x00, 0x00, 0x02, 0x00, 0x00, 0x00, 0x08, // ...ISGNH........
	0x00, 0x00, 0x00, 0x38, 0x00, 0x00, 0x00, 0x00, 0x00, 0x00, 0x00, 0x00, 0x00, 0x00, 0x00, 0x03, // ...8............
	0x00, 0x00, 0x00, 0x00, 0x00, 0x00, 0x00, 0x0f, 0x0f, 0x00, 0x00, 0x3e, 0x00, 0x00, 0x00, 0x00, // ...........>....
	0x00, 0x00, 0x00, 0x00, 0x00, 0x00, 0x00, 0x03, 0x00, 0x00, 0x00, 0x01, 0x00, 0x00, 0x00, 0x03, // ................
	0x03, 0x00, 0x00, 0x43, 0x4f, 0x4c, 0x4f, 0x52, 0x00, 0x50, 0x4f, 0x53, 0x49, 0x54, 0x49, 0x4f, // ...COLOR.POSITIO
	0x4e, 0x00, 0xab, 0x4f, 0x53, 0x47, 0x4e, 0x4c, 0x00, 0x00, 0x00, 0x02, 0x00, 0x00, 0x00, 0x08, // N..OSGNL........
	0x00, 0x00, 0x00, 0x38, 0x00, 0x00, 0x00, 0x00, 0x00, 0x00, 0x00, 0x01, 0x00, 0x00, 0x00, 0x03, // ...8............
	0x00, 0x00, 0x00, 0x00, 0x00, 0x00, 0x00, 0x0f, 0x00, 0x00, 0x00, 0x44, 0x00, 0x00, 0x00, 0x00, // ...........D....
	0x00, 0x00, 0x00, 0x00, 0x00, 0x00, 0x00, 0x03, 0x00, 0x00, 0x00, 0x01, 0x00, 0x00, 0x00, 0x0f, // ................
	0x00, 0x00, 0x00, 0x53, 0x56, 0x5f, 0x50, 0x4f, 0x53, 0x49, 0x54, 0x49, 0x4f, 0x4e, 0x00, 0x43, // ...SV_POSITION.C
	0x4f, 0x4c, 0x4f, 0x52, 0x00, 0xab, 0xab, 0x53, 0x48, 0x45, 0x58, 0x84, 0x01, 0x00, 0x00, 0x50, // OLOR...SHEX....P
	0x00, 0x01, 0x00, 0x61, 0x00, 0x00, 0x00, 0x6a, 0x88, 0x00, 0x01, 0x59, 0x00, 0x00, 0x04, 0x46, // ...a...j...Y...F
	0x8e, 0x20, 0x00, 0x00, 0x00, 0x00, 0x00, 0x04, 0x00, 0x00, 0x00, 0x5f, 0x00, 0x00, 0x03, 0xf2, // . ........._....
	0x10, 0x10, 0x00, 0x00, 0x00, 0x00, 0x00, 0x5f, 0x00, 0x00, 0x03, 0x32, 0x10, 0x10, 0x00, 0x01, // ......._...2....
	0x00, 0x00, 0x00, 0x67, 0x00, 0x00, 0x04, 0xf2, 0x20, 0x10, 0x00, 0x00, 0x00, 0x00, 0x00, 0x01, // ...g.... .......
	0x00, 0x00, 0x00, 0x65, 0x00, 0x00, 0x03, 0xf2, 0x20, 0x10, 0x00, 0x01, 0x00, 0x00, 0x00, 0x68, // ...e.... ......h
	0x00, 0x00, 0x02, 0x02, 0x00, 0x00, 0x00, 0x38, 0x00, 0x00, 0x08, 0xf2, 0x00, 0x10, 0x00, 0x00, // .......8........
	0x00, 0x00, 0x00, 0x06, 0x10, 0x10, 0x00, 0x01, 0x00, 0x00, 0x00, 0x46, 0x8e, 0x20, 0x00, 0x00, // ...........F. ..
	0x00, 0x00, 0x00, 0x00, 0x00, 0x00, 0x00, 0x38, 0x00, 0x00, 0x08, 0xf2, 0x00, 0x10, 0x00, 0x01, // .......8........
	0x00, 0x00, 0x00, 0x56, 0x15, 0x10, 0x00, 0x01, 0x00, 0x00, 0x00, 0x46, 0x8e, 0x20, 0x00, 0x00, // ...V.......F. ..
	0x00, 0x00, 0x00, 0x01, 0x00, 0x00, 0x00, 0x00, 0x00, 0x00, 0x07, 0xf2, 0x00, 0x10, 0x00, 0x00, // ................
	0x00, 0x00, 0x00, 0x46, 0x0e, 0x10, 0x00, 0x00, 0x00, 0x00, 0x00, 0x46, 0x0e, 0x10, 0x00, 0x01, // ...F.......F....
	0x00, 0x00, 0x00, 0x38, 0x00, 0x00, 0x0b, 0xf2, 0x00, 0x10, 0x00, 0x01, 0x00, 0x00, 0x00, 0x46, // ...8...........F
	0x8e, 0x20, 0x00, 0x00, 0x00, 0x00, 0x00, 0x02, 0x00, 0x00, 0x00, 0x02, 0x40, 0x00, 0x00, 0x00, // . ..........@...
	0x00, 0x00, 0x00, 0x00, 0x00, 0x00, 0x00, 0x00, 0x00, 0x00, 0x00, 0x00, 0x00, 0x00, 0x00, 0x00, // ................
	0x00, 0x00, 0x07, 0xf2, 0x00, 0x10, 0x00, 0x00, 0x00, 0x00, 0x00, 0x46, 0x0e, 0x10, 0x00, 0x00, // ...........F....
	0x00, 0x00, 0x00, 0x46, 0x0e, 0x10, 0x00, 0x01, 0x00, 0x00, 0x00, 0x38, 0x00, 0x00, 0x0b, 0xf2, // ...F.......8....
	0x00, 0x10, 0x00, 0x01, 0x00, 0x00, 0x00, 0x46, 0x8e, 0x20, 0x00, 0x00, 0x00, 0x00, 0x00, 0x03, // .......F. ......
	0x00, 0x00, 0x00, 0x02, 0x40, 0x00, 0x00, 0x00, 0x00, 0x80, 0x3f, 0x00, 0x00, 0x80, 0x3f, 0x00, // ....@.....?...?.
	0x00, 0x80, 0x3f, 0x00, 0x00, 0x80, 0x3f, 0x00, 0x00, 0x00, 0x07, 0xf2, 0x00, 0x10, 0x00, 0x00, // ..?...?.........
	0x00, 0x00, 0x00, 0x46, 0x0e, 0x10, 0x00, 0x00, 0x00, 0x00, 0x00, 0x46, 0x0e, 0x10, 0x00, 0x01, // ...F.......F....
	0x00, 0x00, 0x00, 0x36, 0x00, 0x00, 0x05, 0xf2, 0x00, 0x10, 0x00, 0x01, 0x00, 0x00, 0x00, 0x46, // ...6...........F
	0x1e, 0x10, 0x00, 0x00, 0x00, 0x00, 0x00, 0x36, 0x00, 0x00, 0x05, 0xf2, 0x20, 0x10, 0x00, 0x00, // .......6.... ...
	0x00, 0x00, 0x00, 0x46, 0x0e, 0x10, 0x00, 0x00, 0x00, 0x00, 0x00, 0x36, 0x00, 0x00, 0x05, 0xf2, // ...F.......6....
	0x20, 0x10, 0x00, 0x01, 0x00, 0x00, 0x00, 0x46, 0x0e, 0x10, 0x00, 0x01, 0x00, 0x00, 0x00, 0x3e, //  ......F.......>
	0x00, 0x00, 0x01, 0x00, 0x02, 0x05, 0x00, 0x01, 0x00, 0x40, 0x00,                               // .........@.
};

static const uint8_t quad_vs_dxil[2659] =
{
	0x56, 0x53, 0x48, 0x0b, 0x00, 0x00, 0x00, 0x00, 0xa4, 0x8b, 0xef, 0x49, 0x01, 0x00, 0x0a, 0x75, // VSH........I...u
	0x5f, 0x76, 0x69, 0x65, 0x77, 0x50, 0x72, 0x6f, 0x6a, 0x04, 0x00, 0x00, 0x00, 0x04, 0x00, 0x00, // _viewProj.......
	0x00, 0x00, 0x00, 0x34, 0x0a, 0x00, 0x00, 0x44, 0x58, 0x42, 0x43, 0xb2, 0x3f, 0xa9, 0x23, 0xc5, // ...4...DXBC.?.#.
	0x97, 0x1e, 0x0a, 0x6d, 0xf3, 0x09, 0xe7, 0x44, 0x80, 0x93, 0xdb, 0x01, 0x00, 0x00, 0x00, 0x34, // ...m...D.......4
	0x0a, 0x00, 0x00, 0x07, 0x00, 0x00, 0x00, 0x3c, 0x00, 0x00, 0x00, 0x4c, 0x00, 0x00, 0x00, 0xac, // .......<...L....
	0x00, 0x00, 0x00, 0x10, 0x01, 0x00, 0x00, 0xfc, 0x01, 0x00, 0x00, 0x30, 0x02, 0x00, 0x00, 0x4c, // ...........0...L
	0x02, 0x00, 0x00, 0x53, 0x46, 0x49, 0x30, 0x08, 0x00, 0x00, 0x00, 0x00, 0x00, 0x00, 0x00, 0x00, // ...SFI0.........
	0x00, 0x00, 0x00, 0x49, 0x53, 0x47, 0x31, 0x58, 0x00, 0x00, 0x00, 0x02, 0x00, 0x00, 0x00, 0x08, // ...ISG1X........
	0x00, 0x00, 0x00, 0x00, 0x00, 0x00, 0x00, 0x48, 0x00, 0x00, 0x00, 0x00, 0x00, 0x00, 0x00, 0x00, // .......H........
	0x00, 0x00, 0x00, 0x03, 0x00, 0x00, 0x00, 0x00, 0x00, 0x00, 0x00, 0x0f, 0x0f, 0x00, 0x00, 0x00, // ................
	0x00, 0x00, 0x00, 0x00, 0x00, 0x00, 0x00, 0x4e, 0x00, 0x00, 0x00, 0x00, 0x00, 0x00, 0x00, 0x00, // .......N........
	0x00, 0x00, 0x00, 0x03, 0x00, 0x00, 0x00, 0x01, 0x00, 0x00, 0x00, 0x03, 0x03, 0x00, 0x00, 0x00, // ................
	0x00, 0x00, 0x00, 0x43, 0x4f, 0x4c, 0x4f, 0x52, 0x00, 0x50, 0x4f, 0x53, 0x49, 0x54, 0x49, 0x4f, // ...COLOR.POSITIO
	0x4e, 0x00, 0x00, 0x4f, 0x53, 0x47, 0x31, 0x5c, 0x00, 0x00, 0x00, 0x02, 0x00, 0x00, 0x00, 0x08, // N..OSG1.........
	0x00, 0x00, 0x00, 0x00, 0x00, 0x00, 0x00, 0x48, 0x00, 0x00, 0x00, 0x00, 0x00, 0x00, 0x00, 0x01, // .......H........
	0x00, 0x00, 0x00, 0x03, 0x00, 0x00, 0x00, 0x00, 0x00, 0x00, 0x00, 0x0f, 0x00, 0x00, 0x00, 0x00, // ................
	0x00, 0x00, 0x00, 0x00, 0x00, 0x00, 0x00, 0x54, 0x00, 0x00, 0x00, 0x00, 0x00, 0x00, 0x00, 0x00, // .......T........
	0x00, 0x00, 0x00, 0x03, 0x00, 0x00, 0x00, 0x01, 0x00, 0x00, 0x00, 0x0f, 0x00, 0x00, 0x00, 0x00, // ................
	0x00, 0x00, 0x00, 0x53, 0x56, 0x5f, 0x50, 0x6f, 0x73, 0x69, 0x74, 0x69, 0x6f, 0x6e, 0x00, 0x43, // ...SV_Position.C
	0x4f, 0x4c, 0x4f, 0x52, 0x00, 0x00, 0x00, 0x50, 0x53, 0x56, 0x30, 0xe4, 0x00, 0x00, 0x00, 0x34, // OLOR...PSV0....4
	0x00, 0x00, 0x00, 0x01, 0x00, 0x00, 0x00, 0x00, 0x00, 0x00, 0x00, 0x00, 0x00, 0x00, 0x00, 0x00, // ................
	0x00, 0x00, 0x00, 0x00, 0x00, 0x00, 0x00, 0xff, 0xff, 0xff, 0xff, 0x01, 0x00, 0x00, 0x00, 0x02, // ................
	0x02, 0x00, 0x02, 0x02, 0x00, 0x00, 0x00, 0x00, 0x00, 0x00, 0x00, 0x00, 0x00, 0x00, 0x00, 0x00, // ................
	0x00, 0x00, 0x00, 0x16, 0x00, 0x00, 0x00, 0x01, 0x00, 0x00, 0x00, 0x18, 0x00, 0x00, 0x00, 0x02, // ................
	0x00, 0x00, 0x00, 0x00, 0x00, 0x00, 0x00, 0x00, 0x00, 0x00, 0x00, 0x00, 0x00, 0x00, 0x00, 0x0d, // ................
	0x00, 0x00, 0x00, 0x00, 0x00, 0x00, 0x00, 0x1c, 0x00, 0x00, 0x00, 0x00, 0x43, 0x4f, 0x4c, 0x4f, // ............COLO
	0x52, 0x00, 0x50, 0x4f, 0x53, 0x49, 0x54, 0x49, 0x4f, 0x4e, 0x00, 0x43, 0x4f, 0x4c, 0x4f, 0x52, // R.POSITION.COLOR
	0x00, 0x6d, 0x61, 0x69, 0x6e, 0x00, 0x00, 0x01, 0x00, 0x00, 0x00, 0x00, 0x00, 0x00, 0x00, 0x10, // .main...........
	0x00, 0x00, 0x00, 0x01, 0x00, 0x00, 0x00, 0x00, 0x00, 0x00, 0x00, 0x01, 0x00, 0x44, 0x00, 0x03, // .............D..
	0x00, 0x00, 0x00, 0x07, 0x00, 0x00, 0x00, 0x00, 0x00, 0x00, 0x00, 0x01, 0x01, 0x42, 0x00, 0x03, // .............B..
	0x00, 0x00, 0x00, 0x00, 0x00, 0x00, 0x00, 0x00, 0x00, 0x00, 0x00, 0x01, 0x00, 0x44, 0x03, 0x03, // .............D..
	0x04, 0x00, 0x00, 0x10, 0x00, 0x00, 0x00, 0x00, 0x00, 0x00, 0x00, 0x01, 0x01, 0x44, 0x00, 0x03, // .............D..
	0x02, 0x00, 0x00, 0x10, 0x00, 0x00, 0x00, 0x20, 0x00, 0x00, 0x00, 0x40, 0x00, 0x00, 0x00, 0x80, // ....... ...@....
	0x00, 0x00, 0x00, 0x0f, 0x00, 0x00, 0x00, 0x0f, 0x00, 0x00, 0x00, 0x00, 0x00, 0x00, 0x00, 0x00, // ................
	0x00, 0x00, 0x00, 0x49, 0x4c, 0x44, 0x4e, 0x2c, 0x00, 0x00, 0x00, 0x00, 0x00, 0x24, 0x00, 0x61, // ...ILDN,.....$.a
	0x62, 0x37, 0x63, 0x61, 0x38, 0x38, 0x34, 0x66, 0x62, 0x31, 0x63, 0x35, 0x39, 0x66, 0x33, 0x33, // b7ca884fb1c59f33
	0x65, 0x36, 0x31, 0x37, 0x65, 0x30, 0x65, 0x39, 0x30, 0x30, 0x36, 0x65, 0x37, 0x65, 0x39, 0x2e, // e617e0e9006e7e9.
	0x70, 0x64, 0x62, 0x00, 0x00, 0x00, 0x00, 0x48, 0x41, 0x53, 0x48, 0x14, 0x00, 0x00, 0x00, 0x00, // pdb....HASH.....
	0x00, 0x00, 0x00, 0xab, 0x7c, 0xa8, 0x84, 0xfb, 0x1c, 0x59, 0xf3, 0x3e, 0x61, 0x7e, 0x0e, 0x90, // ....|....Y.>a~..
	0x06, 0xe7, 0xe9, 0x44, 0x58, 0x49, 0x4c, 0xe0, 0x07, 0x00, 0x00, 0x60, 0x00, 0x01, 0x00, 0xf8, // ...DXIL....`....
	0x01, 0x00, 0x00, 0x44, 0x58, 0x49, 0x4c, 0x00, 0x01, 0x00, 0x00, 0x10, 0x00, 0x00, 0x00, 0xc8, // ...DXIL.........
	0x07, 0x00, 0x00, 0x42, 0x43, 0xc0, 0xde, 0x21, 0x0c, 0x00, 0x00, 0xef, 0x01, 0x00, 0x00, 0x0b, // ...BC..!........
	0x82, 0x20, 0x00, 0x02, 0x00, 0x00, 0x00, 0x13, 0x00, 0x00, 0x00, 0x07, 0x81, 0x23, 0x91, 0x41, // . ...........#.A
	0xc8, 0x04, 0x49, 0x06, 0x10, 0x32, 0x39, 0x92, 0x01, 0x84, 0x0c, 0x25, 0x05, 0x08, 0x19, 0x1e, // ..I..29....%....
	0x04, 0x8b, 0x62, 0x80, 0x14, 0x45, 0x02, 0x42, 0x92, 0x0b, 0x42, 0xa4, 0x10, 0x32, 0x14, 0x38, // ..b..E.B..B..2.8
	0x08, 0x18, 0x4b, 0x0a, 0x32, 0x52, 0x88, 0x48, 0x90, 0x14, 0x20, 0x43, 0x46, 0x88, 0xa5, 0x00, // ..K.2R.H.. CF...
	0x19, 0x32, 0x42, 0xe4, 0x48, 0x0e, 0x90, 0x91, 0x22, 0xc4, 0x50, 0x41, 0x51, 0x81, 0x8c, 0xe1, // .2B.H...".PAQ...
	0x83, 0xe5, 0x8a, 0x04, 0x29, 0x46, 0x06, 0x51, 0x18, 0x00, 0x00, 0x08, 0x00, 0x00, 0x00, 0x1b, // ....)F.Q........
	0x8c, 0xe0, 0xff, 0xff, 0xff, 0xff, 0x07, 0x40, 0x02, 0xa8, 0x0d, 0x84, 0xf0, 0xff, 0xff, 0xff, // .......@........
	0xff, 0x03, 0x20, 0x6d, 0x30, 0x86, 0xff, 0xff, 0xff, 0xff, 0x1f, 0x00, 0x09, 0xa8, 0x00, 0x49, // .. m0..........I
	0x18, 0x00, 0x00, 0x03, 0x00, 0x00, 0x00, 0x13, 0x82, 0x60, 0x42, 0x20, 0x4c, 0x08, 0x06, 0x00, // .........`B L...
	0x00, 0x00, 0x00, 0x89, 0x20, 0x00, 0x00, 0x29, 0x00, 0x00, 0x00, 0x32, 0x22, 0x48, 0x09, 0x20, // .... ..)...2"H. 
	0x64, 0x85, 0x04, 0x93, 0x22, 0xa4, 0x84, 0x04, 0x93, 0x22, 0xe3, 0x84, 0xa1, 0x90, 0x14, 0x12, // d..."...."......
	0x4c, 0x8a, 0x8c, 0x0b, 0x84, 0xa4, 0x4c, 0x10, 0x78, 0x73, 0x04, 0x60, 0x90, 0x01, 0x80, 0xc2, // L.....L.xs.`....
	0x08, 0x40, 0x09, 0x06, 0x91, 0x19, 0x80, 0x39, 0x02, 0xa4, 0x18, 0x06, 0x00, 0x70, 0x00, 0xa1, // .@.....9.....p..
	0x62, 0x0c, 0x00, 0xc0, 0x31, 0xa4, 0x8e, 0x1a, 0x2e, 0x7f, 0xc2, 0x1e, 0x42, 0xf2, 0xb9, 0x8d, // b...1.......B...
	0x2a, 0x56, 0x62, 0xf2, 0x8b, 0xdb, 0x46, 0x84, 0x31, 0xc6, 0xd0, 0xb9, 0x67, 0xb8, 0xfc, 0x09, // *Vb...F.1...g...
	0x7b, 0x08, 0xc9, 0x0f, 0x81, 0x66, 0x58, 0x08, 0x14, 0xb4, 0x42, 0x30, 0xe0, 0x00, 0xbd, 0x52, // {....fX...B0...R
	0x18, 0x60, 0x8c, 0xa1, 0x38, 0x47, 0x10, 0x14, 0xc3, 0x81, 0x03, 0xc0, 0x24, 0x3a, 0x10, 0x30, // .`..8G......$:.0
	0x8c, 0x40, 0x18, 0x49, 0x70, 0x67, 0x9a, 0xd0, 0xe1, 0x1d, 0xe6, 0x81, 0x1e, 0xd8, 0x21, 0x1c, // .@.Ipg........!.
	0xf2, 0xe1, 0x1d, 0xea, 0x81, 0x1e, 0xdc, 0x80, 0x0c, 0x4e, 0x81, 0x1d, 0xde, 0x41, 0x1c, 0xc2, // .........N...A..
	0x81, 0x1d, 0xe6, 0x01, 0x05, 0x98, 0x72, 0x22, 0x80, 0x39, 0x02, 0x50, 0x20, 0x00, 0x00, 0x13, // ......r".9.P ...
	0x14, 0x72, 0xc0, 0x87, 0x74, 0x60, 0x87, 0x36, 0x68, 0x87, 0x79, 0x68, 0x03, 0x72, 0xc0, 0x87, // .r..t`.6h.yh.r..
	0x0d, 0xaf, 0x50, 0x0e, 0x6d, 0xd0, 0x0e, 0x7a, 0x50, 0x0e, 0x6d, 0x00, 0x0f, 0x7a, 0x30, 0x07, // ..P.m..zP.m..z0.
	0x72, 0xa0, 0x07, 0x73, 0x20, 0x07, 0x6d, 0x90, 0x0e, 0x71, 0xa0, 0x07, 0x73, 0x20, 0x07, 0x6d, // r..s .m..q..s .m
	0x90, 0x0e, 0x78, 0xa0, 0x07, 0x73, 0x20, 0x07, 0x6d, 0x90, 0x0e, 0x71, 0x60, 0x07, 0x7a, 0x30, // ..x..s .m..q`.z0
	0x07, 0x72, 0xd0, 0x06, 0xe9, 0x30, 0x07, 0x72, 0xa0, 0x07, 0x73, 0x20, 0x07, 0x6d, 0x90, 0x0e, // .r...0.r..s .m..
	0x76, 0x40, 0x07, 0x7a, 0x60, 0x07, 0x74, 0xd0, 0x06, 0xe6, 0x10, 0x07, 0x76, 0xa0, 0x07, 0x73, // v@.z`.t.....v..s
	0x20, 0x07, 0x6d, 0x60, 0x0e, 0x73, 0x20, 0x07, 0x7a, 0x30, 0x07, 0x72, 0xd0, 0x06, 0xe6, 0x60, //  .m`.s .z0.r...`
	0x07, 0x74, 0xa0, 0x07, 0x76, 0x40, 0x07, 0x6d, 0xe0, 0x0e, 0x78, 0xa0, 0x07, 0x71, 0x60, 0x07, // .t..v@.m..x..q`.
	0x7a, 0x30, 0x07, 0x72, 0xa0, 0x07, 0x76, 0x40, 0x07, 0x3a, 0x0f, 0x24, 0x90, 0x21, 0x23, 0x25, // z0.r..v@.:.$.!#%
	0x40, 0x00, 0x1e, 0xae, 0x31, 0xe4, 0x21, 0x00, 0x00, 0x00, 0x00, 0x00, 0x00, 0x00, 0x00, 0x00, // @...1.!.........
	0x00, 0x60, 0xc8, 0x83, 0x00, 0x01, 0x10, 0x00, 0x00, 0x00, 0x00, 0x00, 0x00, 0x00, 0xc0, 0x90, // .`..............
	0x47, 0x01, 0x02, 0x40, 0x00, 0x00, 0x00, 0x00, 0x00, 0x00, 0x00, 0x80, 0x21, 0xcf, 0x03, 0x04, // G..@........!...
	0xc0, 0x00, 0x00, 0x00, 0x00, 0x00, 0x00, 0x00, 0x00, 0x43, 0x9e, 0x08, 0x08, 0x80, 0x00, 0x00, // .........C......
	0x00, 0x00, 0x00, 0x00, 0x00, 0x00, 0x86, 0x3c, 0x14, 0x10, 0x00, 0x03, 0x00, 0x00, 0x00, 0x00, // .......<........
	0x00, 0x00, 0x00, 0x64, 0x81, 0x00, 0x00, 0x0f, 0x00, 0x00, 0x00, 0x32, 0x1e, 0x98, 0x14, 0x19, // ...d.......2....
	0x11, 0x4c, 0x90, 0x8c, 0x09, 0x26, 0x47, 0xc6, 0x04, 0x43, 0x02, 0x25, 0x30, 0x02, 0x50, 0x12, // .L...&G..C.%0.P.
	0xc5, 0x50, 0x80, 0x01, 0x65, 0x50, 0x1e, 0xc4, 0x4b, 0x80, 0x4e, 0x49, 0x8c, 0x00, 0x14, 0x42, // .P..eP..K.NI...B
	0x11, 0x94, 0x01, 0xe9, 0x19, 0x00, 0xda, 0x63, 0x21, 0x06, 0x02, 0x81, 0x01, 0x28, 0x80, 0xc4, // .......c!....(..
	0xf3, 0x50, 0x18, 0x01, 0x00, 0x00, 0x00, 0x79, 0x18, 0x00, 0x00, 0x59, 0x00, 0x00, 0x00, 0x1a, // .P.....y...Y....
	0x03, 0x4c, 0x90, 0x46, 0x02, 0x13, 0xc4, 0x31, 0x20, 0xc3, 0x1b, 0x43, 0x81, 0x93, 0x4b, 0xb3, // .L.F...1 ..C..K.
	0x0b, 0xa3, 0x2b, 0x4b, 0x01, 0x89, 0x71, 0xc1, 0x71, 0x81, 0x71, 0xa1, 0xc1, 0x81, 0xb1, 0x01, // ..+K..q.q.q.....
	0x41, 0xb9, 0xa9, 0x09, 0x83, 0x91, 0xc9, 0x21, 0xcb, 0xa9, 0x49, 0xd9, 0x10, 0x04, 0x13, 0x04, // A......!..I.....
	0xe0, 0x98, 0x20, 0x00, 0xc8, 0x06, 0x61, 0x20, 0x26, 0x08, 0x40, 0xb2, 0x41, 0x18, 0x0c, 0x0a, // .. ...a &.@.A...
	0x76, 0x73, 0x13, 0x04, 0x40, 0xd9, 0x30, 0x20, 0x09, 0x31, 0x41, 0xd0, 0x28, 0x02, 0x13, 0x04, // vs..@.0 .1A.(...
	0x60, 0xd9, 0x80, 0x10, 0x0b, 0x43, 0x10, 0x43, 0x03, 0x6c, 0x08, 0x9c, 0x0d, 0x04, 0x00, 0x3c, // `....C.C.l.....<
	0xc0, 0x04, 0x61, 0xab, 0x36, 0x04, 0xd1, 0x04, 0xa1, 0x08, 0x48, 0xb4, 0x85, 0xa5, 0xb9, 0xb1, // ..a.6.....H.....
	0x18, 0x7a, 0x62, 0x7a, 0x92, 0x9a, 0x20, 0x1c, 0xcf, 0x04, 0xe1, 0x80, 0x36, 0x04, 0xc4, 0x04, // .zbz.. .....6...
	0xe1, 0x88, 0x26, 0x08, 0x00, 0x33, 0x41, 0x00, 0x9a, 0x0d, 0x82, 0xb6, 0x6d, 0x58, 0x88, 0xca, // ..&..3A.....mX..
	0xba, 0xb0, 0x6b, 0xc8, 0x88, 0x8b, 0x23, 0x02, 0xf5, 0x34, 0x95, 0x44, 0x95, 0xf4, 0xe4, 0x34, // ..k...#..4.D...4
	0x41, 0x38, 0xa4, 0x0d, 0x82, 0xa6, 0x6d, 0x58, 0x06, 0xcf, 0xba, 0xb0, 0x6b, 0xf8, 0x86, 0x0b, // A8....mX....k...
	0x0c, 0x36, 0x08, 0x5d, 0x18, 0x70, 0x99, 0xb2, 0xfa, 0x82, 0x7a, 0x9b, 0x4b, 0xa3, 0x4b, 0x7b, // .6.].p....z.K.K{
	0x73, 0x9b, 0x20, 0x1c, 0xd3, 0x86, 0x85, 0x18, 0x03, 0x8b, 0x0c, 0xb0, 0x6c, 0xc8, 0x88, 0x8b, // s. .........l...
	0xdb, 0xb0, 0x0c, 0x95, 0x75, 0x61, 0xdf, 0x90, 0x0d, 0x17, 0xb7, 0x41, 0x28, 0x03, 0x33, 0xd8, // ....ua.....A(.3.
	0x30, 0x88, 0xc1, 0x19, 0x00, 0x13, 0x04, 0xce, 0xd9, 0x20, 0x10, 0x69, 0xb0, 0xa1, 0x98, 0x28, // 0........ .i...(
	0x34, 0x80, 0xd4, 0xa0, 0x0a, 0x1b, 0x9b, 0x5d, 0x9b, 0x4b, 0x1a, 0x59, 0x99, 0x1b, 0xdd, 0x94, // 4......].K.Y....
	0x20, 0xa8, 0x42, 0x86, 0xe7, 0x62, 0x57, 0x26, 0x37, 0x97, 0xf6, 0xe6, 0x36, 0x25, 0x20, 0x9a, //  .B..bW&7...6% .
	0x90, 0xe1, 0xb9, 0xd8, 0x85, 0xb1, 0xd9, 0x95, 0xc9, 0x4d, 0x09, 0x8c, 0x3a, 0x64, 0x78, 0x2e, // .........M..:dx.
	0x73, 0x68, 0x61, 0x64, 0x65, 0x72, 0x4d, 0x6f, 0x64, 0x65, 0x6c, 0x53, 0x82, 0xa4, 0x0c, 0x19, // shaderModelS....
	0x9e, 0x8b, 0x5c, 0xd9, 0xdc, 0x5b, 0x9d, 0xdc, 0x58, 0xd9, 0xdc, 0x94, 0xe0, 0xa9, 0x43, 0x86, // .....[..X.....C.
	0xe7, 0x62, 0x97, 0x56, 0x76, 0x97, 0x44, 0x36, 0x45, 0x17, 0x46, 0x57, 0x36, 0x25, 0x88, 0xea, // .b.Vv.D6E.FW6%..
	0x90, 0xe1, 0xb9, 0x94, 0xb9, 0xd1, 0xc9, 0xe5, 0x41, 0xbd, 0xa5, 0xb9, 0xd1, 0xcd, 0x4d, 0x09, // ........A.....M.
	0xd4, 0x00, 0x00, 0x79, 0x18, 0x00, 0x00, 0x4c, 0x00, 0x00, 0x00, 0x33, 0x08, 0x80, 0x1c, 0xc4, // ...y...L...3....
	0xe1, 0x1c, 0x66, 0x14, 0x01, 0x3d, 0x88, 0x43, 0x38, 0x84, 0xc3, 0x8c, 0x42, 0x80, 0x07, 0x79, // ..f..=.C8...B..y
	0x78, 0x07, 0x73, 0x98, 0x71, 0x0c, 0xe6, 0x00, 0x0f, 0xed, 0x10, 0x0e, 0xf4, 0x80, 0x0e, 0x33, // x.s.q..........3
	0x0c, 0x42, 0x1e, 0xc2, 0xc1, 0x1d, 0xce, 0xa1, 0x1c, 0x66, 0x30, 0x05, 0x3d, 0x88, 0x43, 0x38, // .B.......f0.=.C8
	0x84, 0x83, 0x1b, 0xcc, 0x03, 0x3d, 0xc8, 0x43, 0x3d, 0x8c, 0x03, 0x3d, 0xcc, 0x78, 0x8c, 0x74, // .....=.C=..=.x.t
	0x70, 0x07, 0x7b, 0x08, 0x07, 0x79, 0x48, 0x87, 0x70, 0x70, 0x07, 0x7a, 0x70, 0x03, 0x76, 0x78, // p.{..yH.pp.zp.vx
	0x87, 0x70, 0x20, 0x87, 0x19, 0xcc, 0x11, 0x0e, 0xec, 0x90, 0x0e, 0xe1, 0x30, 0x0f, 0x6e, 0x30, // .p .........0.n0
	0x0f, 0xe3, 0xf0, 0x0e, 0xf0, 0x50, 0x0e, 0x33, 0x10, 0xc4, 0x1d, 0xde, 0x21, 0x1c, 0xd8, 0x21, // .....P.3....!..!
	0x1d, 0xc2, 0x61, 0x1e, 0x66, 0x30, 0x89, 0x3b, 0xbc, 0x83, 0x3b, 0xd0, 0x43, 0x39, 0xb4, 0x03, // ..a.f0.;..;.C9..
	0x3c, 0xbc, 0x83, 0x3c, 0x84, 0x03, 0x3b, 0xcc, 0xf0, 0x14, 0x76, 0x60, 0x07, 0x7b, 0x68, 0x07, // <..<..;...v`.{h.
	0x37, 0x68, 0x87, 0x72, 0x68, 0x07, 0x37, 0x80, 0x87, 0x70, 0x90, 0x87, 0x70, 0x60, 0x07, 0x76, // 7h.rh.7..p..p`.v
	0x28, 0x07, 0x76, 0xf8, 0x05, 0x76, 0x78, 0x87, 0x77, 0x80, 0x87, 0x5f, 0x08, 0x87, 0x71, 0x18, // (.v..vx.w.._..q.
	0x87, 0x72, 0x98, 0x87, 0x79, 0x98, 0x81, 0x2c, 0xee, 0xf0, 0x0e, 0xee, 0xe0, 0x0e, 0xf5, 0xc0, // .r..y..,........
	0x0e, 0xec, 0x30, 0x03, 0x62, 0xc8, 0xa1, 0x1c, 0xe4, 0xa1, 0x1c, 0xcc, 0xa1, 0x1c, 0xe4, 0xa1, // ..0.b...........
	0x1c, 0xdc, 0x61, 0x1c, 0xca, 0x21, 0x1c, 0xc4, 0x81, 0x1d, 0xca, 0x61, 0x06, 0xd6, 0x90, 0x43, // ..a..!.....a...C
	0x39, 0xc8, 0x43, 0x39, 0x98, 0x43, 0x39, 0xc8, 0x43, 0x39, 0xb8, 0xc3, 0x38, 0x94, 0x43, 0x38, // 9.C9.C9.C9..8.C8
	0x88, 0x03, 0x3b, 0x94, 0xc3, 0x2f, 0xbc, 0x83, 0x3c, 0xfc, 0x82, 0x3b, 0xd4, 0x03, 0x3b, 0xb0, // ..;../..<..;..;.
	0xc3, 0x0c, 0xc4, 0x21, 0x07, 0x7c, 0x70, 0x03, 0x7a, 0x28, 0x87, 0x76, 0x80, 0x87, 0x19, 0xd1, // ...!.|p.z(.v....
	0x43, 0x0e, 0xf8, 0xe0, 0x06, 0xe4, 0x20, 0x0e, 0xe7, 0xe0, 0x06, 0xf6, 0x10, 0x0e, 0xf2, 0xc0, // C..... .........
	0x0e, 0xe1, 0x90, 0x0f, 0xef, 0x50, 0x0f, 0xf4, 0x00, 0x00, 0x00, 0x71, 0x20, 0x00, 0x00, 0x1b, // .....P.....q ...
	0x00, 0x00, 0x00, 0x06, 0xc0, 0x0c, 0x97, 0xdf, 0x38, 0xd3, 0x81, 0x34, 0x86, 0x0f, 0x18, 0xc1, // ........8..4....
	0x36, 0x5c, 0xbe, 0xf3, 0xf8, 0x42, 0x40, 0x15, 0x05, 0x11, 0x95, 0x0e, 0x30, 0x94, 0x84, 0x01, // 6....B@.....0...
	0x08, 0x98, 0x5f, 0xdc, 0xb6, 0x19, 0x48, 0xc3, 0xe5, 0x3b, 0x8f, 0x2f, 0x44, 0x04, 0x30, 0x11, // .._...H..;./D.0.
	0x21, 0xd0, 0x0c, 0x0b, 0x61, 0x02, 0xd3, 0x70, 0xf9, 0xce, 0xe3, 0x2f, 0x0e, 0x30, 0x88, 0xcd, // !...a..p.../.0..
	0x43, 0x4d, 0x7e, 0x71, 0xdb, 0x36, 0x50, 0x0d, 0x97, 0xef, 0x3c, 0xbe, 0x34, 0x39, 0x11, 0x81, // CM~q.6P...<.49..
	0x52, 0xd3, 0x43, 0x4d, 0x7e, 0x71, 0xdb, 0x56, 0x20, 0x0d, 0x97, 0xef, 0x3c, 0xfe, 0x44, 0x44, // R.CM~q.V ...<.DD
	0x13, 0x02, 0x44, 0x98, 0x5f, 0xdc, 0xb6, 0x05, 0x10, 0x0c, 0x80, 0x34, 0x00, 0x00, 0x00, 0x61, // ..D._......4...a
	0x20, 0x00, 0x00, 0x8c, 0x00, 0x00, 0x00, 0x13, 0x04, 0x41, 0x2c, 0x10, 0x00, 0x00, 0x00, 0x0a, //  ........A,.....
	0x00, 0x00, 0x00, 0x04, 0x8a, 0xab, 0x14, 0x0a, 0x61, 0x06, 0xa0, 0xec, 0x4a, 0xae, 0x08, 0x68, // ........a...J..h
	0x8e, 0x00, 0xd0, 0x29, 0x01, 0x32, 0x63, 0x04, 0x20, 0x08, 0x82, 0xf8, 0x37, 0x02, 0x40, 0x7d, // ...).2c. ...7.@}
	0xa8, 0x23, 0x10, 0x00, 0x00, 0x01, 0x10, 0x00, 0x00, 0x00, 0x00, 0x23, 0x06, 0x09, 0x00, 0x82, // .#.........#....
	0x60, 0x40, 0x75, 0x47, 0xb4, 0x6d, 0xc5, 0x88, 0x41, 0x02, 0x80, 0x20, 0x18, 0x20, 0x62, 0xb0, // `@uG.m..A.. . b.
	0x74, 0x1c, 0xa5, 0x8c, 0x18, 0x24, 0x00, 0x08, 0x82, 0x01, 0x32, 0x06, 0x8c, 0xd7, 0x19, 0xcb, // t....$....2.....
	0x88, 0x41, 0x02, 0x80, 0x20, 0x18, 0x20, 0x64, 0xd0, 0x78, 0x9e, 0xc5, 0x8c, 0x18, 0x24, 0x00, // .A.. . d.x....$.
	0x08, 0x82, 0x01, 0x52, 0x06, 0xce, 0xf7, 0x21, 0xcd, 0x88, 0x41, 0x02, 0x80, 0x20, 0x18, 0x20, // ...R...!..A.. . 
	0x66, 0xf0, 0x80, 0x01, 0x18, 0x58, 0xce, 0x88, 0x41, 0x02, 0x80, 0x20, 0x18, 0x20, 0x67, 0x00, // f....X..A.. . g.
	0x85, 0x41, 0x18, 0x58, 0x0f, 0x21, 0x00, 0x8c, 0x18, 0x1c, 0x00, 0x08, 0x82, 0xc1, 0x73, 0x06, // .A.X.!........s.
	0x10, 0x32, 0x06, 0xa3, 0x09, 0x01, 0x30, 0x9a, 0x20, 0x04, 0xa3, 0x09, 0x83, 0x30, 0x9a, 0x40, // .2....0. ....0.@
	0x0c, 0x23, 0x06, 0x07, 0x00, 0x82, 0x60, 0xf0, 0xb0, 0x41, 0xd5, 0xa4, 0xc1, 0x68, 0x42, 0x00, // .#....`..A...hB.
	0x8c, 0x26, 0x08, 0xc1, 0x68, 0xc2, 0x20, 0x8c, 0x26, 0x10, 0xc3, 0x88, 0xc1, 0x01, 0x80, 0x20, // .&..h. .&...... 
	0x18, 0x3c, 0x71, 0xa0, 0x49, 0xd8, 0x68, 0x42, 0x00, 0x8c, 0x26, 0x08, 0xc1, 0x68, 0xc2, 0x20, // .<q.I.hB..&..h. 
	0x8c, 0x26, 0x10, 0xc3, 0x88, 0xc1, 0x01, 0x80, 0x20, 0x18, 0x3c, 0x76, 0xf0, 0x5d, 0x6e, 0x30, // .&...... .<v.]n0
	0x9a, 0x10, 0x00, 0xa3, 0x09, 0x42, 0x30, 0x9a, 0x30, 0x08, 0xa3, 0x09, 0xc4, 0x60, 0xd3, 0x26, // .....B0.0....`.&
	0x9f, 0x11, 0x03, 0x04, 0x00, 0x41, 0x30, 0x88, 0xf6, 0x20, 0x0d, 0x9e, 0x2d, 0x18, 0x31, 0x40, // .....A0.. ..-.1@
	0x00, 0x10, 0x04, 0x83, 0x88, 0x0f, 0xd4, 0x60, 0x01, 0x83, 0x60, 0xc4, 0x00, 0x01, 0x40, 0x10, // .......`..`...@.
	0x0c, 0xa2, 0x3e, 0x58, 0x83, 0x43, 0x0c, 0x02, 0xb3, 0x3e, 0xf9, 0x8c, 0x18, 0x20, 0x00, 0x08, // ..>X.C...>... ..
	0x82, 0x41, 0xf4, 0x07, 0x6d, 0x20, 0x7d, 0xc1, 0x88, 0x01, 0x02, 0x80, 0x20, 0x18, 0x44, 0xa0, // .A..m }..... .D.
	0xe0, 0x06, 0x0e, 0x19, 0x04, 0x23, 0x06, 0x08, 0x00, 0x82, 0x60, 0x10, 0x85, 0xc2, 0x1b, 0x28, // .....#....`....(
	0x66, 0x10, 0x58, 0x36, 0x06, 0xf2, 0x19, 0x31, 0x40, 0x00, 0x10, 0x04, 0x83, 0x68, 0x14, 0xe2, // f.X6...1@....h..
	0xa0, 0x1a, 0x83, 0x60, 0xc4, 0x00, 0x01, 0x40, 0x10, 0x0c, 0x22, 0x52, 0x90, 0x83, 0x08, 0x0d, // ...`...@.."R....
	0x82, 0x11, 0x03, 0x04, 0x00, 0x41, 0x30, 0x88, 0x4a, 0x61, 0x0e, 0x1a, 0x35, 0x08, 0x8c, 0x3b, // .....A0.Ja..5..;
	0x03, 0xf9, 0x8c, 0x18, 0x20, 0x00, 0x08, 0x82, 0x41, 0x74, 0x0a, 0x75, 0x80, 0x9d, 0x41, 0x30, // .... ...At.u..A0
	0x62, 0x80, 0x00, 0x20, 0x08, 0x06, 0x11, 0x2a, 0xd8, 0x01, 0xc5, 0x06, 0xc1, 0x88, 0x01, 0x02, // b.. ...*........
	0x80, 0x20, 0x18, 0x44, 0xa9, 0x70, 0x07, 0x90, 0x1b, 0x04, 0xd4, 0x06, 0x00, 0x90, 0x1b, 0x00, // . .D.p..........
	0x40, 0x6f, 0x00, 0xc0, 0x88, 0x41, 0x02, 0x80, 0x20, 0x18, 0x28, 0xaf, 0xa0, 0x07, 0xaa, 0xa0, // @o...A.. .(.....
	0x0a, 0xa2, 0x00, 0x8d, 0x18, 0x24, 0x00, 0x08, 0x82, 0x81, 0xf2, 0x0a, 0x7a, 0xa0, 0x0a, 0xaa, // .....$......z...
	0x30, 0x07, 0xcc, 0x88, 0x41, 0x02, 0x80, 0x20, 0x18, 0x28, 0xaf, 0xa0, 0x07, 0xaa, 0xa0, 0x0a, // 0...A.. .(......
	0xa0, 0x80, 0x8c, 0x18, 0x24, 0x00, 0x08, 0x82, 0x81, 0xf2, 0x0a, 0x7a, 0xa0, 0x0a, 0xaa, 0xf0, // ....$......z....
	0x07, 0xc4, 0x88, 0x41, 0x02, 0x80, 0x20, 0x18, 0x28, 0xaf, 0xa0, 0x07, 0xab, 0xa0, 0x0a, 0xa2, // ...A.. .(.......
	0xc0, 0x06, 0x23, 0x06, 0x09, 0x00, 0x82, 0x60, 0xa0, 0xbc, 0x82, 0x1e, 0xac, 0x82, 0x2a, 0xcc, // ..#....`......*.
	0xc1, 0x1a, 0x8c, 0x18, 0x24, 0x00, 0x08, 0x82, 0x81, 0xf2, 0x0a, 0x7a, 0xb0, 0x0a, 0xaa, 0x00, // ....$......z....
	0x0a, 0x6a, 0x30, 0x62, 0x90, 0x00, 0x20, 0x08, 0x06, 0xca, 0x2b, 0xe8, 0xc1, 0x2a, 0xa8, 0xc2, // .j0b.. ...+..*..
	0x1f, 0xa4, 0x01, 0xc1, 0x01, 0x00, 0x08, 0x00, 0x00, 0x00, 0x00, 0x00, 0x02, 0x05, 0x00, 0x01, // ................
	0x00, 0x40, 0x00,                                                                               // .@.
};

static const uint8_t quad_vs_spv[1051] =
{
	0x56, 0x53, 0x48, 0x0b, 0x00, 0x00, 0x00, 0x00, 0xa4, 0x8b, 0xef, 0x49, 0x01, 0x00, 0x0a, 0x75, // VSH........I...u
	0x5f, 0x76, 0x69, 0x65, 0x77, 0x50, 0x72, 0x6f, 0x6a, 0x04, 0x01, 0x00, 0x00, 0x04, 0x00, 0x00, // _viewProj.......
	0x00, 0x00, 0x00, 0xec, 0x03, 0x00, 0x00, 0x03, 0x02, 0x23, 0x07, 0x00, 0x06, 0x01, 0x00, 0x0b, // .........#......
	0x00, 0x08, 0x00, 0x5e, 0x00, 0x00, 0x00, 0x00, 0x00, 0x00, 0x00, 0x11, 0x00, 0x02, 0x00, 0x01, // ...^............
	0x00, 0x00, 0x00, 0x0b, 0x00, 0x06, 0x00, 0x01, 0x00, 0x00, 0x00, 0x47, 0x4c, 0x53, 0x4c, 0x2e, // ...........GLSL.
	0x73, 0x74, 0x64, 0x2e, 0x34, 0x35, 0x30, 0x00, 0x00, 0x00, 0x00, 0x0e, 0x00, 0x03, 0x00, 0x00, // std.450.........
	0x00, 0x00, 0x00, 0x01, 0x00, 0x00, 0x00, 0x0f, 0x00, 0x0a, 0x00, 0x00, 0x00, 0x00, 0x00, 0x04, // ................
	0x00, 0x00, 0x00, 0x6d, 0x61, 0x69, 0x6e, 0x00, 0x00, 0x00, 0x00, 0x21, 0x00, 0x00, 0x00, 0x2e, // ...main....!....
	0x00, 0x00, 0x00, 0x32, 0x00, 0x00, 0x00, 0x3b, 0x00, 0x00, 0x00, 0x3e, 0x00, 0x00, 0x00, 0x03, // ...2...;...>....
	0x00, 0x03, 0x00, 0x05, 0x00, 0x00, 0x00, 0xf4, 0x01, 0x00, 0x00, 0x05, 0x00, 0x04, 0x00, 0x04, // ................
	0x00, 0x00, 0x00, 0x6d, 0x61, 0x69, 0x6e, 0x00, 0x00, 0x00, 0x00, 0x05, 0x00, 0x06, 0x00, 0x1f, // ...main.........
	0x00, 0x00, 0x00, 0x55, 0x6e, 0x69, 0x66, 0x6f, 0x72, 0x6d, 0x42, 0x6c, 0x6f, 0x63, 0x6b, 0x00, // ...UniformBlock.
	0x00, 0x00, 0x00, 0x06, 0x00, 0x06, 0x00, 0x1f, 0x00, 0x00, 0x00, 0x00, 0x00, 0x00, 0x00, 0x75, // ...............u
	0x5f, 0x76, 0x69, 0x65, 0x77, 0x50, 0x72, 0x6f, 0x6a, 0x00, 0x00, 0x05, 0x00, 0x03, 0x00, 0x21, // _viewProj......!
	0x00, 0x00, 0x00, 0x00, 0x00, 0x00, 0x00, 0x05, 0x00, 0x05, 0x00, 0x2e, 0x00, 0x00, 0x00, 0x61, // ...............a
	0x5f, 0x63, 0x6f, 0x6c, 0x6f, 0x72, 0x30, 0x00, 0x00, 0x00, 0x00, 0x05, 0x00, 0x05, 0x00, 0x32, // _color0........2
	0x00, 0x00, 0x00, 0x61, 0x5f, 0x70, 0x6f, 0x73, 0x69, 0x74, 0x69, 0x6f, 0x6e, 0x00, 0x00, 0x05, // ...a_position...
	0x00, 0x0a, 0x00, 0x3b, 0x00, 0x00, 0x00, 0x40, 0x65, 0x6e, 0x74, 0x72, 0x79, 0x50, 0x6f, 0x69, // ...;...@entryPoi
	0x6e, 0x74, 0x4f, 0x75, 0x74, 0x70, 0x75, 0x74, 0x2e, 0x67, 0x6c, 0x5f, 0x50, 0x6f, 0x73, 0x69, // ntOutput.gl_Posi
	0x74, 0x69, 0x6f, 0x6e, 0x00, 0x00, 0x00, 0x05, 0x00, 0x09, 0x00, 0x3e, 0x00, 0x00, 0x00, 0x40, // tion.......>...@
	0x65, 0x6e, 0x74, 0x72, 0x79, 0x50, 0x6f, 0x69, 0x6e, 0x74, 0x4f, 0x75, 0x74, 0x70, 0x75, 0x74, // entryPointOutput
	0x2e, 0x76, 0x5f, 0x63, 0x6f, 0x6c, 0x6f, 0x72, 0x30, 0x00, 0x00, 0x47, 0x00, 0x03, 0x00, 0x1f, // .v_color0..G....
	0x00, 0x00, 0x00, 0x02, 0x00, 0x00, 0x00, 0x48, 0x00, 0x04, 0x00, 0x1f, 0x00, 0x00, 0x00, 0x00, // .......H........
	0x00, 0x00, 0x00, 0x04, 0x00, 0x00, 0x00, 0x48, 0x00, 0x05, 0x00, 0x1f, 0x00, 0x00, 0x00, 0x00, // .......H........
	0x00, 0x00, 0x00, 0x07, 0x00, 0x00, 0x00, 0x10, 0x00, 0x00, 0x00, 0x48, 0x00, 0x05, 0x00, 0x1f, // ...........H....
	0x00, 0x00, 0x00, 0x00, 0x00, 0x00, 0x00, 0x23, 0x00, 0x00, 0x00, 0x00, 0x00, 0x00, 0x00, 0x47, // .......#.......G
	0x00, 0x04, 0x00, 0x21, 0x00, 0x00, 0x00, 0x21, 0x00, 0x00, 0x00, 0x00, 0x00, 0x00, 0x00, 0x47, // ...!...!.......G
	0x00, 0x04, 0x00, 0x21, 0x00, 0x00, 0x00, 0x22, 0x00, 0x00, 0x00, 0x00, 0x00, 0x00, 0x00, 0x47, // ...!...".......G
	0x00, 0x04, 0x00, 0x2e, 0x00, 0x00, 0x00, 0x1e, 0x00, 0x00, 0x00, 0x00, 0x00, 0x00, 0x00, 0x47, // ...............G
	0x00, 0x04, 0x00, 0x32, 0x00, 0x00, 0x00, 0x1e, 0x00, 0x00, 0x00, 0x01, 0x00, 0x00, 0x00, 0x47, // ...2...........G
	0x00, 0x04, 0x00, 0x3b, 0x00, 0x00, 0x00, 0x0b, 0x00, 0x00, 0x00, 0x00, 0x00, 0x00, 0x00, 0x47, // ...;...........G
	0x00, 0x04, 0x00, 0x3e, 0x00, 0x00, 0x00, 0x1e, 0x00, 0x00, 0x00, 0x00, 0x00, 0x00, 0x00, 0x13, // ...>............
	0x00, 0x02, 0x00, 0x02, 0x00, 0x00, 0x00, 0x21, 0x00, 0x03, 0x00, 0x03, 0x00, 0x00, 0x00, 0x02, // .......!........
	0x00, 0x00, 0x00, 0x16, 0x00, 0x03, 0x00, 0x06, 0x00, 0x00, 0x00, 0x20, 0x00, 0x00, 0x00, 0x17, // ........... ....
	0x00, 0x04, 0x00, 0x07, 0x00, 0x00, 0x00, 0x06, 0x00, 0x00, 0x00, 0x04, 0x00, 0x00, 0x00, 0x17, // ................
	0x00, 0x04, 0x00, 0x09, 0x00, 0x00, 0x00, 0x06, 0x00, 0x00, 0x00, 0x02, 0x00, 0x00, 0x00, 0x15, // ................
	0x00, 0x04, 0x00, 0x13, 0x00, 0x00, 0x00, 0x20, 0x00, 0x00, 0x00, 0x01, 0x00, 0x00, 0x00, 0x2b, // ....... .......+
	0x00, 0x04, 0x00, 0x06, 0x00, 0x00, 0x00, 0x15, 0x00, 0x00, 0x00, 0x00, 0x00, 0x00, 0x00, 0x2b, // ...............+
	0x00, 0x04, 0x00, 0x13, 0x00, 0x00, 0x00, 0x18, 0x00, 0x00, 0x00, 0x00, 0x00, 0x00, 0x00, 0x2b, // ...............+
	0x00, 0x04, 0x00, 0x06, 0x00, 0x00, 0x00, 0x1a, 0x00, 0x00, 0x00, 0x00, 0x00, 0x80, 0x3f, 0x18, // ..............?.
	0x00, 0x04, 0x00, 0x1e, 0x00, 0x00, 0x00, 0x07, 0x00, 0x00, 0x00, 0x04, 0x00, 0x00, 0x00, 0x1e, // ................
	0x00, 0x03, 0x00, 0x1f, 0x00, 0x00, 0x00, 0x1e, 0x00, 0x00, 0x00, 0x20, 0x00, 0x04, 0x00, 0x20, // ........... ... 
	0x00, 0x00, 0x00, 0x02, 0x00, 0x00, 0x00, 0x1f, 0x00, 0x00, 0x00, 0x3b, 0x00, 0x04, 0x00, 0x20, // ...........;... 
	0x00, 0x00, 0x00, 0x21, 0x00, 0x00, 0x00, 0x02, 0x00, 0x00, 0x00, 0x20, 0x00, 0x04, 0x00, 0x22, // ...!....... ..."
	0x00, 0x00, 0x00, 0x02, 0x00, 0x00, 0x00, 0x1e, 0x00, 0x00, 0x00, 0x20, 0x00, 0x04, 0x00, 0x2d, // ........... ...-
	0x00, 0x00, 0x00, 0x01, 0x00, 0x00, 0x00, 0x07, 0x00, 0x00, 0x00, 0x3b, 0x00, 0x04, 0x00, 0x2d, // ...........;...-
	0x00, 0x00, 0x00, 0x2e, 0x00, 0x00, 0x00, 0x01, 0x00, 0x00, 0x00, 0x20, 0x00, 0x04, 0x00, 0x31, // ........... ...1
	0x00, 0x00, 0x00, 0x01, 0x00, 0x00, 0x00, 0x09, 0x00, 0x00, 0x00, 0x3b, 0x00, 0x04, 0x00, 0x31, // ...........;...1
	0x00, 0x00, 0x00, 0x32, 0x00, 0x00, 0x00, 0x01, 0x00, 0x00, 0x00, 0x20, 0x00, 0x04, 0x00, 0x3a, // ...2....... ...:
	0x00, 0x00, 0x00, 0x03, 0x00, 0x00, 0x00, 0x07, 0x00, 0x00, 0x00, 0x3b, 0x00, 0x04, 0x00, 0x3a, // ...........;...:
	0x00, 0x00, 0x00, 0x3b, 0x00, 0x00, 0x00, 0x03, 0x00, 0x00, 0x00, 0x3b, 0x00, 0x04, 0x00, 0x3a, // ...;.......;...:
	0x00, 0x00, 0x00, 0x3e, 0x00, 0x00, 0x00, 0x03, 0x00, 0x00, 0x00, 0x36, 0x00, 0x05, 0x00, 0x02, // ...>.......6....
	0x00, 0x00, 0x00, 0x04, 0x00, 0x00, 0x00, 0x00, 0x00, 0x00, 0x00, 0x03, 0x00, 0x00, 0x00, 0xf8, // ................
	0x00, 0x02, 0x00, 0x05, 0x00, 0x00, 0x00, 0x3d, 0x00, 0x04, 0x00, 0x07, 0x00, 0x00, 0x00, 0x2f, // .......=......./
	0x00, 0x00, 0x00, 0x2e, 0x00, 0x00, 0x00, 0x3d, 0x00, 0x04, 0x00, 0x09, 0x00, 0x00, 0x00, 0x33, // .......=.......3
	0x00, 0x00, 0x00, 0x32, 0x00, 0x00, 0x00, 0x51, 0x00, 0x05, 0x00, 0x06, 0x00, 0x00, 0x00, 0x58, // ...2...Q.......X
	0x00, 0x00, 0x00, 0x33, 0x00, 0x00, 0x00, 0x00, 0x00, 0x00, 0x00, 0x51, 0x00, 0x05, 0x00, 0x06, // ...3.......Q....
	0x00, 0x00, 0x00, 0x59, 0x00, 0x00, 0x00, 0x33, 0x00, 0x00, 0x00, 0x01, 0x00, 0x00, 0x00, 0x50, // ...Y...3.......P
	0x00, 0x07, 0x00, 0x07, 0x00, 0x00, 0x00, 0x5a, 0x00, 0x00, 0x00, 0x58, 0x00, 0x00, 0x00, 0x59, // .......Z...X...Y
	0x00, 0x00, 0x00, 0x15, 0x00, 0x00, 0x00, 0x1a, 0x00, 0x00, 0x00, 0x41, 0x00, 0x05, 0x00, 0x22, // ...........A..."
	0x00, 0x00, 0x00, 0x5b, 0x00, 0x00, 0x00, 0x21, 0x00, 0x00, 0x00, 0x18, 0x00, 0x00, 0x00, 0x3d, // ...[...!.......=
	0x00, 0x04, 0x00, 0x1e, 0x00, 0x00, 0x00, 0x5c, 0x00, 0x00, 0x00, 0x5b, 0x00, 0x00, 0x00, 0x90, // ...........[....
	0x00, 0x05, 0x00, 0x07, 0x00, 0x00, 0x00, 0x5d, 0x00, 0x00, 0x00, 0x5a, 0x00, 0x00, 0x00, 0x5c, // .......]...Z....
	0x00, 0x00, 0x00, 0x3e, 0x00, 0x03, 0x00, 0x3b, 0x00, 0x00, 0x00, 0x5d, 0x00, 0x00, 0x00, 0x3e, // ...>...;...]...>
	0x00, 0x03, 0x00, 0x3e, 0x00, 0x00, 0x00, 0x2f, 0x00, 0x00, 0x00, 0xfd, 0x00, 0x01, 0x00, 0x38, // ...>.../.......8
	0x00, 0x01, 0x00, 0x00, 0x02, 0x05, 0x00, 0x01, 0x00, 0x40, 0x00,                               // .........@.
};

static const uint8_t quad_vs_glsl[4847] =
{
	0x56, 0x53, 0x48, 0x0b, 0x00, 0x00, 0x00, 0x00, 0xa4, 0x8b, 0xef, 0x49, 0x00, 0x00, 0xdc, 0x12, // VSH........I....
	0x00, 0x00, 0x23, 0x76, 0x65, 0x72, 0x73, 0x69, 0x6f, 0x6e, 0x20, 0x34, 0x34, 0x30, 0x0a, 0x23, // ..#version 440.#
	0x64, 0x65, 0x66, 0x69, 0x6e, 0x65, 0x20, 0x74, 0x65, 0x78, 0x74, 0x75, 0x72, 0x65, 0x32, 0x44, // define texture2D
	0x20, 0x20, 0x20, 0x20, 0x20, 0x20, 0x20, 0x20, 0x20, 0x20, 0x74, 0x65, 0x78, 0x74, 0x75, 0x72, //           textur
	0x65, 0x0a, 0x23, 0x64, 0x65, 0x66, 0x69, 0x6e, 0x65, 0x20, 0x74, 0x65, 0x78, 0x74, 0x75, 0x72, // e.#define textur
	0x65, 0x32, 0x44, 0x4c, 0x6f, 0x64, 0x20, 0x20, 0x20, 0x20, 0x20, 0x20, 0x20, 0x74, 0x65, 0x78, // e2DLod       tex
	0x74, 0x75, 0x72, 0x65, 0x4c, 0x6f, 0x64, 0x0a, 0x23, 0x64, 0x65, 0x66, 0x69, 0x6e, 0x65, 0x20, // tureLod.#define 
	0x74, 0x65, 0x78, 0x74, 0x75, 0x72, 0x65, 0x32, 0x44, 0x47, 0x72, 0x61, 0x64, 0x20, 0x20, 0x20, // texture2DGrad   
	0x20, 0x20, 0x20, 0x74, 0x65, 0x78, 0x74, 0x75, 0x72, 0x65, 0x47, 0x72, 0x61, 0x64, 0x0a, 0x23, //    textureGrad.#
	0x64, 0x65, 0x66, 0x69, 0x6e, 0x65, 0x20, 0x74, 0x65, 0x78, 0x74, 0x75, 0x72, 0x65, 0x32, 0x44, // define texture2D
	0x50, 0x72, 0x6f, 0x6a, 0x4c, 0x6f, 0x64, 0x20, 0x20, 0x20, 0x74, 0x65, 0x78, 0x74, 0x75, 0x72, // ProjLod   textur
	0x65, 0x50, 0x72, 0x6f, 0x6a, 0x4c, 0x6f, 0x64, 0x0a, 0x23, 0x64, 0x65, 0x66, 0x69, 0x6e, 0x65, // eProjLod.#define
	0x20, 0x74, 0x65, 0x78, 0x74, 0x75, 0x72, 0x65, 0x32, 0x44, 0x50, 0x72, 0x6f, 0x6a, 0x47, 0x72, //  texture2DProjGr
	0x61, 0x64, 0x20, 0x20, 0x74, 0x65, 0x78, 0x74, 0x75, 0x72, 0x65, 0x50, 0x72, 0x6f, 0x6a, 0x47, // ad  textureProjG
	0x72, 0x61, 0x64, 0x0a, 0x23, 0x64, 0x65, 0x66, 0x69, 0x6e, 0x65, 0x20, 0x74, 0x65, 0x78, 0x74, // rad.#define text
	0x75, 0x72, 0x65, 0x43, 0x75, 0x62, 0x65, 0x4c, 0x6f, 0x64, 0x20, 0x20, 0x20, 0x20, 0x20, 0x74, // ureCubeLod     t
	0x65, 0x78, 0x74, 0x75, 0x72, 0x65, 0x4c, 0x6f, 0x64, 0x0a, 0x23, 0x64, 0x65, 0x66, 0x69, 0x6e, // extureLod.#defin
	0x65, 0x20, 0x74, 0x65, 0x78, 0x74, 0x75, 0x72, 0x65, 0x43, 0x75, 0x62, 0x65, 0x47, 0x72, 0x61, // e textureCubeGra
	0x64, 0x20, 0x20, 0x20, 0x20, 0x74, 0x65, 0x78, 0x74, 0x75, 0x72, 0x65, 0x47, 0x72, 0x61, 0x64, // d    textureGrad
	0x0a, 0x23, 0x64, 0x65, 0x66, 0x69, 0x6e, 0x65, 0x20, 0x74, 0x65, 0x78, 0x74, 0x75, 0x72, 0x65, // .#define texture
	0x33, 0x44, 0x20, 0x20, 0x20, 0x20, 0x20, 0x20, 0x20, 0x20, 0x20, 0x20, 0x74, 0x65, 0x78, 0x74, // 3D          text
	0x75, 0x72, 0x65, 0x0a, 0x23, 0x64, 0x65, 0x66, 0x69, 0x6e, 0x65, 0x20, 0x74, 0x65, 0x78, 0x74, // ure.#define text
	0x75, 0x72, 0x65, 0x32, 0x44, 0x4c, 0x6f, 0x64, 0x4f, 0x66, 0x66, 0x73, 0x65, 0x74, 0x20, 0x74, // ure2DLodOffset t
	0x65, 0x78, 0x74, 0x75, 0x72, 0x65, 0x4c, 0x6f, 0x64, 0x4f, 0x66, 0x66, 0x73, 0x65, 0x74, 0x0a, // extureLodOffset.
	0x23, 0x64, 0x65, 0x66, 0x69, 0x6e, 0x65, 0x20, 0x61, 0x74, 0x74, 0x72, 0x69, 0x62, 0x75, 0x74, // #define attribut
	0x65, 0x20, 0x69, 0x6e, 0x0a, 0x23, 0x64, 0x65, 0x66, 0x69, 0x6e, 0x65, 0x20, 0x76, 0x61, 0x72, // e in.#define var
	0x79, 0x69, 0x6e, 0x67, 0x20, 0x6f, 0x75, 0x74, 0x0a, 0x23, 0x64, 0x65, 0x66, 0x69, 0x6e, 0x65, // ying out.#define
	0x20, 0x62, 0x67, 0x66, 0x78, 0x53, 0x68, 0x61, 0x64, 0x6f, 0x77, 0x32, 0x44, 0x28, 0x5f, 0x73, //  bgfxShadow2D(_s
	0x61, 0x6d, 0x70, 0x6c, 0x65, 0x72, 0x2c, 0x20, 0x5f, 0x63, 0x6f, 0x6f, 0x72, 0x64, 0x29, 0x20, // ampler, _coord) 
	0x20, 0x20, 0x20, 0x20, 0x76, 0x65, 0x63, 0x34, 0x5f, 0x73, 0x70, 0x6c, 0x61, 0x74, 0x28, 0x74, //     vec4_splat(t
	0x65, 0x78, 0x74, 0x75, 0x72, 0x65, 0x28, 0x5f, 0x73, 0x61, 0x6d, 0x70, 0x6c, 0x65, 0x72, 0x2c, // exture(_sampler,
	0x20, 0x5f, 0x63, 0x6f, 0x6f, 0x72, 0x64, 0x29, 0x20, 0x29, 0x0a, 0x23, 0x64, 0x65, 0x66, 0x69, //  _coord) ).#defi
	0x6e, 0x65, 0x20, 0x62, 0x67, 0x66, 0x78, 0x53, 0x68, 0x61, 0x64, 0x6f, 0x77, 0x32, 0x44, 0x50, // ne bgfxShadow2DP
	0x72, 0x6f, 0x6a, 0x28, 0x5f, 0x73, 0x61, 0x6d, 0x70, 0x6c, 0x65, 0x72, 0x2c, 0x20, 0x5f, 0x63, // roj(_sampler, _c
	0x6f, 0x6f, 0x72, 0x64, 0x29, 0x20, 0x76, 0x65, 0x63, 0x34, 0x5f, 0x73, 0x70, 0x6c, 0x61, 0x74, // oord) vec4_splat
	0x28, 0x74, 0x65, 0x78, 0x74, 0x75, 0x72, 0x65, 0x50, 0x72, 0x6f, 0x6a, 0x28, 0x5f, 0x73, 0x61, // (textureProj(_sa
	0x6d, 0x70, 0x6c, 0x65, 0x72, 0x2c, 0x20, 0x5f, 0x63, 0x6f, 0x6f, 0x72, 0x64, 0x29, 0x20, 0x29, // mpler, _coord) )
	0x0a, 0x61, 0x74, 0x74, 0x72, 0x69, 0x62, 0x75, 0x74, 0x65, 0x20, 0x76, 0x65, 0x63, 0x34, 0x20, // .attribute vec4 
	0x61, 0x5f, 0x63, 0x6f, 0x6c, 0x6f, 0x72, 0x30, 0x3b, 0x0a, 0x61, 0x74, 0x74, 0x72, 0x69, 0x62, // a_color0;.attrib
	0x75, 0x74, 0x65, 0x20, 0x76, 0x65, 0x63, 0x32, 0x20, 0x61, 0x5f, 0x70, 0x6f, 0x73, 0x69, 0x74, // ute vec2 a_posit
	0x69, 0x6f, 0x6e, 0x3b, 0x0a, 0x76, 0x61, 0x72, 0x79, 0x69, 0x6e, 0x67, 0x20, 0x76, 0x65, 0x63, // ion;.varying vec
	0x34, 0x20, 0x76, 0x5f, 0x63, 0x6f, 0x6c, 0x6f, 0x72, 0x30, 0x3b, 0x0a, 0x66, 0x6c, 0x6f, 0x61, // 4 v_color0;.floa
	0x74, 0x20, 0x72, 0x63, 0x70, 0x28, 0x66, 0x6c, 0x6f, 0x61, 0x74, 0x20, 0x5f, 0x61, 0x29, 0x20, // t rcp(float _a) 
	0x7b, 0x20, 0x72, 0x65, 0x74, 0x75, 0x72, 0x6e, 0x20, 0x31, 0x2e, 0x30, 0x2f, 0x5f, 0x61, 0x3b, // { return 1.0/_a;
	0x20, 0x7d, 0x0a, 0x76, 0x65, 0x63, 0x32, 0x20, 0x72, 0x63, 0x70, 0x28, 0x76, 0x65, 0x63, 0x32, //  }.vec2 rcp(vec2
	0x20, 0x5f, 0x61, 0x29, 0x20, 0x7b, 0x20, 0x72, 0x65, 0x74, 0x75, 0x72, 0x6e, 0x20, 0x76, 0x65, //  _a) { return ve
	0x63, 0x32, 0x28, 0x31, 0x2e, 0x30, 0x29, 0x2f, 0x5f, 0x61, 0x3b, 0x20, 0x7d, 0x0a, 0x76, 0x65, // c2(1.0)/_a; }.ve
	0x63, 0x33, 0x20, 0x72, 0x63, 0x70, 0x28, 0x76, 0x65, 0x63, 0x33, 0x20, 0x5f, 0x61, 0x29, 0x20, // c3 rcp(vec3 _a) 
	0x7b, 0x20, 0x72, 0x65, 0x74, 0x75, 0x72, 0x6e, 0x20, 0x76, 0x65, 0x63, 0x33, 0x28, 0x31, 0x2e, // { return vec3(1.
	0x30, 0x29, 0x2f, 0x5f, 0x61, 0x3b, 0x20, 0x7d, 0x0a, 0x76, 0x65, 0x63, 0x34, 0x20, 0x72, 0x63, // 0)/_a; }.vec4 rc
	0x70, 0x28, 0x76, 0x65, 0x63, 0x34, 0x20, 0x5f, 0x61, 0x29, 0x20, 0x7b, 0x20, 0x72, 0x65, 0x74, // p(vec4 _a) { ret
	0x75, 0x72, 0x6e, 0x20, 0x76, 0x65, 0x63, 0x34, 0x28, 0x31, 0x2e, 0x30, 0x29, 0x2f, 0x5f, 0x61, // urn vec4(1.0)/_a
	0x3b, 0x20, 0x7d, 0x0a, 0x76, 0x65, 0x63, 0x32, 0x20, 0x76, 0x65, 0x63, 0x32, 0x5f, 0x73, 0x70, // ; }.vec2 vec2_sp
	0x6c, 0x61, 0x74, 0x28, 0x66, 0x6c, 0x6f, 0x61, 0x74, 0x20, 0x5f, 0x78, 0x29, 0x20, 0x7b, 0x20, // lat(float _x) { 
	0x72, 0x65, 0x74, 0x75, 0x72, 0x6e, 0x20, 0x76, 0x65, 0x63, 0x32, 0x28, 0x5f, 0x78, 0x2c, 0x20, // return vec2(_x, 
	0x5f, 0x78, 0x29, 0x3b, 0x20, 0x7d, 0x0a, 0x76, 0x65, 0x63, 0x33, 0x20, 0x76, 0x65, 0x63, 0x33, // _x); }.vec3 vec3
	0x5f, 0x73, 0x70, 0x6c, 0x61, 0x74, 0x28, 0x66, 0x6c, 0x6f, 0x61, 0x74, 0x20, 0x5f, 0x78, 0x29, // _splat(float _x)
	0x20, 0x7b, 0x20, 0x72, 0x65, 0x74, 0x75, 0x72, 0x6e, 0x20, 0x76, 0x65, 0x63, 0x33, 0x28, 0x5f, //  { return vec3(_
	0x78, 0x2c, 0x20, 0x5f, 0x78, 0x2c, 0x20, 0x5f, 0x78, 0x29, 0x3b, 0x20, 0x7d, 0x0a, 0x76, 0x65, // x, _x, _x); }.ve
	0x63, 0x34, 0x20, 0x76, 0x65, 0x63, 0x34, 0x5f, 0x73, 0x70, 0x6c, 0x61, 0x74, 0x28, 0x66, 0x6c, // c4 vec4_splat(fl
	0x6f, 0x61, 0x74, 0x20, 0x5f, 0x78, 0x29, 0x20, 0x7b, 0x20, 0x72, 0x65, 0x74, 0x75, 0x72, 0x6e, // oat _x) { return
	0x20, 0x76, 0x65, 0x63, 0x34, 0x28, 0x5f, 0x78, 0x2c, 0x20, 0x5f, 0x78, 0x2c, 0x20, 0x5f, 0x78, //  vec4(_x, _x, _x
	0x2c, 0x20, 0x5f, 0x78, 0x29, 0x3b, 0x20, 0x7d, 0x0a, 0x75, 0x76, 0x65, 0x63, 0x32, 0x20, 0x75, // , _x); }.uvec2 u
	0x76, 0x65, 0x63, 0x32, 0x5f, 0x73, 0x70, 0x6c, 0x61, 0x74, 0x28, 0x75, 0x69, 0x6e, 0x74, 0x20, // vec2_splat(uint 
	0x5f, 0x78, 0x29, 0x20, 0x7b, 0x20, 0x72, 0x65, 0x74, 0x75, 0x72, 0x6e, 0x20, 0x75, 0x76, 0x65, // _x) { return uve
	0x63, 0x32, 0x28, 0x5f, 0x78, 0x2c, 0x20, 0x5f, 0x78, 0x29, 0x3b, 0x20, 0x7d, 0x0a, 0x75, 0x76, // c2(_x, _x); }.uv
	0x65, 0x63, 0x33, 0x20, 0x75, 0x76, 0x65, 0x63, 0x33, 0x5f, 0x73, 0x70, 0x6c, 0x61, 0x74, 0x28, // ec3 uvec3_splat(
	0x75, 0x69, 0x6e, 0x74, 0x20, 0x5f, 0x78, 0x29, 0x20, 0x7b, 0x20, 0x72, 0x65, 0x74, 0x75, 0x72, // uint _x) { retur
	0x6e, 0x20, 0x75, 0x76, 0x65, 0x63, 0x33, 0x28, 0x5f, 0x78, 0x2c, 0x20, 0x5f, 0x78, 0x2c, 0x20, // n uvec3(_x, _x, 
	0x5f, 0x78, 0x29, 0x3b, 0x20, 0x7d, 0x0a, 0x75, 0x76, 0x65, 0x63, 0x34, 0x20, 0x75, 0x76, 0x65, // _x); }.uvec4 uve
	0x63, 0x34, 0x5f, 0x73, 0x70, 0x6c, 0x61, 0x74, 0x28, 0x75, 0x69, 0x6e, 0x74, 0x20, 0x5f, 0x78, // c4_splat(uint _x
	0x29, 0x20, 0x7b, 0x20, 0x72, 0x65, 0x74, 0x75, 0x72, 0x6e, 0x20, 0x75, 0x76, 0x65, 0x63, 0x34, // ) { return uvec4
	0x28, 0x5f, 0x78, 0x2c, 0x20, 0x5f, 0x78, 0x2c, 0x20, 0x5f, 0x78, 0x2c, 0x20, 0x5f, 0x78, 0x29, // (_x, _x, _x, _x)
	0x3b, 0x20, 0x7d, 0x0a, 0x6d, 0x61, 0x74, 0x34, 0x20, 0x6d, 0x74, 0x78, 0x46, 0x72, 0x6f, 0x6d, // ; }.mat4 mtxFrom
	0x52, 0x6f, 0x77, 0x73, 0x28, 0x76, 0x65, 0x63, 0x34, 0x20, 0x5f, 0x30, 0x2c, 0x20, 0x76, 0x65, // Rows(vec4 _0, ve
	0x63, 0x34, 0x20, 0x5f, 0x31, 0x2c, 0x20, 0x76, 0x65, 0x63, 0x34, 0x20, 0x5f, 0x32, 0x2c, 0x20, // c4 _1, vec4 _2, 
	0x76, 0x65, 0x63, 0x34, 0x20, 0x5f, 0x33, 0x29, 0x0a, 0x7b, 0x0a, 0x72, 0x65, 0x74, 0x75, 0x72, // vec4 _3).{.retur
	0x6e, 0x20, 0x74, 0x72, 0x61, 0x6e, 0x73, 0x70, 0x6f, 0x73, 0x65, 0x28, 0x6d, 0x61, 0x74, 0x34, // n transpose(mat4
	0x28, 0x5f, 0x30, 0x2c, 0x20, 0x5f, 0x31, 0x2c, 0x20, 0x5f, 0x32, 0x2c, 0x20, 0x5f, 0x33, 0x29, // (_0, _1, _2, _3)
	0x20, 0x29, 0x3b, 0x0a, 0x7d, 0x0a, 0x6d, 0x61, 0x74, 0x34, 0x20, 0x6d, 0x74, 0x78, 0x46, 0x72, //  );.}.mat4 mtxFr
	0x6f, 0x6d, 0x43, 0x6f, 0x6c, 0x73, 0x28, 0x76, 0x65, 0x63, 0x34, 0x20, 0x5f, 0x30, 0x2c, 0x20, // omCols(vec4 _0, 
	0x76, 0x65, 0x63, 0x34, 0x20, 0x5f, 0x31, 0x2c, 0x20, 0x76, 0x65, 0x63, 0x34, 0x20, 0x5f, 0x32, // vec4 _1, vec4 _2
	0x2c, 0x20, 0x76, 0x65, 0x63, 0x34, 0x20, 0x5f, 0x33, 0x29, 0x0a, 0x7b, 0x0a, 0x72, 0x65, 0x74, // , vec4 _3).{.ret
	0x75, 0x72, 0x6e, 0x20, 0x6d, 0x61, 0x74, 0x34, 0x28, 0x5f, 0x30, 0x2c, 0x20, 0x5f, 0x31, 0x2c, // urn mat4(_0, _1,
	0x20, 0x5f, 0x32, 0x2c, 0x20, 0x5f, 0x33, 0x29, 0x3b, 0x0a, 0x7d, 0x0a, 0x6d, 0x61, 0x74, 0x33, //  _2, _3);.}.mat3
	0x20, 0x6d, 0x74, 0x78, 0x46, 0x72, 0x6f, 0x6d, 0x52, 0x6f, 0x77, 0x73, 0x28, 0x76, 0x65, 0x63, //  mtxFromRows(vec
	0x33, 0x20, 0x5f, 0x30, 0x2c, 0x20, 0x76, 0x65, 0x63, 0x33, 0x20, 0x5f, 0x31, 0x2c, 0x20, 0x76, // 3 _0, vec3 _1, v
	0x65, 0x63, 0x33, 0x20, 0x5f, 0x32, 0x29, 0x0a, 0x7b, 0x0a, 0x72, 0x65, 0x74, 0x75, 0x72, 0x6e, // ec3 _2).{.return
	0x20, 0x74, 0x72, 0x61, 0x6e, 0x73, 0x70, 0x6f, 0x73, 0x65, 0x28, 0x6d, 0x61, 0x74, 0x33, 0x28, //  transpose(mat3(
	0x5f, 0x30, 0x2c, 0x20, 0x5f, 0x31, 0x2c, 0x20, 0x5f, 0x32, 0x29, 0x20, 0x29, 0x3b, 0x0a, 0x7d, // _0, _1, _2) );.}
	0x0a, 0x6d, 0x61, 0x74, 0x33, 0x20, 0x6d, 0x74, 0x78, 0x46, 0x72, 0x6f, 0x6d, 0x43, 0x6f, 0x6c, // .mat3 mtxFromCol
	0x73, 0x28, 0x76, 0x65, 0x63, 0x33, 0x20, 0x5f, 0x30, 0x2c, 0x20, 0x76, 0x65, 0x63, 0x33, 0x20, // s(vec3 _0, vec3 
	0x5f, 0x31, 0x2c, 0x20, 0x76, 0x65, 0x63, 0x33, 0x20, 0x5f, 0x32, 0x29, 0x0a, 0x7b, 0x0a, 0x72, // _1, vec3 _2).{.r
	0x65, 0x74, 0x75, 0x72, 0x6e, 0x20, 0x6d, 0x61, 0x74, 0x33, 0x28, 0x5f, 0x30, 0x2c, 0x20, 0x5f, // eturn mat3(_0, _
	0x31, 0x2c, 0x20, 0x5f, 0x32, 0x29, 0x3b, 0x0a, 0x7d, 0x0a, 0x6d, 0x61, 0x74, 0x34, 0x78, 0x33, // 1, _2);.}.mat4x3
	0x20, 0x6d, 0x74, 0x78, 0x46, 0x72, 0x6f, 0x6d, 0x52, 0x6f, 0x77, 0x73, 0x28, 0x76, 0x65, 0x63, //  mtxFromRows(vec
	0x34, 0x20, 0x5f, 0x30, 0x2c, 0x20, 0x76, 0x65, 0x63, 0x34, 0x20, 0x5f, 0x31, 0x2c, 0x20, 0x76, // 4 _0, vec4 _1, v
	0x65, 0x63, 0x34, 0x20, 0x5f, 0x32, 0x29, 0x0a, 0x7b, 0x0a, 0x72, 0x65, 0x74, 0x75, 0x72, 0x6e, // ec4 _2).{.return
	0x20, 0x74, 0x72, 0x61, 0x6e, 0x73, 0x70, 0x6f, 0x73, 0x65, 0x28, 0x6d, 0x61, 0x74, 0x33, 0x78, //  transpose(mat3x
	0x34, 0x28, 0x5f, 0x30, 0x2c, 0x20, 0x5f, 0x31, 0x2c, 0x20, 0x5f, 0x32, 0x29, 0x20, 0x29, 0x3b, // 4(_0, _1, _2) );
	0x0a, 0x7d, 0x0a, 0x76, 0x65, 0x63, 0x33, 0x20, 0x6d, 0x74, 0x78, 0x47, 0x65, 0x74, 0x52, 0x6f, // .}.vec3 mtxGetRo
	0x77, 0x28, 0x6d, 0x61, 0x74, 0x33, 0x20, 0x5f, 0x6d, 0x74, 0x78, 0x2c, 0x20, 0x69, 0x6e, 0x74, // w(mat3 _mtx, int
	0x20, 0x5f, 0x72, 0x6f, 0x77, 0x29, 0x0a, 0x7b, 0x0a, 0x72, 0x65, 0x74, 0x75, 0x72, 0x6e, 0x20, //  _row).{.return 
	0x76, 0x65, 0x63, 0x33, 0x28, 0x5f, 0x6d, 0x74, 0x78, 0x5b, 0x30, 0x5d, 0x5b, 0x5f, 0x72, 0x6f, // vec3(_mtx[0][_ro
	0x77, 0x5d, 0x2c, 0x20, 0x5f, 0x6d, 0x74, 0x78, 0x5b, 0x31, 0x5d, 0x5b, 0x5f, 0x72, 0x6f, 0x77, // w], _mtx[1][_row
	0x5d, 0x2c, 0x20, 0x5f, 0x6d, 0x74, 0x78, 0x5b, 0x32, 0x5d, 0x5b, 0x5f, 0x72, 0x6f, 0x77, 0x5d, // ], _mtx[2][_row]
	0x29, 0x3b, 0x0a, 0x7d, 0x0a, 0x76, 0x65, 0x63, 0x33, 0x20, 0x6d, 0x74, 0x78, 0x47, 0x65, 0x74, // );.}.vec3 mtxGet
	0x43, 0x6f, 0x6c, 0x75, 0x6d, 0x6e, 0x28, 0x6d, 0x61, 0x74, 0x33, 0x20, 0x5f, 0x6d, 0x74, 0x78, // Column(mat3 _mtx
	0x2c, 0x20, 0x69, 0x6e, 0x74, 0x20, 0x5f, 0x63, 0x6f, 0x6c, 0x75, 0x6d, 0x6e, 0x29, 0x0a, 0x7b, // , int _column).{
	0x0a, 0x72, 0x65, 0x74, 0x75, 0x72, 0x6e, 0x20, 0x76, 0x65, 0x63, 0x33, 0x28, 0x5f, 0x6d, 0x74, // .return vec3(_mt
	0x78, 0x5b, 0x5f, 0x63, 0x6f, 0x6c, 0x75, 0x6d, 0x6e, 0x5d, 0x29, 0x3b, 0x0a, 0x7d, 0x0a, 0x76, // x[_column]);.}.v
	0x65, 0x63, 0x34, 0x20, 0x6d, 0x74, 0x78, 0x47, 0x65, 0x74, 0x52, 0x6f, 0x77, 0x28, 0x6d, 0x61, // ec4 mtxGetRow(ma
	0x74, 0x34, 0x78, 0x33, 0x20, 0x5f, 0x6d, 0x74, 0x78, 0x2c, 0x20, 0x69, 0x6e, 0x74, 0x20, 0x5f, // t4x3 _mtx, int _
	0x72, 0x6f, 0x77, 0x29, 0x0a, 0x7b, 0x0a, 0x72, 0x65, 0x74, 0x75, 0x72, 0x6e, 0x20, 0x76, 0x65, // row).{.return ve
	0x63, 0x34, 0x28, 0x5f, 0x6d, 0x74, 0x78, 0x5b, 0x30, 0x5d, 0x5b, 0x5f, 0x72, 0x6f, 0x77, 0x5d, // c4(_mtx[0][_row]
	0x2c, 0x20, 0x5f, 0x6d, 0x74, 0x78, 0x5b, 0x31, 0x5d, 0x5b, 0x5f, 0x72, 0x6f, 0x77, 0x5d, 0x2c, // , _mtx[1][_row],
	0x20, 0x5f, 0x6d, 0x74, 0x78, 0x5b, 0x32, 0x5d, 0x5b, 0x5f, 0x72, 0x6f, 0x77, 0x5d, 0x2c, 0x20, //  _mtx[2][_row], 
	0x5f, 0x6d, 0x74, 0x78, 0x5b, 0x33, 0x5d, 0x5b, 0x5f, 0x72, 0x6f, 0x77, 0x5d, 0x29, 0x3b, 0x0a, // _mtx[3][_row]);.
	0x7d, 0x0a, 0x76, 0x65, 0x63, 0x33, 0x20, 0x6d, 0x74, 0x78, 0x47, 0x65, 0x74, 0x43, 0x6f, 0x6c, // }.vec3 mtxGetCol
	0x75, 0x6d, 0x6e, 0x28, 0x6d, 0x61, 0x74, 0x34, 0x78, 0x33, 0x20, 0x5f, 0x6d, 0x74, 0x78, 0x2c, // umn(mat4x3 _mtx,
	0x20, 0x69, 0x6e, 0x74, 0x20, 0x5f, 0x63, 0x6f, 0x6c, 0x75, 0x6d, 0x6e, 0x29, 0x0a, 0x7b, 0x0a, //  int _column).{.
	0x72, 0x65, 0x74, 0x75, 0x72, 0x6e, 0x20, 0x76, 0x65, 0x63, 0x33, 0x28, 0x5f, 0x6d, 0x74, 0x78, // return vec3(_mtx
	0x5b, 0x5f, 0x63, 0x6f, 0x6c, 0x75, 0x6d, 0x6e, 0x5d, 0x29, 0x3b, 0x0a, 0x7d, 0x0a, 0x76, 0x65, // [_column]);.}.ve
	0x63, 0x34, 0x20, 0x6d, 0x74, 0x78, 0x47, 0x65, 0x74, 0x52, 0x6f, 0x77, 0x28, 0x6d, 0x61, 0x74, // c4 mtxGetRow(mat
	0x34, 0x20, 0x5f, 0x6d, 0x74, 0x78, 0x2c, 0x20, 0x69, 0x6e, 0x74, 0x20, 0x5f, 0x72, 0x6f, 0x77, // 4 _mtx, int _row
	0x29, 0x0a, 0x7b, 0x0a, 0x72, 0x65, 0x74, 0x75, 0x72, 0x6e, 0x20, 0x76, 0x65, 0x63, 0x34, 0x28, // ).{.return vec4(
	0x5f, 0x6d, 0x74, 0x78, 0x5b, 0x30, 0x5d, 0x5b, 0x5f, 0x72, 0x6f, 0x77, 0x5d, 0x2c, 0x20, 0x5f, // _mtx[0][_row], _
	0x6d, 0x74, 0x78, 0x5b, 0x31, 0x5d, 0x5b, 0x5f, 0x72, 0x6f, 0x77, 0x5d, 0x2c, 0x20, 0x5f, 0x6d, // mtx[1][_row], _m
	0x74, 0x78, 0x5b, 0x32, 0x5d, 0x5b, 0x5f, 0x72, 0x6f, 0x77, 0x5d, 0x2c, 0x20, 0x5f, 0x6d, 0x74, // tx[2][_row], _mt
	0x78, 0x5b, 0x33, 0x5d, 0x5b, 0x5f, 0x72, 0x6f, 0x77, 0x5d, 0x29, 0x3b, 0x0a, 0x7d, 0x0a, 0x76, // x[3][_row]);.}.v
	0x65, 0x63, 0x34, 0x20, 0x6d, 0x74, 0x78, 0x47, 0x65, 0x74, 0x43, 0x6f, 0x6c, 0x75, 0x6d, 0x6e, // ec4 mtxGetColumn
	0x28, 0x6d, 0x61, 0x74, 0x34, 0x20, 0x5f, 0x6d, 0x74, 0x78, 0x2c, 0x20, 0x69, 0x6e, 0x74, 0x20, // (mat4 _mtx, int 
	0x5f, 0x63, 0x6f, 0x6c, 0x75, 0x6d, 0x6e, 0x29, 0x0a, 0x7b, 0x0a, 0x72, 0x65, 0x74, 0x75, 0x72, // _column).{.retur
	0x6e, 0x20, 0x76, 0x65, 0x63, 0x34, 0x28, 0x5f, 0x6d, 0x74, 0x78, 0x5b, 0x5f, 0x63, 0x6f, 0x6c, // n vec4(_mtx[_col
	0x75, 0x6d, 0x6e, 0x5d, 0x29, 0x3b, 0x0a, 0x7d, 0x0a, 0x66, 0x6c, 0x6f, 0x61, 0x74, 0x20, 0x6d, // umn]);.}.float m
	0x74, 0x78, 0x47, 0x65, 0x74, 0x45, 0x6c, 0x65, 0x6d, 0x65, 0x6e, 0x74, 0x28, 0x6d, 0x61, 0x74, // txGetElement(mat
	0x33, 0x20, 0x5f, 0x6d, 0x74, 0x78, 0x2c, 0x20, 0x69, 0x6e, 0x74, 0x20, 0x5f, 0x63, 0x6f, 0x6c, // 3 _mtx, int _col
	0x75, 0x6d, 0x6e, 0x2c, 0x20, 0x69, 0x6e, 0x74, 0x20, 0x5f, 0x72, 0x6f, 0x77, 0x29, 0x0a, 0x7b, // umn, int _row).{
	0x0a, 0x72, 0x65, 0x74, 0x75, 0x72, 0x6e, 0x20, 0x5f, 0x6d, 0x74, 0x78, 0x5b, 0x5f, 0x63, 0x6f, // .return _mtx[_co
	0x6c, 0x75, 0x6d, 0x6e, 0x5d, 0x5b, 0x5f, 0x72, 0x6f, 0x77, 0x5d, 0x3b, 0x0a, 0x7d, 0x0a, 0x66, // lumn][_row];.}.f
	0x6c, 0x6f, 0x61, 0x74, 0x20, 0x6d, 0x74, 0x78, 0x47, 0x65, 0x74, 0x45, 0x6c, 0x65, 0x6d, 0x65, // loat mtxGetEleme
	0x6e, 0x74, 0x28, 0x6d, 0x61, 0x74, 0x34, 0x20, 0x5f, 0x6d, 0x74, 0x78, 0x2c, 0x20, 0x69, 0x6e, // nt(mat4 _mtx, in
	0x74, 0x20, 0x5f, 0x63, 0x6f, 0x6c, 0x75, 0x6d, 0x6e, 0x2c, 0x20, 0x69, 0x6e, 0x74, 0x20, 0x5f, // t _column, int _
	0x72, 0x6f, 0x77, 0x29, 0x0a, 0x7b, 0x0a, 0x72, 0x65, 0x74, 0x75, 0x72, 0x6e, 0x20, 0x5f, 0x6d, // row).{.return _m
	0x74, 0x78, 0x5b, 0x5f, 0x63, 0x6f, 0x6c, 0x75, 0x6d, 0x6e, 0x5d, 0x5b, 0x5f, 0x72, 0x6f, 0x77, // tx[_column][_row
	0x5d, 0x3b, 0x0a, 0x7d, 0x0a, 0x66, 0x6c, 0x6f, 0x61, 0x74, 0x20, 0x73, 0x65, 0x6c, 0x65, 0x63, // ];.}.float selec
	0x74, 0x28, 0x62, 0x6f, 0x6f, 0x6c, 0x20, 0x5f, 0x63, 0x6f, 0x6e, 0x64, 0x2c, 0x20, 0x66, 0x6c, // t(bool _cond, fl
	0x6f, 0x61, 0x74, 0x20, 0x5f, 0x74, 0x72, 0x75, 0x65, 0x2c, 0x20, 0x66, 0x6c, 0x6f, 0x61, 0x74, // oat _true, float
	0x20, 0x5f, 0x66, 0x61, 0x6c, 0x73, 0x65, 0x29, 0x20, 0x7b, 0x20, 0x72, 0x65, 0x74, 0x75, 0x72, //  _false) { retur
	0x6e, 0x20, 0x5f, 0x63, 0x6f, 0x6e, 0x64, 0x20, 0x3f, 0x20, 0x5f, 0x74, 0x72, 0x75, 0x65, 0x20, // n _cond ? _true 
	0x3a, 0x20, 0x5f, 0x66, 0x61, 0x6c, 0x73, 0x65, 0x3b, 0x20, 0x7d, 0x0a, 0x76, 0x65, 0x63, 0x32, // : _false; }.vec2
	0x20, 0x73, 0x65, 0x6c, 0x65, 0x63, 0x74, 0x28, 0x62, 0x6f, 0x6f, 0x6c, 0x20, 0x5f, 0x63, 0x6f, //  select(bool _co
	0x6e, 0x64, 0x2c, 0x20, 0x76, 0x65, 0x63, 0x32, 0x20, 0x5f, 0x74, 0x72, 0x75, 0x65, 0x2c, 0x20, // nd, vec2 _true, 
	0x76, 0x65, 0x63, 0x32, 0x20, 0x5f, 0x66, 0x61, 0x6c, 0x73, 0x65, 0x29, 0x20, 0x7b, 0x20, 0x72, // vec2 _false) { r
	0x65, 0x74, 0x75, 0x72, 0x6e, 0x20, 0x5f, 0x63, 0x6f, 0x6e, 0x64, 0x20, 0x3f, 0x20, 0x5f, 0x74, // eturn _cond ? _t
	0x72, 0x75, 0x65, 0x20, 0x3a, 0x20, 0x5f, 0x66, 0x61, 0x6c, 0x73, 0x65, 0x3b, 0x20, 0x7d, 0x0a, // rue : _false; }.
	0x76, 0x65, 0x63, 0x33, 0x20, 0x73, 0x65, 0x6c, 0x65, 0x63, 0x74, 0x28, 0x62, 0x6f, 0x6f, 0x6c, // vec3 select(bool
	0x20, 0x5f, 0x63, 0x6f, 0x6e, 0x64, 0x2c, 0x20, 0x76, 0x65, 0x63, 0x33, 0x20, 0x5f, 0x74, 0x72, //  _cond, vec3 _tr
	0x75, 0x65, 0x2c, 0x20, 0x76, 0x65, 0x63, 0x33, 0x20, 0x5f, 0x66, 0x61, 0x6c, 0x73, 0x65, 0x29, // ue, vec3 _false)
	0x20, 0x7b, 0x20, 0x72, 0x65, 0x74, 0x75, 0x72, 0x6e, 0x20, 0x5f, 0x63, 0x6f, 0x6e, 0x64, 0x20, //  { return _cond 
	0x3f, 0x20, 0x5f, 0x74, 0x72, 0x75, 0x65, 0x20, 0x3a, 0x20, 0x5f, 0x66, 0x61, 0x6c, 0x73, 0x65, // ? _true : _false
	0x3b, 0x20, 0x7d, 0x0a, 0x76, 0x65, 0x63, 0x34, 0x20, 0x73, 0x65, 0x6c, 0x65, 0x63, 0x74, 0x28, // ; }.vec4 select(
	0x62, 0x6f, 0x6f, 0x6c, 0x20, 0x5f, 0x63, 0x6f, 0x6e, 0x64, 0x2c, 0x20, 0x76, 0x65, 0x63, 0x34, // bool _cond, vec4
	0x20, 0x5f, 0x74, 0x72, 0x75, 0x65, 0x2c, 0x20, 0x76, 0x65, 0x63, 0x34, 0x20, 0x5f, 0x66, 0x61, //  _true, vec4 _fa
	0x6c, 0x73, 0x65, 0x29, 0x20, 0x7b, 0x20, 0x72, 0x65, 0x74, 0x75, 0x72, 0x6e, 0x20, 0x5f, 0x63, // lse) { return _c
	0x6f, 0x6e, 0x64, 0x20, 0x3f, 0x20, 0x5f, 0x74, 0x72, 0x75, 0x65, 0x20, 0x3a, 0x20, 0x5f, 0x66, // ond ? _true : _f
	0x61, 0x6c, 0x73, 0x65, 0x3b, 0x20, 0x7d, 0x0a, 0x76, 0x65, 0x63, 0x32, 0x20, 0x73, 0x65, 0x6c, // alse; }.vec2 sel
	0x65, 0x63, 0x74, 0x28, 0x62, 0x76, 0x65, 0x63, 0x32, 0x20, 0x5f, 0x63, 0x6f, 0x6e, 0x64, 0x2c, // ect(bvec2 _cond,
	0x20, 0x76, 0x65, 0x63, 0x32, 0x20, 0x5f, 0x74, 0x72, 0x75, 0x65, 0x2c, 0x20, 0x76, 0x65, 0x63, //  vec2 _true, vec
	0x32, 0x20, 0x5f, 0x66, 0x61, 0x6c, 0x73, 0x65, 0x29, 0x20, 0x7b, 0x20, 0x72, 0x65, 0x74, 0x75, // 2 _false) { retu
	0x72, 0x6e, 0x20, 0x28, 0x76, 0x65, 0x63, 0x32, 0x28, 0x5f, 0x63, 0x6f, 0x6e, 0x64, 0x29, 0x20, // rn (vec2(_cond) 
	0x2a, 0x20, 0x5f, 0x74, 0x72, 0x75, 0x65, 0x29, 0x20, 0x2b, 0x20, 0x28, 0x76, 0x65, 0x63, 0x32, // * _true) + (vec2
	0x28, 0x6e, 0x6f, 0x74, 0x28, 0x5f, 0x63, 0x6f, 0x6e, 0x64, 0x29, 0x20, 0x29, 0x20, 0x2a, 0x20, // (not(_cond) ) * 
	0x5f, 0x66, 0x61, 0x6c, 0x73, 0x65, 0x29, 0x3b, 0x20, 0x7d, 0x0a, 0x76, 0x65, 0x63, 0x33, 0x20, // _false); }.vec3 
	0x73, 0x65, 0x6c, 0x65, 0x63, 0x74, 0x28, 0x62, 0x76, 0x65, 0x63, 0x33, 0x20, 0x5f, 0x63, 0x6f, // select(bvec3 _co
	0x6e, 0x64, 0x2c, 0x20, 0x76, 0x65, 0x63, 0x33, 0x20, 0x5f, 0x74, 0x72, 0x75, 0x65, 0x2c, 0x20, // nd, vec3 _true, 
	0x76, 0x65, 0x63, 0x33, 0x20, 0x5f, 0x66, 0x61, 0x6c, 0x73, 0x65, 0x29, 0x20, 0x7b, 0x20, 0x72, // vec3 _false) { r
	0x65, 0x74, 0x75, 0x72, 0x6e, 0x20, 0x28, 0x76, 0x65, 0x63, 0x33, 0x28, 0x5f, 0x63, 0x6f, 0x6e, // eturn (vec3(_con
	0x64, 0x29, 0x20, 0x2a, 0x20, 0x5f, 0x74, 0x72, 0x75, 0x65, 0x29, 0x20, 0x2b, 0x20, 0x28, 0x76, // d) * _true) + (v
	0x65, 0x63, 0x33, 0x28, 0x6e, 0x6f, 0x74, 0x28, 0x5f, 0x63, 0x6f, 0x6e, 0x64, 0x29, 0x20, 0x29, // ec3(not(_cond) )
	0x20, 0x2a, 0x20, 0x5f, 0x66, 0x61, 0x6c, 0x73, 0x65, 0x29, 0x3b, 0x20, 0x7d, 0x0a, 0x76, 0x65, //  * _false); }.ve
	0x63, 0x34, 0x20, 0x73, 0x65, 0x6c, 0x65, 0x63, 0x74, 0x28, 0x62, 0x76, 0x65, 0x63, 0x34, 0x20, // c4 select(bvec4 
	0x5f, 0x63, 0x6f, 0x6e, 0x64, 0x2c, 0x20, 0x76, 0x65, 0x63, 0x34, 0x20, 0x5f, 0x74, 0x72, 0x75, // _cond, vec4 _tru
	0x65, 0x2c, 0x20, 0x76, 0x65, 0x63, 0x34, 0x20, 0x5f, 0x66, 0x61, 0x6c, 0x73, 0x65, 0x29, 0x20, // e, vec4 _false) 
	0x7b, 0x20, 0x72, 0x65, 0x74, 0x75, 0x72, 0x6e, 0x20, 0x28, 0x76, 0x65, 0x63, 0x34, 0x28, 0x5f, // { return (vec4(_
	0x63, 0x6f, 0x6e, 0x64, 0x29, 0x20, 0x2a, 0x20, 0x5f, 0x74, 0x72, 0x75, 0x65, 0x29, 0x20, 0x2b, // cond) * _true) +
	0x20, 0x28, 0x76, 0x65, 0x63, 0x34, 0x28, 0x6e, 0x6f, 0x74, 0x28, 0x5f, 0x63, 0x6f, 0x6e, 0x64, //  (vec4(not(_cond
	0x29, 0x20, 0x29, 0x20, 0x2a, 0x20, 0x5f, 0x66, 0x61, 0x6c, 0x73, 0x65, 0x29, 0x3b, 0x20, 0x7d, // ) ) * _false); }
	0x0a, 0x69, 0x6e, 0x74, 0x20, 0x73, 0x65, 0x6c, 0x65, 0x63, 0x74, 0x28, 0x62, 0x6f, 0x6f, 0x6c, // .int select(bool
	0x20, 0x5f, 0x63, 0x6f, 0x6e, 0x64, 0x2c, 0x20, 0x69, 0x6e, 0x74, 0x20, 0x5f, 0x74, 0x72, 0x75, //  _cond, int _tru
	0x65, 0x2c, 0x20, 0x69, 0x6e, 0x74, 0x20, 0x5f, 0x66, 0x61, 0x6c, 0x73, 0x65, 0x29, 0x20, 0x7b, // e, int _false) {
	0x20, 0x72, 0x65, 0x74, 0x75, 0x72, 0x6e, 0x20, 0x5f, 0x63, 0x6f, 0x6e, 0x64, 0x20, 0x3f, 0x20, //  return _cond ? 
	0x5f, 0x74, 0x72, 0x75, 0x65, 0x20, 0x3a, 0x20, 0x5f, 0x66, 0x61, 0x6c, 0x73, 0x65, 0x3b, 0x20, // _true : _false; 
	0x7d, 0x0a, 0x69, 0x76, 0x65, 0x63, 0x32, 0x20, 0x73, 0x65, 0x6c, 0x65, 0x63, 0x74, 0x28, 0x62, // }.ivec2 select(b
	0x6f, 0x6f, 0x6c, 0x20, 0x5f, 0x63, 0x6f, 0x6e, 0x64, 0x2c, 0x20, 0x69, 0x76, 0x65, 0x63, 0x32, // ool _cond, ivec2
	0x20, 0x5f, 0x74, 0x72, 0x75, 0x65, 0x2c, 0x20, 0x69, 0x76, 0x65, 0x63, 0x32, 0x20, 0x5f, 0x66, //  _true, ivec2 _f
	0x61, 0x6c, 0x73, 0x65, 0x29, 0x20, 0x7b, 0x20, 0x72, 0x65, 0x74, 0x75, 0x72, 0x6e, 0x20, 0x5f, // alse) { return _
	0x63, 0x6f, 0x6e, 0x64, 0x20, 0x3f, 0x20, 0x5f, 0x74, 0x72, 0x75, 0x65, 0x20, 0x3a, 0x20, 0x5f, // cond ? _true : _
	0x66, 0x61, 0x6c, 0x73, 0x65, 0x3b, 0x20, 0x7d, 0x0a, 0x69, 0x76, 0x65, 0x63, 0x33, 0x20, 0x73, // false; }.ivec3 s
	0x65, 0x6c, 0x65, 0x63, 0x74, 0x28, 0x62, 0x6f, 0x6f, 0x6c, 0x20, 0x5f, 0x63, 0x6f, 0x6e, 0x64, // elect(bool _cond
	0x2c, 0x20, 0x69, 0x76, 0x65, 0x63, 0x33, 0x20, 0x5f, 0x74, 0x72, 0x75, 0x65, 0x2c, 0x20, 0x69, // , ivec3 _true, i
	0x76, 0x65, 0x63, 0x33, 0x20, 0x5f, 0x66, 0x61, 0x6c, 0x73, 0x65, 0x29, 0x20, 0x7b, 0x20, 0x72, // vec3 _false) { r
	0x65, 0x74, 0x75, 0x72, 0x6e, 0x20, 0x5f, 0x63, 0x6f, 0x6e, 0x64, 0x20, 0x3f, 0x20, 0x5f, 0x74, // eturn _cond ? _t
	0x72, 0x75, 0x65, 0x20, 0x3a, 0x20, 0x5f, 0x66, 0x61, 0x6c, 0x73, 0x65, 0x3b, 0x20, 0x7d, 0x0a, // rue : _false; }.
	0x69, 0x76, 0x65, 0x63, 0x34, 0x20, 0x73, 0x65, 0x6c, 0x65, 0x63, 0x74, 0x28, 0x62, 0x6f, 0x6f, // ivec4 select(boo
	0x6c, 0x20, 0x5f, 0x63, 0x6f, 0x6e, 0x64, 0x2c, 0x20, 0x69, 0x76, 0x65, 0x63, 0x34, 0x20, 0x5f, // l _cond, ivec4 _
	0x74, 0x72, 0x75, 0x65, 0x2c, 0x20, 0x69, 0x76, 0x65, 0x63, 0x34, 0x20, 0x5f, 0x66, 0x61, 0x6c, // true, ivec4 _fal
	0x73, 0x65, 0x29, 0x20, 0x7b, 0x20, 0x72, 0x65, 0x74, 0x75, 0x72, 0x6e, 0x20, 0x5f, 0x63, 0x6f, // se) { return _co
	0x6e, 0x64, 0x20, 0x3f, 0x20, 0x5f, 0x74, 0x72, 0x75, 0x65, 0x20, 0x3a, 0x20, 0x5f, 0x66, 0x61, // nd ? _true : _fa
	0x6c, 0x73, 0x65, 0x3b, 0x20, 0x7d, 0x0a, 0x69, 0x76, 0x65, 0x63, 0x32, 0x20, 0x73, 0x65, 0x6c, // lse; }.ivec2 sel
	0x65, 0x63, 0x74, 0x28, 0x62, 0x76, 0x65, 0x63, 0x32, 0x20, 0x5f, 0x63, 0x6f, 0x6e, 0x64, 0x2c, // ect(bvec2 _cond,
	0x20, 0x69, 0x76, 0x65, 0x63, 0x32, 0x20, 0x5f, 0x74, 0x72, 0x75, 0x65, 0x2c, 0x20, 0x69, 0x76, //  ivec2 _true, iv
	0x65, 0x63, 0x32, 0x20, 0x5f, 0x66, 0x61, 0x6c, 0x73, 0x65, 0x29, 0x20, 0x7b, 0x20, 0x72, 0x65, // ec2 _false) { re
	0x74, 0x75, 0x72, 0x6e, 0x20, 0x28, 0x69, 0x76, 0x65, 0x63, 0x32, 0x28, 0x5f, 0x63, 0x6f, 0x6e, // turn (ivec2(_con
	0x64, 0x29, 0x20, 0x2a, 0x20, 0x5f, 0x74, 0x72, 0x75, 0x65, 0x29, 0x20, 0x2b, 0x20, 0x28, 0x69, // d) * _true) + (i
	0x76, 0x65, 0x63, 0x32, 0x28, 0x6e, 0x6f, 0x74, 0x28, 0x5f, 0x63, 0x6f, 0x6e, 0x64, 0x29, 0x20, // vec2(not(_cond) 
	0x29, 0x20, 0x2a, 0x20, 0x5f, 0x66, 0x61, 0x6c, 0x73, 0x65, 0x29, 0x3b, 0x20, 0x7d, 0x0a, 0x69, // ) * _false); }.i
	0x76, 0x65, 0x63, 0x33, 0x20, 0x73, 0x65, 0x6c, 0x65, 0x63, 0x74, 0x28, 0x62, 0x76, 0x65, 0x63, // vec3 select(bvec
	0x33, 0x20, 0x5f, 0x63, 0x6f, 0x6e, 0x64, 0x2c, 0x20, 0x69, 0x76, 0x65, 0x63, 0x33, 0x20, 0x5f, // 3 _cond, ivec3 _
	0x74, 0x72, 0x75, 0x65, 0x2c, 0x20, 0x69, 0x76, 0x65, 0x63, 0x33, 0x20, 0x5f, 0x66, 0x61, 0x6c, // true, ivec3 _fal
	0x73, 0x65, 0x29, 0x20, 0x7b, 0x20, 0x72, 0x65, 0x74, 0x75, 0x72, 0x6e, 0x20, 0x28, 0x69, 0x76, // se) { return (iv
	0x65, 0x63, 0x33, 0x28, 0x5f, 0x63, 0x6f, 0x6e, 0x64, 0x29, 0x20, 0x2a, 0x20, 0x5f, 0x74, 0x72, // ec3(_cond) * _tr
	0x75, 0x65, 0x29, 0x20, 0x2b, 0x20, 0x28, 0x69, 0x76, 0x65, 0x63, 0x33, 0x28, 0x6e, 0x6f, 0x74, // ue) + (ivec3(not
	0x28, 0x5f, 0x63, 0x6f, 0x6e, 0x64, 0x29, 0x20, 0x29, 0x20, 0x2a, 0x20, 0x5f, 0x66, 0x61, 0x6c, // (_cond) ) * _fal
	0x73, 0x65, 0x29, 0x3b, 0x20, 0x7d, 0x0a, 0x69, 0x76, 0x65, 0x63, 0x34, 0x20, 0x73, 0x65, 0x6c, // se); }.ivec4 sel
	0x65, 0x63, 0x74, 0x28, 0x62, 0x76, 0x65, 0x63, 0x34, 0x20, 0x5f, 0x63, 0x6f, 0x6e, 0x64, 0x2c, // ect(bvec4 _cond,
	0x20, 0x69, 0x76, 0x65, 0x63, 0x34, 0x20, 0x5f, 0x74, 0x72, 0x75, 0x65, 0x2c, 0x20, 0x69, 0x76, //  ivec4 _true, iv
	0x65, 0x63, 0x34, 0x20, 0x5f, 0x66, 0x61, 0x6c, 0x73, 0x65, 0x29, 0x20, 0x7b, 0x20, 0x72, 0x65, // ec4 _false) { re
	0x74, 0x75, 0x72, 0x6e, 0x20, 0x28, 0x69, 0x76, 0x65, 0x63, 0x34, 0x28, 0x5f, 0x63, 0x6f, 0x6e, // turn (ivec4(_con
	0x64, 0x29, 0x20, 0x2a, 0x20, 0x5f, 0x74, 0x72, 0x75, 0x65, 0x29, 0x20, 0x2b, 0x20, 0x28, 0x69, // d) * _true) + (i
	0x76, 0x65, 0x63, 0x34, 0x28, 0x6e, 0x6f, 0x74, 0x28, 0x5f, 0x63, 0x6f, 0x6e, 0x64, 0x29, 0x20, // vec4(not(_cond) 
	0x29, 0x20, 0x2a, 0x20, 0x5f, 0x66, 0x61, 0x6c, 0x73, 0x65, 0x29, 0x3b, 0x20, 0x7d, 0x0a, 0x75, // ) * _false); }.u
	0x69, 0x6e, 0x74, 0x20, 0x73, 0x65, 0x6c, 0x65, 0x63, 0x74, 0x28, 0x62, 0x6f, 0x6f, 0x6c, 0x20, // int select(bool 
	0x5f, 0x63, 0x6f, 0x6e, 0x64, 0x2c, 0x20, 0x75, 0x69, 0x6e, 0x74, 0x20, 0x5f, 0x74, 0x72, 0x75, // _cond, uint _tru
	0x65, 0x2c, 0x20, 0x75, 0x69, 0x6e, 0x74, 0x20, 0x5f, 0x66, 0x61, 0x6c, 0x73, 0x65, 0x29, 0x20, // e, uint _false) 
	0x7b, 0x20, 0x72, 0x65, 0x74, 0x75, 0x72, 0x6e, 0x20, 0x5f, 0x63, 0x6f, 0x6e, 0x64, 0x20, 0x3f, // { return _cond ?
	0x20, 0x5f, 0x74, 0x72, 0x75, 0x65, 0x20, 0x3a, 0x20, 0x5f, 0x66, 0x61, 0x6c, 0x73, 0x65, 0x3b, //  _true : _false;
	0x20, 0x7d, 0x0a, 0x75, 0x76, 0x65, 0x63, 0x32, 0x20, 0x73, 0x65, 0x6c, 0x65, 0x63, 0x74, 0x28, //  }.uvec2 select(
	0x62, 0x6f, 0x6f, 0x6c, 0x20, 0x5f, 0x63, 0x6f, 0x6e, 0x64, 0x2c, 0x20, 0x75, 0x76, 0x65, 0x63, // bool _cond, uvec
	0x32, 0x20, 0x5f, 0x74, 0x72, 0x75, 0x65, 0x2c, 0x20, 0x75, 0x76, 0x65, 0x63, 0x32, 0x20, 0x5f, // 2 _true, uvec2 _
	0x66, 0x61, 0x6c, 0x73, 0x65, 0x29, 0x20, 0x7b, 0x20, 0x72, 0x65, 0x74, 0x75, 0x72, 0x6e, 0x20, // false) { return 
	0x5f, 0x63, 0x6f, 0x6e, 0x64, 0x20, 0x3f, 0x20, 0x5f, 0x74, 0x72, 0x75, 0x65, 0x20, 0x3a, 0x20, // _cond ? _true : 
	0x5f, 0x66, 0x61, 0x6c, 0x73, 0x65, 0x3b, 0x20, 0x7d, 0x0a, 0x75, 0x76, 0x65, 0x63, 0x33, 0x20, // _false; }.uvec3 
	0x73, 0x65, 0x6c, 0x65, 0x63, 0x74, 0x28, 0x62, 0x6f, 0x6f, 0x6c, 0x20, 0x5f, 0x63, 0x6f, 0x6e, // select(bool _con
	0x64, 0x2c, 0x20, 0x75, 0x76, 0x65, 0x63, 0x33, 0x20, 0x5f, 0x74, 0x72, 0x75, 0x65, 0x2c, 0x20, // d, uvec3 _true, 
	0x75, 0x76, 0x65, 0x63, 0x33, 0x20, 0x5f, 0x66, 0x61, 0x6c, 0x73, 0x65, 0x29, 0x20, 0x7b, 0x20, // uvec3 _false) { 
	0x72, 0x65, 0x74, 0x75, 0x72, 0x6e, 0x20, 0x5f, 0x63, 0x6f, 0x6e, 0x64, 0x20, 0x3f, 0x20, 0x5f, // return _cond ? _
	0x74, 0x72, 0x75, 0x65, 0x20, 0x3a, 0x20, 0x5f, 0x66, 0x61, 0x6c, 0x73, 0x65, 0x3b, 0x20, 0x7d, // true : _false; }
	0x0a, 0x75, 0x76, 0x65, 0x63, 0x34, 0x20, 0x73, 0x65, 0x6c, 0x65, 0x63, 0x74, 0x28, 0x62, 0x6f, // .uvec4 select(bo
	0x6f, 0x6c, 0x20, 0x5f, 0x63, 0x6f, 0x6e, 0x64, 0x2c, 0x20, 0x75, 0x76, 0x65, 0x63, 0x34, 0x20, // ol _cond, uvec4 
	0x5f, 0x74, 0x72, 0x75, 0x65, 0x2c, 0x20, 0x75, 0x76, 0x65, 0x63, 0x34, 0x20, 0x5f, 0x66, 0x61, // _true, uvec4 _fa
	0x6c, 0x73, 0x65, 0x29, 0x20, 0x7b, 0x20, 0x72, 0x65, 0x74, 0x75, 0x72, 0x6e, 0x20, 0x5f, 0x63, // lse) { return _c
	0x6f, 0x6e, 0x64, 0x20, 0x3f, 0x20, 0x5f, 0x74, 0x72, 0x75, 0x65, 0x20, 0x3a, 0x20, 0x5f, 0x66, // ond ? _true : _f
	0x61, 0x6c, 0x73, 0x65, 0x3b, 0x20, 0x7d, 0x0a, 0x75, 0x76, 0x65, 0x63, 0x32, 0x20, 0x73, 0x65, // alse; }.uvec2 se
	0x6c, 0x65, 0x63, 0x74, 0x28, 0x62, 0x76, 0x65, 0x63, 0x32, 0x20, 0x5f, 0x63, 0x6f, 0x6e, 0x64, // lect(bvec2 _cond
	0x2c, 0x20, 0x75, 0x76, 0x65, 0x63, 0x32, 0x20, 0x5f, 0x74, 0x72, 0x75, 0x65, 0x2c, 0x20, 0x75, // , uvec2 _true, u
	0x76, 0x65, 0x63, 0x32, 0x20, 0x5f, 0x66, 0x61, 0x6c, 0x73, 0x65, 0x29, 0x20, 0x7b, 0x20, 0x72, // vec2 _false) { r
	0x65, 0x74, 0x75, 0x72, 0x6e, 0x20, 0x28, 0x75, 0x76, 0x65, 0x63, 0x32, 0x28, 0x5f, 0x63, 0x6f, // eturn (uvec2(_co
	0x6e, 0x64, 0x29, 0x20, 0x2a, 0x20, 0x5f, 0x74, 0x72, 0x75, 0x65, 0x29, 0x20, 0x2b, 0x20, 0x28, // nd) * _true) + (
	0x75, 0x76, 0x65, 0x63, 0x32, 0x28, 0x6e, 0x6f, 0x74, 0x28, 0x5f, 0x63, 0x6f, 0x6e, 0x64, 0x29, // uvec2(not(_cond)
	0x20, 0x29, 0x20, 0x2a, 0x20, 0x5f, 0x66, 0x61, 0x6c, 0x73, 0x65, 0x29, 0x3b, 0x20, 0x7d, 0x0a, //  ) * _false); }.
	0x75, 0x76, 0x65, 0x63, 0x33, 0x20, 0x73, 0x65, 0x6c, 0x65, 0x63, 0x74, 0x28, 0x62, 0x76, 0x65, // uvec3 select(bve
	0x63, 0x33, 0x20, 0x5f, 0x63, 0x6f, 0x6e, 0x64, 0x2c, 0x20, 0x75, 0x76, 0x65, 0x63, 0x33, 0x20, // c3 _cond, uvec3 
	0x5f, 0x74, 0x72, 0x75, 0x65, 0x2c, 0x20, 0x75, 0x76, 0x65, 0x63, 0x33, 0x20, 0x5f, 0x66, 0x61, // _true, uvec3 _fa
	0x6c, 0x73, 0x65, 0x29, 0x20, 0x7b, 0x20, 0x72, 0x65, 0x74, 0x75, 0x72, 0x6e, 0x20, 0x28, 0x75, // lse) { return (u
	0x76, 0x65, 0x63, 0x33, 0x28, 0x5f, 0x63, 0x6f, 0x6e, 0x64, 0x29, 0x20, 0x2a, 0x20, 0x5f, 0x74, // vec3(_cond) * _t
	0x72, 0x75, 0x65, 0x29, 0x20, 0x2b, 0x20, 0x28, 0x75, 0x76, 0x65, 0x63, 0x33, 0x28, 0x6e, 0x6f, // rue) + (uvec3(no
	0x74, 0x28, 0x5f, 0x63, 0x6f, 0x6e, 0x64, 0x29, 0x20, 0x29, 0x20, 0x2a, 0x20, 0x5f, 0x66, 0x61, // t(_cond) ) * _fa
	0x6c, 0x73, 0x65, 0x29, 0x3b, 0x20, 0x7d, 0x0a, 0x75, 0x76, 0x65, 0x63, 0x34, 0x20, 0x73, 0x65, // lse); }.uvec4 se
	0x6c, 0x65, 0x63, 0x74, 0x28, 0x62, 0x76, 0x65, 0x63, 0x34, 0x20, 0x5f, 0x63, 0x6f, 0x6e, 0x64, // lect(bvec4 _cond
	0x2c, 0x20, 0x75, 0x76, 0x65, 0x63, 0x34, 0x20, 0x5f, 0x74, 0x72, 0x75, 0x65, 0x2c, 0x20, 0x75, // , uvec4 _true, u
	0x76, 0x65, 0x63, 0x34, 0x20, 0x5f, 0x66, 0x61, 0x6c, 0x73, 0x65, 0x29, 0x20, 0x7b, 0x20, 0x72, // vec4 _false) { r
	0x65, 0x74, 0x75, 0x72, 0x6e, 0x20, 0x28, 0x75, 0x76, 0x65, 0x63, 0x34, 0x28, 0x5f, 0x63, 0x6f, // eturn (uvec4(_co
	0x6e, 0x64, 0x29, 0x20, 0x2a, 0x20, 0x5f, 0x74, 0x72, 0x75, 0x65, 0x29, 0x20, 0x2b, 0x20, 0x28, // nd) * _true) + (
	0x75, 0x76, 0x65, 0x63, 0x34, 0x28, 0x6e, 0x6f, 0x74, 0x28, 0x5f, 0x63, 0x6f, 0x6e, 0x64, 0x29, // uvec4(not(_cond)
	0x20, 0x29, 0x20, 0x2a, 0x20, 0x5f, 0x66, 0x61, 0x6c, 0x73, 0x65, 0x29, 0x3b, 0x20, 0x7d, 0x0a, //  ) * _false); }.
	0x75, 0x6e, 0x69, 0x66, 0x6f, 0x72, 0x6d, 0x20, 0x76, 0x65, 0x63, 0x34, 0x20, 0x75, 0x5f, 0x76, // uniform vec4 u_v
	0x69, 0x65, 0x77, 0x52, 0x65, 0x63, 0x74, 0x3b, 0x0a, 0x75, 0x6e, 0x69, 0x66, 0x6f, 0x72, 0x6d, // iewRect;.uniform
	0x20, 0x76, 0x65, 0x63, 0x34, 0x20, 0x75, 0x5f, 0x76, 0x69, 0x65, 0x77, 0x54, 0x65, 0x78, 0x65, //  vec4 u_viewTexe
	0x6c, 0x3b, 0x0a, 0x75, 0x6e, 0x69, 0x66, 0x6f, 0x72, 0x6d, 0x20, 0x6d, 0x61, 0x74, 0x34, 0x20, // l;.uniform mat4 
	0x75, 0x5f, 0x76, 0x69, 0x65, 0x77, 0x3b, 0x0a, 0x75, 0x6e, 0x69, 0x66, 0x6f, 0x72, 0x6d, 0x20, // u_view;.uniform 
	0x6d, 0x61, 0x74, 0x34, 0x20, 0x75, 0x5f, 0x69, 0x6e, 0x76, 0x56, 0x69, 0x65, 0x77, 0x3b, 0x0a, // mat4 u_invView;.
	0x75, 0x6e, 0x69, 0x66, 0x6f, 0x72, 0x6d, 0x20, 0x6d, 0x61, 0x74, 0x34, 0x20, 0x75, 0x5f, 0x70, // uniform mat4 u_p
	0x72, 0x6f, 0x6a, 0x3b, 0x0a, 0x75, 0x6e, 0x69, 0x66, 0x6f, 0x72, 0x6d, 0x20, 0x6d, 0x61, 0x74, // roj;.uniform mat
	0x34, 0x20, 0x75, 0x5f, 0x69, 0x6e, 0x76, 0x50, 0x72, 0x6f, 0x6a, 0x3b, 0x0a, 0x75, 0x6e, 0x69, // 4 u_invProj;.uni
	0x66, 0x6f, 0x72, 0x6d, 0x20, 0x6d, 0x61, 0x74, 0x34, 0x20, 0x75, 0x5f, 0x76, 0x69, 0x65, 0x77, // form mat4 u_view
	0x50, 0x72, 0x6f, 0x6a, 0x3b, 0x0a, 0x75, 0x6e, 0x69, 0x66, 0x6f, 0x72, 0x6d, 0x20, 0x6d, 0x61, // Proj;.uniform ma
	0x74, 0x34, 0x20, 0x75, 0x5f, 0x69, 0x6e, 0x76, 0x56, 0x69, 0x65, 0x77, 0x50, 0x72, 0x6f, 0x6a, // t4 u_invViewProj
	0x3b, 0x0a, 0x75, 0x6e, 0x69, 0x66, 0x6f, 0x72, 0x6d, 0x20, 0x6d, 0x61, 0x74, 0x34, 0x20, 0x75, // ;.uniform mat4 u
	0x5f, 0x6d, 0x6f, 0x64, 0x65, 0x6c, 0x56, 0x69, 0x65, 0x77, 0x3b, 0x0a, 0x75, 0x6e, 0x69, 0x66, // _modelView;.unif
	0x6f, 0x72, 0x6d, 0x20, 0x6d, 0x61, 0x74, 0x34, 0x20, 0x75, 0x5f, 0x69, 0x6e, 0x76, 0x4d, 0x6f, // orm mat4 u_invMo
	0x64, 0x65, 0x6c, 0x56, 0x69, 0x65, 0x77, 0x3b, 0x0a, 0x75, 0x6e, 0x69, 0x66, 0x6f, 0x72, 0x6d, // delView;.uniform
	0x20, 0x6d, 0x61, 0x74, 0x34, 0x20, 0x75, 0x5f, 0x6d, 0x6f, 0x64, 0x65, 0x6c, 0x56, 0x69, 0x65, //  mat4 u_modelVie
	0x77, 0x50, 0x72, 0x6f, 0x6a, 0x3b, 0x0a, 0x75, 0x6e, 0x69, 0x66, 0x6f, 0x72, 0x6d, 0x20, 0x76, // wProj;.uniform v
	0x65, 0x63, 0x34, 0x20, 0x75, 0x5f, 0x61, 0x6c, 0x70, 0x68, 0x61, 0x52, 0x65, 0x66, 0x34, 0x3b, // ec4 u_alphaRef4;
	0x0a, 0x75, 0x6e, 0x69, 0x66, 0x6f, 0x72, 0x6d, 0x20, 0x6d, 0x61, 0x74, 0x34, 0x20, 0x75, 0x5f, // .uniform mat4 u_
	0x6d, 0x6f, 0x64, 0x65, 0x6c, 0x5b, 0x31, 0x5d, 0x3b, 0x0a, 0x76, 0x6f, 0x69, 0x64, 0x20, 0x6d, // model[1];.void m
	0x61, 0x69, 0x6e, 0x28, 0x29, 0x0a, 0x7b, 0x0a, 0x67, 0x6c, 0x5f, 0x50, 0x6f, 0x73, 0x69, 0x74, // ain().{.gl_Posit
	0x69, 0x6f, 0x6e, 0x20, 0x3d, 0x20, 0x28, 0x20, 0x28, 0x75, 0x5f, 0x76, 0x69, 0x65, 0x77, 0x50, // ion = ( (u_viewP
	0x72, 0x6f, 0x6a, 0x29, 0x20, 0x2a, 0x20, 0x28, 0x76, 0x65, 0x63, 0x34, 0x28, 0x61, 0x5f, 0x70, // roj) * (vec4(a_p
	0x6f, 0x73, 0x69, 0x74, 0x69, 0x6f, 0x6e, 0x2c, 0x20, 0x30, 0x2e, 0x30, 0x2c, 0x20, 0x31, 0x2e, // osition, 0.0, 1.
	0x30, 0x29, 0x29, 0x20, 0x29, 0x3b, 0x0a, 0x76, 0x5f, 0x63, 0x6f, 0x6c, 0x6f, 0x72, 0x30, 0x20, // 0)) );.v_color0 
	0x3d, 0x20, 0x61, 0x5f, 0x63, 0x6f, 0x6c, 0x6f, 0x72, 0x30, 0x3b, 0x0a, 0x7d, 0x0a, 0x00,       // = a_color0;.}..
};

static const uint8_t quad_vs_essl[4223] =
{
	0x56, 0x53, 0x48, 0x0b, 0x00, 0x00, 0x00, 0x00, 0xa4, 0x8b, 0xef, 0x49, 0x00, 0x00, 0x6c, 0x10, // VSH........I..l.
	0x00, 0x00, 0x23, 0x76, 0x65, 0x72, 0x73, 0x69, 0x6f, 0x6e, 0x20, 0x33, 0x32, 0x30, 0x20, 0x65, // ..#version 320 e
	0x73, 0x0a, 0x23, 0x64, 0x65, 0x66, 0x69, 0x6e, 0x65, 0x20, 0x61, 0x74, 0x74, 0x72, 0x69, 0x62, // s.#define attrib
	0x75, 0x74, 0x65, 0x20, 0x69, 0x6e, 0x0a, 0x23, 0x64, 0x65, 0x66, 0x69, 0x6e, 0x65, 0x20, 0x76, // ute in.#define v
	0x61, 0x72, 0x79, 0x69, 0x6e, 0x67, 0x20, 0x6f, 0x75, 0x74, 0x0a, 0x70, 0x72, 0x65, 0x63, 0x69, // arying out.preci
	0x73, 0x69, 0x6f, 0x6e, 0x20, 0x68, 0x69, 0x67, 0x68, 0x70, 0x20, 0x66, 0x6c, 0x6f, 0x61, 0x74, // sion highp float
	0x3b, 0x0a, 0x70, 0x72, 0x65, 0x63, 0x69, 0x73, 0x69, 0x6f, 0x6e, 0x20, 0x68, 0x69, 0x67, 0x68, // ;.precision high
	0x70, 0x20, 0x69, 0x6e, 0x74, 0x3b, 0x0a, 0x23, 0x64, 0x65, 0x66, 0x69, 0x6e, 0x65, 0x20, 0x73, // p int;.#define s
	0x68, 0x61, 0x64, 0x6f, 0x77, 0x32, 0x44, 0x28, 0x5f, 0x73, 0x61, 0x6d, 0x70, 0x6c, 0x65, 0x72, // hadow2D(_sampler
	0x2c, 0x20, 0x5f, 0x63, 0x6f, 0x6f, 0x72, 0x64, 0x29, 0x20, 0x74, 0x65, 0x78, 0x74, 0x75, 0x72, // , _coord) textur
	0x65, 0x28, 0x5f, 0x73, 0x61, 0x6d, 0x70, 0x6c, 0x65, 0x72, 0x2c, 0x20, 0x5f, 0x63, 0x6f, 0x6f, // e(_sampler, _coo
	0x72, 0x64, 0x29, 0x0a, 0x23, 0x64, 0x65, 0x66, 0x69, 0x6e, 0x65, 0x20, 0x73, 0x68, 0x61, 0x64, // rd).#define shad
	0x6f, 0x77, 0x32, 0x44, 0x50, 0x72, 0x6f, 0x6a, 0x28, 0x5f, 0x73, 0x61, 0x6d, 0x70, 0x6c, 0x65, // ow2DProj(_sample
	0x72, 0x2c, 0x20, 0x5f, 0x63, 0x6f, 0x6f, 0x72, 0x64, 0x29, 0x20, 0x74, 0x65, 0x78, 0x74, 0x75, // r, _coord) textu
	0x72, 0x65, 0x50, 0x72, 0x6f, 0x6a, 0x28, 0x5f, 0x73, 0x61, 0x6d, 0x70, 0x6c, 0x65, 0x72, 0x2c, // reProj(_sampler,
	0x20, 0x5f, 0x63, 0x6f, 0x6f, 0x72, 0x64, 0x29, 0x0a, 0x61, 0x74, 0x74, 0x72, 0x69, 0x62, 0x75, //  _coord).attribu
	0x74, 0x65, 0x20, 0x76, 0x65, 0x63, 0x34, 0x20, 0x61, 0x5f, 0x63, 0x6f, 0x6c, 0x6f, 0x72, 0x30, // te vec4 a_color0
	0x3b, 0x0a, 0x61, 0x74, 0x74, 0x72, 0x69, 0x62, 0x75, 0x74, 0x65, 0x20, 0x76, 0x65, 0x63, 0x32, // ;.attribute vec2
	0x20, 0x61, 0x5f, 0x70, 0x6f, 0x73, 0x69, 0x74, 0x69, 0x6f, 0x6e, 0x3b, 0x0a, 0x76, 0x61, 0x72, //  a_position;.var
	0x79, 0x69, 0x6e, 0x67, 0x20, 0x76, 0x65, 0x63, 0x34, 0x20, 0x76, 0x5f, 0x63, 0x6f, 0x6c, 0x6f, // ying vec4 v_colo
	0x72, 0x30, 0x3b, 0x0a, 0x66, 0x6c, 0x6f, 0x61, 0x74, 0x20, 0x72, 0x63, 0x70, 0x28, 0x66, 0x6c, // r0;.float rcp(fl
	0x6f, 0x61, 0x74, 0x20, 0x5f, 0x61, 0x29, 0x20, 0x7b, 0x20, 0x72, 0x65, 0x74, 0x75, 0x72, 0x6e, // oat _a) { return
	0x20, 0x31, 0x2e, 0x30, 0x2f, 0x5f, 0x61, 0x3b, 0x20, 0x7d, 0x0a, 0x76, 0x65, 0x63, 0x32, 0x20, //  1.0/_a; }.vec2 
	0x72, 0x63, 0x70, 0x28, 0x76, 0x65, 0x63, 0x32, 0x20, 0x5f, 0x61, 0x29, 0x20, 0x7b, 0x20, 0x72, // rcp(vec2 _a) { r
	0x65, 0x74, 0x75, 0x72, 0x6e, 0x20, 0x76, 0x65, 0x63, 0x32, 0x28, 0x31, 0x2e, 0x30, 0x29, 0x2f, // eturn vec2(1.0)/
	0x5f, 0x61, 0x3b, 0x20, 0x7d, 0x0a, 0x76, 0x65, 0x63, 0x33, 0x20, 0x72, 0x63, 0x70, 0x28, 0x76, // _a; }.vec3 rcp(v
	0x65, 0x63, 0x33, 0x20, 0x5f, 0x61, 0x29, 0x20, 0x7b, 0x20, 0x72, 0x65, 0x74, 0x75, 0x72, 0x6e, // ec3 _a) { return
	0x20, 0x76, 0x65, 0x63, 0x33, 0x28, 0x31, 0x2e, 0x30, 0x29, 0x2f, 0x5f, 0x61, 0x3b, 0x20, 0x7d, //  vec3(1.0)/_a; }
	0x0a, 0x76, 0x65, 0x63, 0x34, 0x20, 0x72, 0x63, 0x70, 0x28, 0x76, 0x65, 0x63, 0x34, 0x20, 0x5f, // .vec4 rcp(vec4 _
	0x61, 0x29, 0x20, 0x7b, 0x20, 0x72, 0x65, 0x74, 0x75, 0x72, 0x6e, 0x20, 0x76, 0x65, 0x63, 0x34, // a) { return vec4
	0x28, 0x31, 0x2e, 0x30, 0x29, 0x2f, 0x5f, 0x61, 0x3b, 0x20, 0x7d, 0x0a, 0x76, 0x65, 0x63, 0x32, // (1.0)/_a; }.vec2
	0x20, 0x76, 0x65, 0x63, 0x32, 0x5f, 0x73, 0x70, 0x6c, 0x61, 0x74, 0x28, 0x66, 0x6c, 0x6f, 0x61, //  vec2_splat(floa
	0x74, 0x20, 0x5f, 0x78, 0x29, 0x20, 0x7b, 0x20, 0x72, 0x65, 0x74, 0x75, 0x72, 0x6e, 0x20, 0x76, // t _x) { return v
	0x65, 0x63, 0x32, 0x28, 0x5f, 0x78, 0x2c, 0x20, 0x5f, 0x78, 0x29, 0x3b, 0x20, 0x7d, 0x0a, 0x76, // ec2(_x, _x); }.v
	0x65, 0x63, 0x33, 0x20, 0x76, 0x65, 0x63, 0x33, 0x5f, 0x73, 0x70, 0x6c, 0x61, 0x74, 0x28, 0x66, // ec3 vec3_splat(f
	0x6c, 0x6f, 0x61, 0x74, 0x20, 0x5f, 0x78, 0x29, 0x20, 0x7b, 0x20, 0x72, 0x65, 0x74, 0x75, 0x72, // loat _x) { retur
	0x6e, 0x20, 0x76, 0x65, 0x63, 0x33, 0x28, 0x5f, 0x78, 0x2c, 0x20, 0x5f, 0x78, 0x2c, 0x20, 0x5f, // n vec3(_x, _x, _
	0x78, 0x29, 0x3b, 0x20, 0x7d, 0x0a, 0x76, 0x65, 0x63, 0x34, 0x20, 0x76, 0x65, 0x63, 0x34, 0x5f, // x); }.vec4 vec4_
	0x73, 0x70, 0x6c, 0x61, 0x74, 0x28, 0x66, 0x6c, 0x6f, 0x61, 0x74, 0x20, 0x5f, 0x78, 0x29, 0x20, // splat(float _x) 
	0x7b, 0x20, 0x72, 0x65, 0x74, 0x75, 0x72, 0x6e, 0x20, 0x76, 0x65, 0x63, 0x34, 0x28, 0x5f, 0x78, // { return vec4(_x
	0x2c, 0x20, 0x5f, 0x78, 0x2c, 0x20, 0x5f, 0x78, 0x2c, 0x20, 0x5f, 0x78, 0x29, 0x3b, 0x20, 0x7d, // , _x, _x, _x); }
	0x0a, 0x75, 0x76, 0x65, 0x63, 0x32, 0x20, 0x75, 0x76, 0x65, 0x63, 0x32, 0x5f, 0x73, 0x70, 0x6c, // .uvec2 uvec2_spl
	0x61, 0x74, 0x28, 0x75, 0x69, 0x6e, 0x74, 0x20, 0x5f, 0x78, 0x29, 0x20, 0x7b, 0x20, 0x72, 0x65, // at(uint _x) { re
	0x74, 0x75, 0x72, 0x6e, 0x20, 0x75, 0x76, 0x65, 0x63, 0x32, 0x28, 0x5f, 0x78, 0x2c, 0x20, 0x5f, // turn uvec2(_x, _
	0x78, 0x29, 0x3b, 0x20, 0x7d, 0x0a, 0x75, 0x76, 0x65, 0x63, 0x33, 0x20, 0x75, 0x76, 0x65, 0x63, // x); }.uvec3 uvec
	0x33, 0x5f, 0x73, 0x70, 0x6c, 0x61, 0x74, 0x28, 0x75, 0x69, 0x6e, 0x74, 0x20, 0x5f, 0x78, 0x29, // 3_splat(uint _x)
	0x20, 0x7b, 0x20, 0x72, 0x65, 0x74, 0x75, 0x72, 0x6e, 0x20, 0x75, 0x76, 0x65, 0x63, 0x33, 0x28, //  { return uvec3(
	0x5f, 0x78, 0x2c, 0x20, 0x5f, 0x78, 0x2c, 0x20, 0x5f, 0x78, 0x29, 0x3b, 0x20, 0x7d, 0x0a, 0x75, // _x, _x, _x); }.u
	0x76, 0x65, 0x63, 0x34, 0x20, 0x75, 0x76, 0x65, 0x63, 0x34, 0x5f, 0x73, 0x70, 0x6c, 0x61, 0x74, // vec4 uvec4_splat
	0x28, 0x75, 0x69, 0x6e, 0x74, 0x20, 0x5f, 0x78, 0x29, 0x20, 0x7b, 0x20, 0x72, 0x65, 0x74, 0x75, // (uint _x) { retu
	0x72, 0x6e, 0x20, 0x75, 0x76, 0x65, 0x63, 0x34, 0x28, 0x5f, 0x78, 0x2c, 0x20, 0x5f, 0x78, 0x2c, // rn uvec4(_x, _x,
	0x20, 0x5f, 0x78, 0x2c, 0x20, 0x5f, 0x78, 0x29, 0x3b, 0x20, 0x7d, 0x0a, 0x6d, 0x61, 0x74, 0x34, //  _x, _x); }.mat4
	0x20, 0x6d, 0x74, 0x78, 0x46, 0x72, 0x6f, 0x6d, 0x52, 0x6f, 0x77, 0x73, 0x28, 0x76, 0x65, 0x63, //  mtxFromRows(vec
	0x34, 0x20, 0x5f, 0x30, 0x2c, 0x20, 0x76, 0x65, 0x63, 0x34, 0x20, 0x5f, 0x31, 0x2c, 0x20, 0x76, // 4 _0, vec4 _1, v
	0x65, 0x63, 0x34, 0x20, 0x5f, 0x32, 0x2c, 0x20, 0x76, 0x65, 0x63, 0x34, 0x20, 0x5f, 0x33, 0x29, // ec4 _2, vec4 _3)
	0x0a, 0x7b, 0x0a, 0x72, 0x65, 0x74, 0x75, 0x72, 0x6e, 0x20, 0x74, 0x72, 0x61, 0x6e, 0x73, 0x70, // .{.return transp
	0x6f, 0x73, 0x65, 0x28, 0x6d, 0x61, 0x74, 0x34, 0x28, 0x5f, 0x30, 0x2c, 0x20, 0x5f, 0x31, 0x2c, // ose(mat4(_0, _1,
	0x20, 0x5f, 0x32, 0x2c, 0x20, 0x5f, 0x33, 0x29, 0x20, 0x29, 0x3b, 0x0a, 0x7d, 0x0a, 0x6d, 0x61, //  _2, _3) );.}.ma
	0x74, 0x34, 0x20, 0x6d, 0x74, 0x78, 0x46, 0x72, 0x6f, 0x6d, 0x43, 0x6f, 0x6c, 0x73, 0x28, 0x76, // t4 mtxFromCols(v
	0x65, 0x63, 0x34, 0x20, 0x5f, 0x30, 0x2c, 0x20, 0x76, 0x65, 0x63, 0x34, 0x20, 0x5f, 0x31, 0x2c, // ec4 _0, vec4 _1,
	0x20, 0x76, 0x65, 0x63, 0x34, 0x20, 0x5f, 0x32, 0x2c, 0x20, 0x76, 0x65, 0x63, 0x34, 0x20, 0x5f, //  vec4 _2, vec4 _
	0x33, 0x29, 0x0a, 0x7b, 0x0a, 0x72, 0x65, 0x74, 0x75, 0x72, 0x6e, 0x20, 0x6d, 0x61, 0x74, 0x34, // 3).{.return mat4
	0x28, 0x5f, 0x30, 0x2c, 0x20, 0x5f, 0x31, 0x2c, 0x20, 0x5f, 0x32, 0x2c, 0x20, 0x5f, 0x33, 0x29, // (_0, _1, _2, _3)
	0x3b, 0x0a, 0x7d, 0x0a, 0x6d, 0x61, 0x74, 0x33, 0x20, 0x6d, 0x74, 0x78, 0x46, 0x72, 0x6f, 0x6d, // ;.}.mat3 mtxFrom
	0x52, 0x6f, 0x77, 0x73, 0x28, 0x76, 0x65, 0x63, 0x33, 0x20, 0x5f, 0x30, 0x2c, 0x20, 0x76, 0x65, // Rows(vec3 _0, ve
	0x63, 0x33, 0x20, 0x5f, 0x31, 0x2c, 0x20, 0x76, 0x65, 0x63, 0x33, 0x20, 0x5f, 0x32, 0x29, 0x0a, // c3 _1, vec3 _2).
	0x7b, 0x0a, 0x72, 0x65, 0x74, 0x75, 0x72, 0x6e, 0x20, 0x74, 0x72, 0x61, 0x6e, 0x73, 0x70, 0x6f, // {.return transpo
	0x73, 0x65, 0x28, 0x6d, 0x61, 0x74, 0x33, 0x28, 0x5f, 0x30, 0x2c, 0x20, 0x5f, 0x31, 0x2c, 0x20, // se(mat3(_0, _1, 
	0x5f, 0x32, 0x29, 0x20, 0x29, 0x3b, 0x0a, 0x7d, 0x0a, 0x6d, 0x61, 0x74, 0x33, 0x20, 0x6d, 0x74, // _2) );.}.mat3 mt
	0x78, 0x46, 0x72, 0x6f, 0x6d, 0x43, 0x6f, 0x6c, 0x73, 0x28, 0x76, 0x65, 0x63, 0x33, 0x20, 0x5f, // xFromCols(vec3 _
	0x30, 0x2c, 0x20, 0x76, 0x65, 0x63, 0x33, 0x20, 0x5f, 0x31, 0x2c, 0x20, 0x76, 0x65, 0x63, 0x33, // 0, vec3 _1, vec3
	0x20, 0x5f, 0x32, 0x29, 0x0a, 0x7b, 0x0a, 0x72, 0x65, 0x74, 0x75, 0x72, 0x6e, 0x20, 0x6d, 0x61, //  _2).{.return ma
	0x74, 0x33, 0x28, 0x5f, 0x30, 0x2c, 0x20, 0x5f, 0x31, 0x2c, 0x20, 0x5f, 0x32, 0x29, 0x3b, 0x0a, // t3(_0, _1, _2);.
	0x7d, 0x0a, 0x76, 0x65, 0x63, 0x33, 0x20, 0x6d, 0x74, 0x78, 0x47, 0x65, 0x74, 0x52, 0x6f, 0x77, // }.vec3 mtxGetRow
	0x28, 0x6d, 0x61, 0x74, 0x33, 0x20, 0x5f, 0x6d, 0x74, 0x78, 0x2c, 0x20, 0x69, 0x6e, 0x74, 0x20, // (mat3 _mtx, int 
	0x5f, 0x72, 0x6f, 0x77, 0x29, 0x0a, 0x7b, 0x0a, 0x72, 0x65, 0x74, 0x75, 0x72, 0x6e, 0x20, 0x76, // _row).{.return v
	0x65, 0x63, 0x33, 0x28, 0x5f, 0x6d, 0x74, 0x78, 0x5b, 0x30, 0x5d, 0x5b, 0x5f, 0x72, 0x6f, 0x77, // ec3(_mtx[0][_row
	0x5d, 0x2c, 0x20, 0x5f, 0x6d, 0x74, 0x78, 0x5b, 0x31, 0x5d, 0x5b, 0x5f, 0x72, 0x6f, 0x77, 0x5d, // ], _mtx[1][_row]
	0x2c, 0x20, 0x5f, 0x6d, 0x74, 0x78, 0x5b, 0x32, 0x5d, 0x5b, 0x5f, 0x72, 0x6f, 0x77, 0x5d, 0x29, // , _mtx[2][_row])
	0x3b, 0x0a, 0x7d, 0x0a, 0x76, 0x65, 0x63, 0x33, 0x20, 0x6d, 0x74, 0x78, 0x47, 0x65, 0x74, 0x43, // ;.}.vec3 mtxGetC
	0x6f, 0x6c, 0x75, 0x6d, 0x6e, 0x28, 0x6d, 0x61, 0x74, 0x33, 0x20, 0x5f, 0x6d, 0x74, 0x78, 0x2c, // olumn(mat3 _mtx,
	0x20, 0x69, 0x6e, 0x74, 0x20, 0x5f, 0x63, 0x6f, 0x6c, 0x75, 0x6d, 0x6e, 0x29, 0x0a, 0x7b, 0x0a, //  int _column).{.
	0x72, 0x65, 0x74, 0x75, 0x72, 0x6e, 0x20, 0x76, 0x65, 0x63, 0x33, 0x28, 0x5f, 0x6d, 0x74, 0x78, // return vec3(_mtx
	0x5b, 0x5f, 0x63, 0x6f, 0x6c, 0x75, 0x6d, 0x6e, 0x5d, 0x29, 0x3b, 0x0a, 0x7d, 0x0a, 0x76, 0x65, // [_column]);.}.ve
	0x63, 0x34, 0x20, 0x6d, 0x74, 0x78, 0x47, 0x65, 0x74, 0x52, 0x6f, 0x77, 0x28, 0x6d, 0x61, 0x74, // c4 mtxGetRow(mat
	0x34, 0x20, 0x5f, 0x6d, 0x74, 0x78, 0x2c, 0x20, 0x69, 0x6e, 0x74, 0x20, 0x5f, 0x72, 0x6f, 0x77, // 4 _mtx, int _row
	0x29, 0x0a, 0x7b, 0x0a, 0x72, 0x65, 0x74, 0x75, 0x72, 0x6e, 0x20, 0x76, 0x65, 0x63, 0x34, 0x28, // ).{.return vec4(
	0x5f, 0x6d, 0x74, 0x78, 0x5b, 0x30, 0x5d, 0x5b, 0x5f, 0x72, 0x6f, 0x77, 0x5d, 0x2c, 0x20, 0x5f, // _mtx[0][_row], _
	0x6d, 0x74, 0x78, 0x5b, 0x31, 0x5d, 0x5b, 0x5f, 0x72, 0x6f, 0x77, 0x5d, 0x2c, 0x20, 0x5f, 0x6d, // mtx[1][_row], _m
	0x74, 0x78, 0x5b, 0x32, 0x5d, 0x5b, 0x5f, 0x72, 0x6f, 0x77, 0x5d, 0x2c, 0x20, 0x5f, 0x6d, 0x74, // tx[2][_row], _mt
	0x78, 0x5b, 0x33, 0x5d, 0x5b, 0x5f, 0x72, 0x6f, 0x77, 0x5d, 0x29, 0x3b, 0x0a, 0x7d, 0x0a, 0x76, // x[3][_row]);.}.v
	0x65, 0x63, 0x34, 0x20, 0x6d, 0x74, 0x78, 0x47, 0x65, 0x74, 0x43, 0x6f, 0x6c, 0x75, 0x6d, 0x6e, // ec4 mtxGetColumn
	0x28, 0x6d, 0x61, 0x74, 0x34, 0x20, 0x5f, 0x6d, 0x74, 0x78, 0x2c, 0x20, 0x69, 0x6e, 0x74, 0x20, // (mat4 _mtx, int 
	0x5f, 0x63, 0x6f, 0x6c, 0x75, 0x6d, 0x6e, 0x29, 0x0a, 0x7b, 0x0a, 0x72, 0x65, 0x74, 0x75, 0x72, // _column).{.retur
	0x6e, 0x20, 0x76, 0x65, 0x63, 0x34, 0x28, 0x5f, 0x6d, 0x74, 0x78, 0x5b, 0x5f, 0x63, 0x6f, 0x6c, // n vec4(_mtx[_col
	0x75, 0x6d, 0x6e, 0x5d, 0x29, 0x3b, 0x0a, 0x7d, 0x0a, 0x66, 0x6c, 0x6f, 0x61, 0x74, 0x20, 0x6d, // umn]);.}.float m
	0x74, 0x78, 0x47, 0x65, 0x74, 0x45, 0x6c, 0x65, 0x6d, 0x65, 0x6e, 0x74, 0x28, 0x6d, 0x61, 0x74, // txGetElement(mat
	0x33, 0x20, 0x5f, 0x6d, 0x74, 0x78, 0x2c, 0x20, 0x69, 0x6e, 0x74, 0x20, 0x5f, 0x63, 0x6f, 0x6c, // 3 _mtx, int _col
	0x75, 0x6d, 0x6e, 0x2c, 0x20, 0x69, 0x6e, 0x74, 0x20, 0x5f, 0x72, 0x6f, 0x77, 0x29, 0x0a, 0x7b, // umn, int _row).{
	0x0a, 0x72, 0x65, 0x74, 0x75, 0x72, 0x6e, 0x20, 0x5f, 0x6d, 0x74, 0x78, 0x5b, 0x5f, 0x63, 0x6f, // .return _mtx[_co
	0x6c, 0x75, 0x6d, 0x6e, 0x5d, 0x5b, 0x5f, 0x72, 0x6f, 0x77, 0x5d, 0x3b, 0x0a, 0x7d, 0x0a, 0x66, // lumn][_row];.}.f
	0x6c, 0x6f, 0x61, 0x74, 0x20, 0x6d, 0x74, 0x78, 0x47, 0x65, 0x74, 0x45, 0x6c, 0x65, 0x6d, 0x65, // loat mtxGetEleme
	0x6e, 0x74, 0x28, 0x6d, 0x61, 0x74, 0x34, 0x20, 0x5f, 0x6d, 0x74, 0x78, 0x2c, 0x20, 0x69, 0x6e, // nt(mat4 _mtx, in
	0x74, 0x20, 0x5f, 0x63, 0x6f, 0x6c, 0x75, 0x6d, 0x6e, 0x2c, 0x20, 0x69, 0x6e, 0x74, 0x20, 0x5f, // t _column, int _
	0x72, 0x6f, 0x77, 0x29, 0x0a, 0x7b, 0x0a, 0x72, 0x65, 0x74, 0x75, 0x72, 0x6e, 0x20, 0x5f, 0x6d, // row).{.return _m
	0x74, 0x78, 0x5b, 0x5f, 0x63, 0x6f, 0x6c, 0x75, 0x6d, 0x6e, 0x5d, 0x5b, 0x5f, 0x72, 0x6f, 0x77, // tx[_column][_row
	0x5d, 0x3b, 0x0a, 0x7d, 0x0a, 0x66, 0x6c, 0x6f, 0x61, 0x74, 0x20, 0x73, 0x65, 0x6c, 0x65, 0x63, // ];.}.float selec
	0x74, 0x28, 0x62, 0x6f, 0x6f, 0x6c, 0x20, 0x5f, 0x63, 0x6f, 0x6e, 0x64, 0x2c, 0x20, 0x66, 0x6c, // t(bool _cond, fl
	0x6f, 0x61, 0x74, 0x20, 0x5f, 0x74, 0x72, 0x75, 0x65, 0x2c, 0x20, 0x66, 0x6c, 0x6f, 0x61, 0x74, // oat _true, float
	0x20, 0x5f, 0x66, 0x61, 0x6c, 0x73, 0x65, 0x29, 0x20, 0x7b, 0x20, 0x72, 0x65, 0x74, 0x75, 0x72, //  _false) { retur
	0x6e, 0x20, 0x5f, 0x63, 0x6f, 0x6e, 0x64, 0x20, 0x3f, 0x20, 0x5f, 0x74, 0x72, 0x75, 0x65, 0x20, // n _cond ? _true 
	0x3a, 0x20, 0x5f, 0x66, 0x61, 0x6c, 0x73, 0x65, 0x3b, 0x20, 0x7d, 0x0a, 0x76, 0x65, 0x63, 0x32, // : _false; }.vec2
	0x20, 0x73, 0x65, 0x6c, 0x65, 0x63, 0x74, 0x28, 0x62, 0x6f, 0x6f, 0x6c, 0x20, 0x5f, 0x63, 0x6f, //  select(bool _co
	0x6e, 0x64, 0x2c, 0x20, 0x76, 0x65, 0x63, 0x32, 0x20, 0x5f, 0x74, 0x72, 0x75, 0x65, 0x2c, 0x20, // nd, vec2 _true, 
	0x76, 0x65, 0x63, 0x32, 0x20, 0x5f, 0x66, 0x61, 0x6c, 0x73, 0x65, 0x29, 0x20, 0x7b, 0x20, 0x72, // vec2 _false) { r
	0x65, 0x74, 0x75, 0x72, 0x6e, 0x20, 0x5f, 0x63, 0x6f, 0x6e, 0x64, 0x20, 0x3f, 0x20, 0x5f, 0x74, // eturn _cond ? _t
	0x72, 0x75, 0x65, 0x20, 0x3a, 0x20, 0x5f, 0x66, 0x61, 0x6c, 0x73, 0x65, 0x3b, 0x20, 0x7d, 0x0a, // rue : _false; }.
	0x76, 0x65, 0x63, 0x33, 0x20, 0x73, 0x65, 0x6c, 0x65, 0x63, 0x74, 0x28, 0x62, 0x6f, 0x6f, 0x6c, // vec3 select(bool
	0x20, 0x5f, 0x63, 0x6f, 0x6e, 0x64, 0x2c, 0x20, 0x76, 0x65, 0x63, 0x33, 0x20, 0x5f, 0x74, 0x72, //  _cond, vec3 _tr
	0x75, 0x65, 0x2c, 0x20, 0x76, 0x65, 0x63, 0x33, 0x20, 0x5f, 0x66, 0x61, 0x6c, 0x73, 0x65, 0x29, // ue, vec3 _false)
	0x20, 0x7b, 0x20, 0x72, 0x65, 0x74, 0x75, 0x72, 0x6e, 0x20, 0x5f, 0x63, 0x6f, 0x6e, 0x64, 0x20, //  { return _cond 
	0x3f, 0x20, 0x5f, 0x74, 0x72, 0x75, 0x65, 0x20, 0x3a, 0x20, 0x5f, 0x66, 0x61, 0x6c, 0x73, 0x65, // ? _true : _false
	0x3b, 0x20, 0x7d, 0x0a, 0x76, 0x65, 0x63, 0x34, 0x20, 0x73, 0x65, 0x6c, 0x65, 0x63, 0x74, 0x28, // ; }.vec4 select(
	0x62, 0x6f, 0x6f, 0x6c, 0x20, 0x5f, 0x63, 0x6f, 0x6e, 0x64, 0x2c, 0x20, 0x76, 0x65, 0x63, 0x34, // bool _cond, vec4
	0x20, 0x5f, 0x74, 0x72, 0x75, 0x65, 0x2c, 0x20, 0x76, 0x65, 0x63, 0x34, 0x20, 0x5f, 0x66, 0x61, //  _true, vec4 _fa
	0x6c, 0x73, 0x65, 0x29, 0x20, 0x7b, 0x20, 0x72, 0x65, 0x74, 0x75, 0x72, 0x6e, 0x20, 0x5f, 0x63, // lse) { return _c
	0x6f, 0x6e, 0x64, 0x20, 0x3f, 0x20, 0x5f, 0x74, 0x72, 0x75, 0x65, 0x20, 0x3a, 0x20, 0x5f, 0x66, // ond ? _true : _f
	0x61, 0x6c, 0x73, 0x65, 0x3b, 0x20, 0x7d, 0x0a, 0x76, 0x65, 0x63, 0x32, 0x20, 0x73, 0x65, 0x6c, // alse; }.vec2 sel
	0x65, 0x63, 0x74, 0x28, 0x62, 0x76, 0x65, 0x63, 0x32, 0x20, 0x5f, 0x63, 0x6f, 0x6e, 0x64, 0x2c, // ect(bvec2 _cond,
	0x20, 0x76, 0x65, 0x63, 0x32, 0x20, 0x5f, 0x74, 0x72, 0x75, 0x65, 0x2c, 0x20, 0x76, 0x65, 0x63, //  vec2 _true, vec
	0x32, 0x20, 0x5f, 0x66, 0x61, 0x6c, 0x73, 0x65, 0x29, 0x20, 0x7b, 0x20, 0x72, 0x65, 0x74, 0x75, // 2 _false) { retu
	0x72, 0x6e, 0x20, 0x28, 0x76, 0x65, 0x63, 0x32, 0x28, 0x5f, 0x63, 0x6f, 0x6e, 0x64, 0x29, 0x20, // rn (vec2(_cond) 
	0x2a, 0x20, 0x5f, 0x74, 0x72, 0x75, 0x65, 0x29, 0x20, 0x2b, 0x20, 0x28, 0x76, 0x65, 0x63, 0x32, // * _true) + (vec2
	0x28, 0x6e, 0x6f, 0x74, 0x28, 0x5f, 0x63, 0x6f, 0x6e, 0x64, 0x29, 0x20, 0x29, 0x20, 0x2a, 0x20, // (not(_cond) ) * 
	0x5f, 0x66, 0x61, 0x6c, 0x73, 0x65, 0x29, 0x3b, 0x20, 0x7d, 0x0a, 0x76, 0x65, 0x63, 0x33, 0x20, // _false); }.vec3 
	0x73, 0x65, 0x6c, 0x65, 0x63, 0x74, 0x28, 0x62, 0x76, 0x65, 0x63, 0x33, 0x20, 0x5f, 0x63, 0x6f, // select(bvec3 _co
	0x6e, 0x64, 0x2c, 0x20, 0x76, 0x65, 0x63, 0x33, 0x20, 0x5f, 0x74, 0x72, 0x75, 0x65, 0x2c, 0x20, // nd, vec3 _true, 
	0x76, 0x65, 0x63, 0x33, 0x20, 0x5f, 0x66, 0x61, 0x6c, 0x73, 0x65, 0x29, 0x20, 0x7b, 0x20, 0x72, // vec3 _false) { r
	0x65, 0x74, 0x75, 0x72, 0x6e, 0x20, 0x28, 0x76, 0x65, 0x63, 0x33, 0x28, 0x5f, 0x63, 0x6f, 0x6e, // eturn (vec3(_con
	0x64, 0x29, 0x20, 0x2a, 0x20, 0x5f, 0x74, 0x72, 0x75, 0x65, 0x29, 0x20, 0x2b, 0x20, 0x28, 0x76, // d) * _true) + (v
	0x65, 0x63, 0x33, 0x28, 0x6e, 0x6f, 0x74, 0x28, 0x5f, 0x63, 0x6f, 0x6e, 0x64, 0x29, 0x20, 0x29, // ec3(not(_cond) )
	0x20, 0x2a, 0x20, 0x5f, 0x66, 0x61, 0x6c, 0x73, 0x65, 0x29, 0x3b, 0x20, 0x7d, 0x0a, 0x76, 0x65, //  * _false); }.ve
	0x63, 0x34, 0x20, 0x73, 0x65, 0x6c, 0x65, 0x63, 0x74, 0x28, 0x62, 0x76, 0x65, 0x63, 0x34, 0x20, // c4 select(bvec4 
	0x5f, 0x63, 0x6f, 0x6e, 0x64, 0x2c, 0x20, 0x76, 0x65, 0x63, 0x34, 0x20, 0x5f, 0x74, 0x72, 0x75, // _cond, vec4 _tru
	0x65, 0x2c, 0x20, 0x76, 0x65, 0x63, 0x34, 0x20, 0x5f, 0x66, 0x61, 0x6c, 0x73, 0x65, 0x29, 0x20, // e, vec4 _false) 
	0x7b, 0x20, 0x72, 0x65, 0x74, 0x75, 0x72, 0x6e, 0x20, 0x28, 0x76, 0x65, 0x63, 0x34, 0x28, 0x5f, // { return (vec4(_
	0x63, 0x6f, 0x6e, 0x64, 0x29, 0x20, 0x2a, 0x20, 0x5f, 0x74, 0x72, 0x75, 0x65, 0x29, 0x20, 0x2b, // cond) * _true) +
	0x20, 0x28, 0x76, 0x65, 0x63, 0x34, 0x28, 0x6e, 0x6f, 0x74, 0x28, 0x5f, 0x63, 0x6f, 0x6e, 0x64, //  (vec4(not(_cond
	0x29, 0x20, 0x29, 0x20, 0x2a, 0x20, 0x5f, 0x66, 0x61, 0x6c, 0x73, 0x65, 0x29, 0x3b, 0x20, 0x7d, // ) ) * _false); }
	0x0a, 0x69, 0x6e, 0x74, 0x20, 0x73, 0x65, 0x6c, 0x65, 0x63, 0x74, 0x28, 0x62, 0x6f, 0x6f, 0x6c, // .int select(bool
	0x20, 0x5f, 0x63, 0x6f, 0x6e, 0x64, 0x2c, 0x20, 0x69, 0x6e, 0x74, 0x20, 0x5f, 0x74, 0x72, 0x75, //  _cond, int _tru
	0x65, 0x2c, 0x20, 0x69, 0x6e, 0x74, 0x20, 0x5f, 0x66, 0x61, 0x6c, 0x73, 0x65, 0x29, 0x20, 0x7b, // e, int _false) {
	0x20, 0x72, 0x65, 0x74, 0x75, 0x72, 0x6e, 0x20, 0x5f, 0x63, 0x6f, 0x6e, 0x64, 0x20, 0x3f, 0x20, //  return _cond ? 
	0x5f, 0x74, 0x72, 0x75, 0x65, 0x20, 0x3a, 0x20, 0x5f, 0x66, 0x61, 0x6c, 0x73, 0x65, 0x3b, 0x20, // _true : _false; 
	0x7d, 0x0a, 0x69, 0x76, 0x65, 0x63, 0x32, 0x20, 0x73, 0x65, 0x6c, 0x65, 0x63, 0x74, 0x28, 0x62, // }.ivec2 select(b
	0x6f, 0x6f, 0x6c, 0x20, 0x5f, 0x63, 0x6f, 0x6e, 0x64, 0x2c, 0x20, 0x69, 0x76, 0x65, 0x63, 0x32, // ool _cond, ivec2
	0x20, 0x5f, 0x74, 0x72, 0x75, 0x65, 0x2c, 0x20, 0x69, 0x76, 0x65, 0x63, 0x32, 0x20, 0x5f, 0x66, //  _true, ivec2 _f
	0x61, 0x6c, 0x73, 0x65, 0x29, 0x20, 0x7b, 0x20, 0x72, 0x65, 0x74, 0x75, 0x72, 0x6e, 0x20, 0x5f, // alse) { return _
	0x63, 0x6f, 0x6e, 0x64, 0x20, 0x3f, 0x20, 0x5f, 0x74, 0x72, 0x75, 0x65, 0x20, 0x3a, 0x20, 0x5f, // cond ? _true : _
	0x66, 0x61, 0x6c, 0x73, 0x65, 0x3b, 0x20, 0x7d, 0x0a, 0x69, 0x76, 0x65, 0x63, 0x33, 0x20, 0x73, // false; }.ivec3 s
	0x65, 0x6c, 0x65, 0x63, 0x74, 0x28, 0x62, 0x6f, 0x6f, 0x6c, 0x20, 0x5f, 0x63, 0x6f, 0x6e, 0x64, // elect(bool _cond
	0x2c, 0x20, 0x69, 0x76, 0x65, 0x63, 0x33, 0x20, 0x5f, 0x74, 0x72, 0x75, 0x65, 0x2c, 0x20, 0x69, // , ivec3 _true, i
	0x76, 0x65, 0x63, 0x33, 0x20, 0x5f, 0x66, 0x61, 0x6c, 0x73, 0x65, 0x29, 0x20, 0x7b, 0x20, 0x72, // vec3 _false) { r
	0x65, 0x74, 0x75, 0x72, 0x6e, 0x20, 0x5f, 0x63, 0x6f, 0x6e, 0x64, 0x20, 0x3f, 0x20, 0x5f, 0x74, // eturn _cond ? _t
	0x72, 0x75, 0x65, 0x20, 0x3a, 0x20, 0x5f, 0x66, 0x61, 0x6c, 0x73, 0x65, 0x3b, 0x20, 0x7d, 0x0a, // rue : _false; }.
	0x69, 0x76, 0x65, 0x63, 0x34, 0x20, 0x73, 0x65, 0x6c, 0x65, 0x63, 0x74, 0x28, 0x62, 0x6f, 0x6f, // ivec4 select(boo
	0x6c, 0x20, 0x5f, 0x63, 0x6f, 0x6e, 0x64, 0x2c, 0x20, 0x69, 0x76, 0x65, 0x63, 0x34, 0x20, 0x5f, // l _cond, ivec4 _
	0x74, 0x72, 0x75, 0x65, 0x2c, 0x20, 0x69, 0x76, 0x65, 0x63, 0x34, 0x20, 0x5f, 0x66, 0x61, 0x6c, // true, ivec4 _fal
	0x73, 0x65, 0x29, 0x20, 0x7b, 0x20, 0x72, 0x65, 0x74, 0x75, 0x72, 0x6e, 0x20, 0x5f, 0x63, 0x6f, // se) { return _co
	0x6e, 0x64, 0x20, 0x3f, 0x20, 0x5f, 0x74, 0x72, 0x75, 0x65, 0x20, 0x3a, 0x20, 0x5f, 0x66, 0x61, // nd ? _true : _fa
	0x6c, 0x73, 0x65, 0x3b, 0x20, 0x7d, 0x0a, 0x69, 0x76, 0x65, 0x63, 0x32, 0x20, 0x73, 0x65, 0x6c, // lse; }.ivec2 sel
	0x65, 0x63, 0x74, 0x28, 0x62, 0x76, 0x65, 0x63, 0x32, 0x20, 0x5f, 0x63, 0x6f, 0x6e, 0x64, 0x2c, // ect(bvec2 _cond,
	0x20, 0x69, 0x76, 0x65, 0x63, 0x32, 0x20, 0x5f, 0x74, 0x72, 0x75, 0x65, 0x2c, 0x20, 0x69, 0x76, //  ivec2 _true, iv
	0x65, 0x63, 0x32, 0x20, 0x5f, 0x66, 0x61, 0x6c, 0x73, 0x65, 0x29, 0x20, 0x7b, 0x20, 0x72, 0x65, // ec2 _false) { re
	0x74, 0x75, 0x72, 0x6e, 0x20, 0x28, 0x69, 0x76, 0x65, 0x63, 0x32, 0x28, 0x5f, 0x63, 0x6f, 0x6e, // turn (ivec2(_con
	0x64, 0x29, 0x20, 0x2a, 0x20, 0x5f, 0x74, 0x72, 0x75, 0x65, 0x29, 0x20, 0x2b, 0x20, 0x28, 0x69, // d) * _true) + (i
	0x76, 0x65, 0x63, 0x32, 0x28, 0x6e, 0x6f, 0x74, 0x28, 0x5f, 0x63, 0x6f, 0x6e, 0x64, 0x29, 0x20, // vec2(not(_cond) 
	0x29, 0x20, 0x2a, 0x20, 0x5f, 0x66, 0x61, 0x6c, 0x73, 0x65, 0x29, 0x3b, 0x20, 0x7d, 0x0a, 0x69, // ) * _false); }.i
	0x76, 0x65, 0x63, 0x33, 0x20, 0x73, 0x65, 0x6c, 0x65, 0x63, 0x74, 0x28, 0x62, 0x76, 0x65, 0x63, // vec3 select(bvec
	0x33, 0x20, 0x5f, 0x63, 0x6f, 0x6e, 0x64, 0x2c, 0x20, 0x69, 0x76, 0x65, 0x63, 0x33, 0x20, 0x5f, // 3 _cond, ivec3 _
	0x74, 0x72, 0x75, 0x65, 0x2c, 0x20, 0x69, 0x76, 0x65, 0x63, 0x33, 0x20, 0x5f, 0x66, 0x61, 0x6c, // true, ivec3 _fal
	0x73, 0x65, 0x29, 0x20, 0x7b, 0x20, 0x72, 0x65, 0x74, 0x75, 0x72, 0x6e, 0x20, 0x28, 0x69, 0x76, // se) { return (iv
	0x65, 0x63, 0x33, 0x28, 0x5f, 0x63, 0x6f, 0x6e, 0x64, 0x29, 0x20, 0x2a, 0x20, 0x5f, 0x74, 0x72, // ec3(_cond) * _tr
	0x75, 0x65, 0x29, 0x20, 0x2b, 0x20, 0x28, 0x69, 0x76, 0x65, 0x63, 0x33, 0x28, 0x6e, 0x6f, 0x74, // ue) + (ivec3(not
	0x28, 0x5f, 0x63, 0x6f, 0x6e, 0x64, 0x29, 0x20, 0x29, 0x20, 0x2a, 0x20, 0x5f, 0x66, 0x61, 0x6c, // (_cond) ) * _fal
	0x73, 0x65, 0x29, 0x3b, 0x20, 0x7d, 0x0a, 0x69, 0x76, 0x65, 0x63, 0x34, 0x20, 0x73, 0x65, 0x6c, // se); }.ivec4 sel
	0x65, 0x63, 0x74, 0x28, 0x62, 0x76, 0x65, 0x63, 0x34, 0x20, 0x5f, 0x63, 0x6f, 0x6e, 0x64, 0x2c, // ect(bvec4 _cond,
	0x20, 0x69, 0x76, 0x65, 0x63, 0x34, 0x20, 0x5f, 0x74, 0x72, 0x75, 0x65, 0x2c, 0x20, 0x69, 0x76, //  ivec4 _true, iv
	0x65, 0x63, 0x34, 0x20, 0x5f, 0x66, 0x61, 0x6c, 0x73, 0x65, 0x29, 0x20, 0x7b, 0x20, 0x72, 0x65, // ec4 _false) { re
	0x74, 0x75, 0x72, 0x6e, 0x20, 0x28, 0x69, 0x76, 0x65, 0x63, 0x34, 0x28, 0x5f, 0x63, 0x6f, 0x6e, // turn (ivec4(_con
	0x64, 0x29, 0x20, 0x2a, 0x20, 0x5f, 0x74, 0x72, 0x75, 0x65, 0x29, 0x20, 0x2b, 0x20, 0x28, 0x69, // d) * _true) + (i
	0x76, 0x65, 0x63, 0x34, 0x28, 0x6e, 0x6f, 0x74, 0x28, 0x5f, 0x63, 0x6f, 0x6e, 0x64, 0x29, 0x20, // vec4(not(_cond) 
	0x29, 0x20, 0x2a, 0x20, 0x5f, 0x66, 0x61, 0x6c, 0x73, 0x65, 0x29, 0x3b, 0x20, 0x7d, 0x0a, 0x75, // ) * _false); }.u
	0x69, 0x6e, 0x74, 0x20, 0x73, 0x65, 0x6c, 0x65, 0x63, 0x74, 0x28, 0x62, 0x6f, 0x6f, 0x6c, 0x20, // int select(bool 
	0x5f, 0x63, 0x6f, 0x6e, 0x64, 0x2c, 0x20, 0x75, 0x69, 0x6e, 0x74, 0x20, 0x5f, 0x74, 0x72, 0x75, // _cond, uint _tru
	0x65, 0x2c, 0x20, 0x75, 0x69, 0x6e, 0x74, 0x20, 0x5f, 0x66, 0x61, 0x6c, 0x73, 0x65, 0x29, 0x20, // e, uint _false) 
	0x7b, 0x20, 0x72, 0x65, 0x74, 0x75, 0x72, 0x6e, 0x20, 0x5f, 0x63, 0x6f, 0x6e, 0x64, 0x20, 0x3f, // { return _cond ?
	0x20, 0x5f, 0x74, 0x72, 0x75, 0x65, 0x20, 0x3a, 0x20, 0x5f, 0x66, 0x61, 0x6c, 0x73, 0x65, 0x3b, //  _true : _false;
	0x20, 0x7d, 0x0a, 0x75, 0x76, 0x65, 0x63, 0x32, 0x20, 0x73, 0x65, 0x6c, 0x65, 0x63, 0x74, 0x28, //  }.uvec2 select(
	0x62, 0x6f, 0x6f, 0x6c, 0x20, 0x5f, 0x63, 0x6f, 0x6e, 0x64, 0x2c, 0x20, 0x75, 0x76, 0x65, 0x63, // bool _cond, uvec
	0x32, 0x20, 0x5f, 0x74, 0x72, 0x75, 0x65, 0x2c, 0x20, 0x75, 0x76, 0x65, 0x63, 0x32, 0x20, 0x5f, // 2 _true, uvec2 _
	0x66, 0x61, 0x6c, 0x73, 0x65, 0x29, 0x20, 0x7b, 0x20, 0x72, 0x65, 0x74, 0x75, 0x72, 0x6e, 0x20, // false) { return 
	0x5f, 0x63, 0x6f, 0x6e, 0x64, 0x20, 0x3f, 0x20, 0x5f, 0x74, 0x72, 0x75, 0x65, 0x20, 0x3a, 0x20, // _cond ? _true : 
	0x5f, 0x66, 0x61, 0x6c, 0x73, 0x65, 0x3b, 0x20, 0x7d, 0x0a, 0x75, 0x76, 0x65, 0x63, 0x33, 0x20, // _false; }.uvec3 
	0x73, 0x65, 0x6c, 0x65, 0x63, 0x74, 0x28, 0x62, 0x6f, 0x6f, 0x6c, 0x20, 0x5f, 0x63, 0x6f, 0x6e, // select(bool _con
	0x64, 0x2c, 0x20, 0x75, 0x76, 0x65, 0x63, 0x33, 0x20, 0x5f, 0x74, 0x72, 0x75, 0x65, 0x2c, 0x20, // d, uvec3 _true, 
	0x75, 0x76, 0x65, 0x63, 0x33, 0x20, 0x5f, 0x66, 0x61, 0x6c, 0x73, 0x65, 0x29, 0x20, 0x7b, 0x20, // uvec3 _false) { 
	0x72, 0x65, 0x74, 0x75, 0x72, 0x6e, 0x20, 0x5f, 0x63, 0x6f, 0x6e, 0x64, 0x20, 0x3f, 0x20, 0x5f, // return _cond ? _
	0x74, 0x72, 0x75, 0x65, 0x20, 0x3a, 0x20, 0x5f, 0x66, 0x61, 0x6c, 0x73, 0x65, 0x3b, 0x20, 0x7d, // true : _false; }
	0x0a, 0x75, 0x76, 0x65, 0x63, 0x34, 0x20, 0x73, 0x65, 0x6c, 0x65, 0x63, 0x74, 0x28, 0x62, 0x6f, // .uvec4 select(bo
	0x6f, 0x6c, 0x20, 0x5f, 0x63, 0x6f, 0x6e, 0x64, 0x2c, 0x20, 0x75, 0x76, 0x65, 0x63, 0x34, 0x20, // ol _cond, uvec4 
	0x5f, 0x74, 0x72, 0x75, 0x65, 0x2c, 0x20, 0x75, 0x76, 0x65, 0x63, 0x34, 0x20, 0x5f, 0x66, 0x61, // _true, uvec4 _fa
	0x6c, 0x73, 0x65, 0x29, 0x20, 0x7b, 0x20, 0x72, 0x65, 0x74, 0x75, 0x72, 0x6e, 0x20, 0x5f, 0x63, // lse) { return _c
	0x6f, 0x6e, 0x64, 0x20, 0x3f, 0x20, 0x5f, 0x74, 0x72, 0x75, 0x65, 0x20, 0x3a, 0x20, 0x5f, 0x66, // ond ? _true : _f
	0x61, 0x6c, 0x73, 0x65, 0x3b, 0x20, 0x7d, 0x0a, 0x75, 0x76, 0x65, 0x63, 0x32, 0x20, 0x73, 0x65, // alse; }.uvec2 se
	0x6c, 0x65, 0x63, 0x74, 0x28, 0x62, 0x76, 0x65, 0x63, 0x32, 0x20, 0x5f, 0x63, 0x6f, 0x6e, 0x64, // lect(bvec2 _cond
	0x2c, 0x20, 0x75, 0x76, 0x65, 0x63, 0x32, 0x20, 0x5f, 0x74, 0x72, 0x75, 0x65, 0x2c, 0x20, 0x75, // , uvec2 _true, u
	0x76, 0x65, 0x63, 0x32, 0x20, 0x5f, 0x66, 0x61, 0x6c, 0x73, 0x65, 0x29, 0x20, 0x7b, 0x20, 0x72, // vec2 _false) { r
	0x65, 0x74, 0x75, 0x72, 0x6e, 0x20, 0x28, 0x75, 0x76, 0x65, 0x63, 0x32, 0x28, 0x5f, 0x63, 0x6f, // eturn (uvec2(_co
	0x6e, 0x64, 0x29, 0x20, 0x2a, 0x20, 0x5f, 0x74, 0x72, 0x75, 0x65, 0x29, 0x20, 0x2b, 0x20, 0x28, // nd) * _true) + (
	0x75, 0x76, 0x65, 0x63, 0x32, 0x28, 0x6e, 0x6f, 0x74, 0x28, 0x5f, 0x63, 0x6f, 0x6e, 0x64, 0x29, // uvec2(not(_cond)
	0x20, 0x29, 0x20, 0x2a, 0x20, 0x5f, 0x66, 0x61, 0x6c, 0x73, 0x65, 0x29, 0x3b, 0x20, 0x7d, 0x0a, //  ) * _false); }.
	0x75, 0x76, 0x65, 0x63, 0x33, 0x20, 0x73, 0x65, 0x6c, 0x65, 0x63, 0x74, 0x28, 0x62, 0x76, 0x65, // uvec3 select(bve
	0x63, 0x33, 0x20, 0x5f, 0x63, 0x6f, 0x6e, 0x64, 0x2c, 0x20, 0x75, 0x76, 0x65, 0x63, 0x33, 0x20, // c3 _cond, uvec3 
	0x5f, 0x74, 0x72, 0x75, 0x65, 0x2c, 0x20, 0x75, 0x76, 0x65, 0x63, 0x33, 0x20, 0x5f, 0x66, 0x61, // _true, uvec3 _fa
	0x6c, 0x73, 0x65, 0x29, 0x20, 0x7b, 0x20, 0x72, 0x65, 0x74, 0x75, 0x72, 0x6e, 0x20, 0x28, 0x75, // lse) { return (u
	0x76, 0x65, 0x63, 0x33, 0x28, 0x5f, 0x63, 0x6f, 0x6e, 0x64, 0x29, 0x20, 0x2a, 0x20, 0x5f, 0x74, // vec3(_cond) * _t
	0x72, 0x75, 0x65, 0x29, 0x20, 0x2b, 0x20, 0x28, 0x75, 0x76, 0x65, 0x63, 0x33, 0x28, 0x6e, 0x6f, // rue) + (uvec3(no
	0x74, 0x28, 0x5f, 0x63, 0x6f, 0x6e, 0x64, 0x29, 0x20, 0x29, 0x20, 0x2a, 0x20, 0x5f, 0x66, 0x61, // t(_cond) ) * _fa
	0x6c, 0x73, 0x65, 0x29, 0x3b, 0x20, 0x7d, 0x0a, 0x75, 0x76, 0x65, 0x63, 0x34, 0x20, 0x73, 0x65, // lse); }.uvec4 se
	0x6c, 0x65, 0x63, 0x74, 0x28, 0x62, 0x76, 0x65, 0x63, 0x34, 0x20, 0x5f, 0x63, 0x6f, 0x6e, 0x64, // lect(bvec4 _cond
	0x2c, 0x20, 0x75, 0x76, 0x65, 0x63, 0x34, 0x20, 0x5f, 0x74, 0x72, 0x75, 0x65, 0x2c, 0x20, 0x75, // , uvec4 _true, u
	0x76, 0x65, 0x63, 0x34, 0x20, 0x5f, 0x66, 0x61, 0x6c, 0x73, 0x65, 0x29, 0x20, 0x7b, 0x20, 0x72, // vec4 _false) { r
	0x65, 0x74, 0x75, 0x72, 0x6e, 0x20, 0x28, 0x75, 0x76, 0x65, 0x63, 0x34, 0x28, 0x5f, 0x63, 0x6f, // eturn (uvec4(_co
	0x6e, 0x64, 0x29, 0x20, 0x2a, 0x20, 0x5f, 0x74, 0x72, 0x75, 0x65, 0x29, 0x20, 0x2b, 0x20, 0x28, // nd) * _true) + (
	0x75, 0x76, 0x65, 0x63, 0x34, 0x28, 0x6e, 0x6f, 0x74, 0x28, 0x5f, 0x63, 0x6f, 0x6e, 0x64, 0x29, // uvec4(not(_cond)
	0x20, 0x29, 0x20, 0x2a, 0x20, 0x5f, 0x66, 0x61, 0x6c, 0x73, 0x65, 0x29, 0x3b, 0x20, 0x7d, 0x0a, //  ) * _false); }.
	0x75, 0x6e, 0x69, 0x66, 0x6f, 0x72, 0x6d, 0x20, 0x76, 0x65, 0x63, 0x34, 0x20, 0x75, 0x5f, 0x76, // uniform vec4 u_v
	0x69, 0x65, 0x77, 0x52, 0x65, 0x63, 0x74, 0x3b, 0x0a, 0x75, 0x6e, 0x69, 0x66, 0x6f, 0x72, 0x6d, // iewRect;.uniform
	0x20, 0x76, 0x65, 0x63, 0x34, 0x20, 0x75, 0x5f, 0x76, 0x69, 0x65, 0x77, 0x54, 0x65, 0x78, 0x65, //  vec4 u_viewTexe
	0x6c, 0x3b, 0x0a, 0x75, 0x6e, 0x69, 0x66, 0x6f, 0x72, 0x6d, 0x20, 0x6d, 0x61, 0x74, 0x34, 0x20, // l;.uniform mat4 
	0x75, 0x5f, 0x76, 0x69, 0x65, 0x77, 0x3b, 0x0a, 0x75, 0x6e, 0x69, 0x66, 0x6f, 0x72, 0x6d, 0x20, // u_view;.uniform 
	0x6d, 0x61, 0x74, 0x34, 0x20, 0x75, 0x5f, 0x69, 0x6e, 0x76, 0x56, 0x69, 0x65, 0x77, 0x3b, 0x0a, // mat4 u_invView;.
	0x75, 0x6e, 0x69, 0x66, 0x6f, 0x72, 0x6d, 0x20, 0x6d, 0x61, 0x74, 0x34, 0x20, 0x75, 0x5f, 0x70, // uniform mat4 u_p
	0x72, 0x6f, 0x6a, 0x3b, 0x0a, 0x75, 0x6e, 0x69, 0x66, 0x6f, 0x72, 0x6d, 0x20, 0x6d, 0x61, 0x74, // roj;.uniform mat
	0x34, 0x20, 0x75, 0x5f, 0x69, 0x6e, 0x76, 0x50, 0x72, 0x6f, 0x6a, 0x3b, 0x0a, 0x75, 0x6e, 0x69, // 4 u_invProj;.uni
	0x66, 0x6f, 0x72, 0x6d, 0x20, 0x6d, 0x61, 0x74, 0x34, 0x20, 0x75, 0x5f, 0x76, 0x69, 0x65, 0x77, // form mat4 u_view
	0x50, 0x72, 0x6f, 0x6a, 0x3b, 0x0a, 0x75, 0x6e, 0x69, 0x66, 0x6f, 0x72, 0x6d, 0x20, 0x6d, 0x61, // Proj;.uniform ma
	0x74, 0x34, 0x20, 0x75, 0x5f, 0x69, 0x6e, 0x76, 0x56, 0x69, 0x65, 0x77, 0x50, 0x72, 0x6f, 0x6a, // t4 u_invViewProj
	0x3b, 0x0a, 0x75, 0x6e, 0x69, 0x66, 0x6f, 0x72, 0x6d, 0x20, 0x6d, 0x61, 0x74, 0x34, 0x20, 0x75, // ;.uniform mat4 u
	0x5f, 0x6d, 0x6f, 0x64, 0x65, 0x6c, 0x56, 0x69, 0x65, 0x77, 0x3b, 0x0a, 0x75, 0x6e, 0x69, 0x66, // _modelView;.unif
	0x6f, 0x72, 0x6d, 0x20, 0x6d, 0x61, 0x74, 0x34, 0x20, 0x75, 0x5f, 0x69, 0x6e, 0x76, 0x4d, 0x6f, // orm mat4 u_invMo
	0x64, 0x65, 0x6c, 0x56, 0x69, 0x65, 0x77, 0x3b, 0x0a, 0x75, 0x6e, 0x69, 0x66, 0x6f, 0x72, 0x6d, // delView;.uniform
	0x20, 0x6d, 0x61, 0x74, 0x34, 0x20, 0x75, 0x5f, 0x6d, 0x6f, 0x64, 0x65, 0x6c, 0x56, 0x69, 0x65, //  mat4 u_modelVie
	0x77, 0x50, 0x72, 0x6f, 0x6a, 0x3b, 0x0a, 0x75, 0x6e, 0x69, 0x66, 0x6f, 0x72, 0x6d, 0x20, 0x76, // wProj;.uniform v
	0x65, 0x63, 0x34, 0x20, 0x75, 0x5f, 0x61, 0x6c, 0x70, 0x68, 0x61, 0x52, 0x65, 0x66, 0x34, 0x3b, // ec4 u_alphaRef4;
	0x0a, 0x75, 0x6e, 0x69, 0x66, 0x6f, 0x72, 0x6d, 0x20, 0x6d, 0x61, 0x74, 0x34, 0x20, 0x75, 0x5f, // .uniform mat4 u_
	0x6d, 0x6f, 0x64, 0x65, 0x6c, 0x5b, 0x31, 0x5d, 0x3b, 0x0a, 0x76, 0x6f, 0x69, 0x64, 0x20, 0x6d, // model[1];.void m
	0x61, 0x69, 0x6e, 0x28, 0x29, 0x0a, 0x7b, 0x0a, 0x67, 0x6c, 0x5f, 0x50, 0x6f, 0x73, 0x69, 0x74, // ain().{.gl_Posit
	0x69, 0x6f, 0x6e, 0x20, 0x3d, 0x20, 0x28, 0x20, 0x28, 0x75, 0x5f, 0x76, 0x69, 0x65, 0x77, 0x50, // ion = ( (u_viewP
	0x72, 0x6f, 0x6a, 0x29, 0x20, 0x2a, 0x20, 0x28, 0x76, 0x65, 0x63, 0x34, 0x28, 0x61, 0x5f, 0x70, // roj) * (vec4(a_p
	0x6f, 0x73, 0x69, 0x74, 0x69, 0x6f, 0x6e, 0x2c, 0x20, 0x30, 0x2e, 0x30, 0x2c, 0x20, 0x31, 0x2e, // osition, 0.0, 1.
	0x30, 0x29, 0x29, 0x20, 0x29, 0x3b, 0x0a, 0x76, 0x5f, 0x63, 0x6f, 0x6c, 0x6f, 0x72, 0x30, 0x20, // 0)) );.v_color0 
	0x3d, 0x20, 0x61, 0x5f, 0x63, 0x6f, 0x6c, 0x6f, 0x72, 0x30, 0x3b, 0x0a, 0x7d, 0x0a, 0x00,       // = a_color0;.}..
};

static const uint8_t quad_vs_wgsl[740] =
{
	0x56, 0x53, 0x48, 0x0b, 0x00, 0x00, 0x00, 0x00, 0xa4, 0x8b, 0xef, 0x49, 0x01, 0x00, 0x0a, 0x75, // VSH........I...u
	0x5f, 0x76, 0x69, 0x65, 0x77, 0x50, 0x72, 0x6f, 0x6a, 0x04, 0x01, 0x00, 0x00, 0x04, 0x00, 0x00, // _viewProj.......
	0x00, 0x00, 0x00, 0xb3, 0x02, 0x00, 0x00, 0x64, 0x69, 0x61, 0x67, 0x6e, 0x6f, 0x73, 0x74, 0x69, // .......diagnosti
	0x63, 0x28, 0x6f, 0x66, 0x66, 0x2c, 0x20, 0x64, 0x65, 0x72, 0x69, 0x76, 0x61, 0x74, 0x69, 0x76, // c(off, derivativ
	0x65, 0x5f, 0x75, 0x6e, 0x69, 0x66, 0x6f, 0x72, 0x6d, 0x69, 0x74, 0x79, 0x29, 0x3b, 0x0a, 0x64, // e_uniformity);.d
	0x69, 0x61, 0x67, 0x6e, 0x6f, 0x73, 0x74, 0x69, 0x63, 0x28, 0x6f, 0x66, 0x66, 0x2c, 0x20, 0x73, // iagnostic(off, s
	0x75, 0x62, 0x67, 0x72, 0x6f, 0x75, 0x70, 0x5f, 0x75, 0x6e, 0x69, 0x66, 0x6f, 0x72, 0x6d, 0x69, // ubgroup_uniformi
	0x74, 0x79, 0x29, 0x3b, 0x0a, 0x0a, 0x73, 0x74, 0x72, 0x75, 0x63, 0x74, 0x20, 0x55, 0x6e, 0x69, // ty);..struct Uni
	0x66, 0x6f, 0x72, 0x6d, 0x42, 0x6c, 0x6f, 0x63, 0x6b, 0x5f, 0x31, 0x5f, 0x31, 0x20, 0x7b, 0x0a, // formBlock_1_1 {.
	0x20, 0x20, 0x75, 0x5f, 0x76, 0x69, 0x65, 0x77, 0x50, 0x72, 0x6f, 0x6a, 0x20, 0x3a, 0x20, 0x6d, //   u_viewProj : m
	0x61, 0x74, 0x34, 0x78, 0x34, 0x3c, 0x66, 0x33, 0x32, 0x3e, 0x2c, 0x0a, 0x7d, 0x0a, 0x0a, 0x40, // at4x4<f32>,.}..@
	0x67, 0x72, 0x6f, 0x75, 0x70, 0x28, 0x30, 0x75, 0x29, 0x20, 0x40, 0x62, 0x69, 0x6e, 0x64, 0x69, // group(0u) @bindi
	0x6e, 0x67, 0x28, 0x30, 0x75, 0x29, 0x20, 0x76, 0x61, 0x72, 0x3c, 0x75, 0x6e, 0x69, 0x66, 0x6f, // ng(0u) var<unifo
	0x72, 0x6d, 0x3e, 0x20, 0x76, 0x20, 0x3a, 0x20, 0x55, 0x6e, 0x69, 0x66, 0x6f, 0x72, 0x6d, 0x42, // rm> v : UniformB
	0x6c, 0x6f, 0x63, 0x6b, 0x5f, 0x31, 0x5f, 0x31, 0x3b, 0x0a, 0x0a, 0x76, 0x61, 0x72, 0x3c, 0x70, // lock_1_1;..var<p
	0x72, 0x69, 0x76, 0x61, 0x74, 0x65, 0x3e, 0x20, 0x76, 0x5f, 0x31, 0x20, 0x3a, 0x20, 0x76, 0x65, // rivate> v_1 : ve
	0x63, 0x34, 0x3c, 0x66, 0x33, 0x32, 0x3e, 0x3b, 0x0a, 0x0a, 0x76, 0x61, 0x72, 0x3c, 0x70, 0x72, // c4<f32>;..var<pr
	0x69, 0x76, 0x61, 0x74, 0x65, 0x3e, 0x20, 0x76, 0x5f, 0x32, 0x20, 0x3a, 0x20, 0x76, 0x65, 0x63, // ivate> v_2 : vec
	0x34, 0x3c, 0x66, 0x33, 0x32, 0x3e, 0x3b, 0x0a, 0x0a, 0x66, 0x6e, 0x20, 0x6d, 0x61, 0x69, 0x6e, // 4<f32>;..fn main
	0x5f, 0x69, 0x6e, 0x6e, 0x65, 0x72, 0x28, 0x61, 0x5f, 0x63, 0x6f, 0x6c, 0x6f, 0x72, 0x30, 0x20, // _inner(a_color0 
	0x3a, 0x20, 0x76, 0x65, 0x63, 0x34, 0x3c, 0x66, 0x33, 0x32, 0x3e, 0x2c, 0x20, 0x61, 0x5f, 0x70, // : vec4<f32>, a_p
	0x6f, 0x73, 0x69, 0x74, 0x69, 0x6f, 0x6e, 0x20, 0x3a, 0x20, 0x76, 0x65, 0x63, 0x32, 0x3c, 0x66, // osition : vec2<f
	0x33, 0x32, 0x3e, 0x29, 0x20, 0x7b, 0x0a, 0x20, 0x20, 0x76, 0x5f, 0x31, 0x20, 0x3d, 0x20, 0x28, // 32>) {.  v_1 = (
	0x76, 0x2e, 0x75, 0x5f, 0x76, 0x69, 0x65, 0x77, 0x50, 0x72, 0x6f, 0x6a, 0x20, 0x2a, 0x20, 0x76, // v.u_viewProj * v
	0x65, 0x63, 0x34, 0x3c, 0x66, 0x33, 0x32, 0x3e, 0x28, 0x61, 0x5f, 0x70, 0x6f, 0x73, 0x69, 0x74, // ec4<f32>(a_posit
	0x69, 0x6f, 0x6e, 0x2e, 0x78, 0x2c, 0x20, 0x61, 0x5f, 0x70, 0x6f, 0x73, 0x69, 0x74, 0x69, 0x6f, // ion.x, a_positio
	0x6e, 0x2e, 0x79, 0x2c, 0x20, 0x30, 0x2e, 0x30, 0x66, 0x2c, 0x20, 0x31, 0x2e, 0x30, 0x66, 0x29, // n.y, 0.0f, 1.0f)
	0x29, 0x3b, 0x0a, 0x20, 0x20, 0x76, 0x5f, 0x32, 0x20, 0x3d, 0x20, 0x61, 0x5f, 0x63, 0x6f, 0x6c, // );.  v_2 = a_col
	0x6f, 0x72, 0x30, 0x3b, 0x0a, 0x7d, 0x0a, 0x0a, 0x73, 0x74, 0x72, 0x75, 0x63, 0x74, 0x20, 0x74, // or0;.}..struct t
	0x69, 0x6e, 0x74, 0x5f, 0x73, 0x79, 0x6d, 0x62, 0x6f, 0x6c, 0x20, 0x7b, 0x0a, 0x20, 0x20, 0x40, // int_symbol {.  @
	0x62, 0x75, 0x69, 0x6c, 0x74, 0x69, 0x6e, 0x28, 0x70, 0x6f, 0x73, 0x69, 0x74, 0x69, 0x6f, 0x6e, // builtin(position
	0x29, 0x0a, 0x20, 0x20, 0x6d, 0x20, 0x3a, 0x20, 0x76, 0x65, 0x63, 0x34, 0x3c, 0x66, 0x33, 0x32, // ).  m : vec4<f32
	0x3e, 0x2c, 0x0a, 0x20, 0x20, 0x40, 0x6c, 0x6f, 0x63, 0x61, 0x74, 0x69, 0x6f, 0x6e, 0x28, 0x30, // >,.  @location(0
	0x75, 0x29, 0x0a, 0x20, 0x20, 0x6d, 0x5f, 0x31, 0x20, 0x3a, 0x20, 0x76, 0x65, 0x63, 0x34, 0x3c, // u).  m_1 : vec4<
	0x66, 0x33, 0x32, 0x3e, 0x2c, 0x0a, 0x7d, 0x0a, 0x0a, 0x40, 0x76, 0x65, 0x72, 0x74, 0x65, 0x78, // f32>,.}..@vertex
	0x0a, 0x66, 0x6e, 0x20, 0x6d, 0x61, 0x69, 0x6e, 0x28, 0x40, 0x6c, 0x6f, 0x63, 0x61, 0x74, 0x69, // .fn main(@locati
	0x6f, 0x6e, 0x28, 0x30, 0x75, 0x29, 0x20, 0x61, 0x5f, 0x63, 0x6f, 0x6c, 0x6f, 0x72, 0x30, 0x20, // on(0u) a_color0 
	0x3a, 0x20, 0x76, 0x65, 0x63, 0x34, 0x3c, 0x66, 0x33, 0x32, 0x3e, 0x2c, 0x20, 0x40, 0x6c, 0x6f, // : vec4<f32>, @lo
	0x63, 0x61, 0x74, 0x69, 0x6f, 0x6e, 0x28, 0x31, 0x75, 0x29, 0x20, 0x61, 0x5f, 0x70, 0x6f, 0x73, // cation(1u) a_pos
	0x69, 0x74, 0x69, 0x6f, 0x6e, 0x20, 0x3a, 0x20, 0x76, 0x65, 0x63, 0x32, 0x3c, 0x66, 0x33, 0x32, // ition : vec2<f32
	0x3e, 0x29, 0x20, 0x2d, 0x3e, 0x20, 0x74, 0x69, 0x6e, 0x74, 0x5f, 0x73, 0x79, 0x6d, 0x62, 0x6f, // >) -> tint_symbo
	0x6c, 0x20, 0x7b, 0x0a, 0x20, 0x20, 0x6d, 0x61, 0x69, 0x6e, 0x5f, 0x69, 0x6e, 0x6e, 0x65, 0x72, // l {.  main_inner
	0x28, 0x61, 0x5f, 0x63, 0x6f, 0x6c, 0x6f, 0x72, 0x30, 0x2c, 0x20, 0x61, 0x5f, 0x70, 0x6f, 0x73, // (a_color0, a_pos
	0x69, 0x74, 0x69, 0x6f, 0x6e, 0x29, 0x3b, 0x0a, 0x20, 0x20, 0x72, 0x65, 0x74, 0x75, 0x72, 0x6e, // ition);.  return
	0x20, 0x74, 0x69, 0x6e, 0x74, 0x5f, 0x73, 0x79, 0x6d, 0x62, 0x6f, 0x6c, 0x28, 0x76, 0x5f, 0x31, //  tint_symbol(v_1
	0x2c, 0x20, 0x76, 0x5f, 0x32, 0x29, 0x3b, 0x0a, 0x7d, 0x0a, 0x00, 0x02, 0x05, 0x00, 0x01, 0x00, // , v_2);.}.......
	0x40, 0x00, 0x40, 0x00,                                                                         // @.@.
};

static const uint8_t quad_vs_mtl[723] =
{
	0x56, 0x53, 0x48, 0x0b, 0x00, 0x00, 0x00, 0x00, 0xa4, 0x8b, 0xef, 0x49, 0x01, 0x00, 0x0a, 0x75, // VSH........I...u
	0x5f, 0x76, 0x69, 0x65, 0x77, 0x50, 0x72, 0x6f, 0x6a, 0x04, 0x01, 0x00, 0x00, 0x04, 0x00, 0x00, // _viewProj.......
	0x00, 0x00, 0x00, 0xa4, 0x02, 0x00, 0x00, 0x23, 0x69, 0x6e, 0x63, 0x6c, 0x75, 0x64, 0x65, 0x20, // .......#include 
	0x3c, 0x6d, 0x65, 0x74, 0x61, 0x6c, 0x5f, 0x73, 0x74, 0x64, 0x6c, 0x69, 0x62, 0x3e, 0x0a, 0x23, // <metal_stdlib>.#
	0x69, 0x6e, 0x63, 0x6c, 0x75, 0x64, 0x65, 0x20, 0x3c, 0x73, 0x69, 0x6d, 0x64, 0x2f, 0x73, 0x69, // include <simd/si
	0x6d, 0x64, 0x2e, 0x68, 0x3e, 0x0a, 0x0a, 0x75, 0x73, 0x69, 0x6e, 0x67, 0x20, 0x6e, 0x61, 0x6d, // md.h>..using nam
	0x65, 0x73, 0x70, 0x61, 0x63, 0x65, 0x20, 0x6d, 0x65, 0x74, 0x61, 0x6c, 0x3b, 0x0a, 0x0a, 0x73, // espace metal;..s
	0x74, 0x72, 0x75, 0x63, 0x74, 0x20, 0x5f, 0x47, 0x6c, 0x6f, 0x62, 0x61, 0x6c, 0x0a, 0x7b, 0x0a, // truct _Global.{.
	0x20, 0x20, 0x20, 0x20, 0x66, 0x6c, 0x6f, 0x61, 0x74, 0x34, 0x78, 0x34, 0x20, 0x75, 0x5f, 0x76, //     float4x4 u_v
	0x69, 0x65, 0x77, 0x50, 0x72, 0x6f, 0x6a, 0x3b, 0x0a, 0x7d, 0x3b, 0x0a, 0x0a, 0x73, 0x74, 0x72, // iewProj;.};..str
	0x75, 0x63, 0x74, 0x20, 0x78, 0x6c, 0x61, 0x74, 0x4d, 0x74, 0x6c, 0x4d, 0x61, 0x69, 0x6e, 0x5f, // uct xlatMtlMain_
	0x6f, 0x75, 0x74, 0x0a, 0x7b, 0x0a, 0x09, 0x66, 0x6c, 0x6f, 0x61, 0x74, 0x20, 0x62, 0x67, 0x66, // out.{..float bgf
	0x78, 0x5f, 0x6d, 0x65, 0x74, 0x61, 0x6c, 0x5f, 0x70, 0x6f, 0x69, 0x6e, 0x74, 0x53, 0x69, 0x7a, // x_metal_pointSiz
	0x65, 0x20, 0x5b, 0x5b, 0x70, 0x6f, 0x69, 0x6e, 0x74, 0x5f, 0x73, 0x69, 0x7a, 0x65, 0x5d, 0x5d, // e [[point_size]]
	0x20, 0x3d, 0x20, 0x31, 0x3b, 0x0a, 0x20, 0x20, 0x20, 0x20, 0x66, 0x6c, 0x6f, 0x61, 0x74, 0x34, //  = 1;.    float4
	0x20, 0x5f, 0x65, 0x6e, 0x74, 0x72, 0x79, 0x50, 0x6f, 0x69, 0x6e, 0x74, 0x4f, 0x75, 0x74, 0x70, //  _entryPointOutp
	0x75, 0x74, 0x5f, 0x76, 0x5f, 0x63, 0x6f, 0x6c, 0x6f, 0x72, 0x30, 0x20, 0x5b, 0x5b, 0x75, 0x73, // ut_v_color0 [[us
	0x65, 0x72, 0x28, 0x6c, 0x6f, 0x63, 0x6e, 0x30, 0x29, 0x5d, 0x5d, 0x3b, 0x0a, 0x20, 0x20, 0x20, // er(locn0)]];.   
	0x20, 0x66, 0x6c, 0x6f, 0x61, 0x74, 0x34, 0x20, 0x67, 0x6c, 0x5f, 0x50, 0x6f, 0x73, 0x69, 0x74, //  float4 gl_Posit
	0x69, 0x6f, 0x6e, 0x20, 0x5b, 0x5b, 0x70, 0x6f, 0x73, 0x69, 0x74, 0x69, 0x6f, 0x6e, 0x5d, 0x5d, // ion [[position]]
	0x3b, 0x0a, 0x7d, 0x3b, 0x0a, 0x0a, 0x73, 0x74, 0x72, 0x75, 0x63, 0x74, 0x20, 0x78, 0x6c, 0x61, // ;.};..struct xla
	0x74, 0x4d, 0x74, 0x6c, 0x4d, 0x61, 0x69, 0x6e, 0x5f, 0x69, 0x6e, 0x0a, 0x7b, 0x0a, 0x20, 0x20, // tMtlMain_in.{.  
	0x20, 0x20, 0x66, 0x6c, 0x6f, 0x61, 0x74, 0x34, 0x20, 0x61, 0x5f, 0x63, 0x6f, 0x6c, 0x6f, 0x72, //   float4 a_color
	0x30, 0x20, 0x5b, 0x5b, 0x61, 0x74, 0x74, 0x72, 0x69, 0x62, 0x75, 0x74, 0x65, 0x28, 0x30, 0x29, // 0 [[attribute(0)
	0x5d, 0x5d, 0x3b, 0x0a, 0x20, 0x20, 0x20, 0x20, 0x66, 0x6c, 0x6f, 0x61, 0x74, 0x32, 0x20, 0x61, // ]];.    float2 a
	0x5f, 0x70, 0x6f, 0x73, 0x69, 0x74, 0x69, 0x6f, 0x6e, 0x20, 0x5b, 0x5b, 0x61, 0x74, 0x74, 0x72, // _position [[attr
	0x69, 0x62, 0x75, 0x74, 0x65, 0x28, 0x31, 0x29, 0x5d, 0x5d, 0x3b, 0x0a, 0x7d, 0x3b, 0x0a, 0x0a, // ibute(1)]];.};..
	0x76, 0x65, 0x72, 0x74, 0x65, 0x78, 0x20, 0x78, 0x6c, 0x61, 0x74, 0x4d, 0x74, 0x6c, 0x4d, 0x61, // vertex xlatMtlMa
	0x69, 0x6e, 0x5f, 0x6f, 0x75, 0x74, 0x20, 0x78, 0x6c, 0x61, 0x74, 0x4d, 0x74, 0x6c, 0x4d, 0x61, // in_out xlatMtlMa
	0x69, 0x6e, 0x28, 0x78, 0x6c, 0x61, 0x74, 0x4d, 0x74, 0x6c, 0x4d, 0x61, 0x69, 0x6e, 0x5f, 0x69, // in(xlatMtlMain_i
	0x6e, 0x20, 0x69, 0x6e, 0x20, 0x5b, 0x5b, 0x73, 0x74, 0x61, 0x67, 0x65, 0x5f, 0x69, 0x6e, 0x5d, // n in [[stage_in]
	0x5d, 0x2c, 0x20, 0x63, 0x6f, 0x6e, 0x73, 0x74, 0x61, 0x6e, 0x74, 0x20, 0x5f, 0x47, 0x6c, 0x6f, // ], constant _Glo
	0x62, 0x61, 0x6c, 0x26, 0x20, 0x5f, 0x6d, 0x74, 0x6c, 0x5f, 0x75, 0x20, 0x5b, 0x5b, 0x62, 0x75, // bal& _mtl_u [[bu
	0x66, 0x66, 0x65, 0x72, 0x28, 0x30, 0x29, 0x5d, 0x5d, 0x29, 0x0a, 0x7b, 0x0a, 0x20, 0x20, 0x20, // ffer(0)]]).{.   
	0x20, 0x78, 0x6c, 0x61, 0x74, 0x4d, 0x74, 0x6c, 0x4d, 0x61, 0x69, 0x6e, 0x5f, 0x6f, 0x75, 0x74, //  xlatMtlMain_out
	0x20, 0x6f, 0x75, 0x74, 0x20, 0x3d, 0x20, 0x7b, 0x7d, 0x3b, 0x0a, 0x20, 0x20, 0x20, 0x20, 0x6f, //  out = {};.    o
	0x75, 0x74, 0x2e, 0x67, 0x6c, 0x5f, 0x50, 0x6f, 0x73, 0x69, 0x74, 0x69, 0x6f, 0x6e, 0x20, 0x3d, // ut.gl_Position =
	0x20, 0x5f, 0x6d, 0x74, 0x6c, 0x5f, 0x75, 0x2e, 0x75, 0x5f, 0x76, 0x69, 0x65, 0x77, 0x50, 0x72, //  _mtl_u.u_viewPr
	0x6f, 0x6a, 0x20, 0x2a, 0x20, 0x66, 0x6c, 0x6f, 0x61, 0x74, 0x34, 0x28, 0x69, 0x6e, 0x2e, 0x61, // oj * float4(in.a
	0x5f, 0x70, 0x6f, 0x73, 0x69, 0x74, 0x69, 0x6f, 0x6e, 0x2c, 0x20, 0x30, 0x2e, 0x30, 0x2c, 0x20, // _position, 0.0, 
	0x31, 0x2e, 0x30, 0x29, 0x3b, 0x0a, 0x20, 0x20, 0x20, 0x20, 0x6f, 0x75, 0x74, 0x2e, 0x5f, 0x65, // 1.0);.    out._e
	0x6e, 0x74, 0x72, 0x79, 0x50, 0x6f, 0x69, 0x6e, 0x74, 0x4f, 0x75, 0x74, 0x70, 0x75, 0x74, 0x5f, // ntryPointOutput_
	0x76, 0x5f, 0x63, 0x6f, 0x6c, 0x6f, 0x72, 0x30, 0x20, 0x3d, 0x20, 0x69, 0x6e, 0x2e, 0x61, 0x5f, // v_color0 = in.a_
	0x63, 0x6f, 0x6c, 0x6f, 0x72, 0x30, 0x3b, 0x0a, 0x20, 0x20, 0x20, 0x20, 0x72, 0x65, 0x74, 0x75, // color0;.    retu
	0x72, 0x6e, 0x20, 0x6f, 0x75, 0x74, 0x3b, 0x0a, 0x7d, 0x0a, 0x0a, 0x00, 0x02, 0x05, 0x00, 0x01, // rn out;.}.......
	0x00, 0x40, 0x00,                                                                               // .@.
};

